game_id,season,week,team,opponent,off_epa,off_plays,pass_epa,pass_plays,rush_epa,rush_plays
2025_01_ARI_NO,2025,1,ari,no,4.077001769189074,66,5.392743648386583,41,-1.3157418791975068,25
2025_01_ARI_NO,2025,1,no,ari,-4.171200673700572,73,-0.7157295807199784,51,-3.4554710929805923,22
2025_01_BAL_BUF,2025,1,bal,buf,20.116198004153542,51,12.192281024308715,23,7.923916979844826,28
2025_01_BAL_BUF,2025,1,buf,bal,23.60373145601736,78,24.708236240470082,54,-1.104504784452722,24
2025_01_CAR_JAX,2025,1,car,jax,-11.10048355304242,63,-9.242930139962835,43,-1.8575534130795845,20
2025_01_CAR_JAX,2025,1,jax,car,6.492363059276773,63,2.257683486612426,33,4.234679572664347,30
2025_01_CIN_CLE,2025,1,cin,cle,-3.807806511639589,52,-0.5406730377552679,29,-3.267133473884322,23
2025_01_CIN_CLE,2025,1,cle,cin,-2.4349428244214164,76,-0.9249828287330122,53,-1.5099599956884027,23
2025_01_DAL_PHI,2025,1,dal,phi,6.247929561407037,60,5.220444010269087,39,1.027485551137949,21
2025_01_DAL_PHI,2025,1,phi,dal,9.466558611658249,59,8.234645691290337,33,1.2319129203679124,26
2025_01_DET_GB,2025,1,det,gb,-4.144678065203036,66,1.9949990329342966,44,-6.13967709813733,22
2025_01_DET_GB,2025,1,gb,det,10.647695613179568,47,11.387845537936894,24,-0.7401499247573265,23
2025_01_HOU_LA,2025,1,hou,lar,-9.116530763933984,63,-5.027451262360992,38,-4.089079501572991,25
2025_01_HOU_LA,2025,1,lar,hou,-4.158295443106934,58,0.5667709495755548,34,-4.725066392682488,24
2025_01_KC_LAC,2025,1,kc,lac,11.312295421571758,59,10.659640874502069,47,0.6526545470696867,12
2025_01_KC_LAC,2025,1,lac,kc,17.50514159727518,62,18.836633132226044,43,-1.3314915349508656,19
2025_01_LV_NE,2025,1,lv,ne,6.144413543412554,61,14.366887216966726,38,-8.222473673554173,23
2025_01_LV_NE,2025,1,ne,lv,-3.2500048899864877,71,2.3828467701487224,54,-5.632851660135207,17
2025_01_MIA_IND,2025,1,ind,mia,15.451748669034203,73,12.248798401356362,34,3.2029502676778394,39
2025_01_MIA_IND,2025,1,mia,ind,-13.123731192841657,46,-16.99778434069593,36,3.874053147854276,10
2025_01_MIN_CHI,2025,1,chi,min,-3.576945908180576,67,0.5942136957143495,46,-4.17115960389492,21
2025_01_MIN_CHI,2025,1,min,chi,-4.7319480992923255,54,-4.057196440775848,28,-0.6747516585164803,26
2025_01_NYG_WAS,2025,1,nyg,wsh,-9.403177072933147,68,-6.260694055176527,51,-3.142483017756617,17
2025_01_NYG_WAS,2025,1,wsh,nyg,10.405958581541162,67,4.035401615023112,41,6.370556966518054,26
2025_01_PIT_NYJ,2025,1,nyj,pit,15.460407223927596,62,11.341554623533742,25,4.118852600393861,37
2025_01_PIT_NYJ,2025,1,pit,nyj,11.016758557201799,55,12.193725704008218,36,-1.176967146806418,19
2025_01_SF_SEA,2025,1,sea,sf,-9.08685573474321,51,-5.845859619029122,26,-3.2409961157140867,25
2025_01_SF_SEA,2025,1,sf,sea,9.272204063012756,74,17.25503227972731,42,-7.982828216714556,32
2025_01_TB_ATL,2025,1,atl,tb,5.638507126128559,75,18.05778128179026,51,-12.419274155661704,24
2025_01_TB_ATL,2025,1,tb,atl,7.956189928462681,57,11.359810567638325,38,-3.403620639175643,19
2025_01_TEN_DEN,2025,1,den,ten,-10.832513222014459,74,-8.616677329710152,48,-2.215835892304313,26
2025_01_TEN_DEN,2025,1,ten,den,-24.480952086521945,57,-15.304205825982033,36,-9.176746260539916,21
2025_02_ATL_MIN,2025,2,atl,min,-2.2303018050381764,65,-9.025743719149824,26,6.795441914111648,39
2025_02_ATL_MIN,2025,2,min,atl,-21.535637937064305,47,-18.185399291847848,30,-3.3502386452164545,17
2025_02_BUF_NYJ,2025,2,buf,nyj,15.956953158736466,71,9.526744591511507,34,6.430208567224961,37
2025_02_BUF_NYJ,2025,2,nyj,buf,-13.880292441465429,47,-8.876789426605683,31,-5.003503014859749,16
2025_02_CAR_ARI,2025,2,ari,car,4.640534185822844,54,8.564064934916013,34,-3.923530749093168,20
2025_02_CAR_ARI,2025,2,car,ari,4.9860533699335345,82,7.328150997281806,65,-2.34209762734827,17
2025_02_CHI_DET,2025,2,chi,det,-11.725680859410199,68,-0.6448146676702811,44,-11.080866191739917,24
2025_02_CHI_DET,2025,2,det,chi,23.74893541372254,59,23.578599234956684,30,0.17033617876585438,29
2025_02_CLE_BAL,2025,2,bal,cle,5.218925047899674,53,9.697045943351547,36,-4.478120895451871,17
2025_02_CLE_BAL,2025,2,cle,bal,-19.7480669381797,73,-22.789132067107285,52,3.041065128927588,21
2025_02_DEN_IND,2025,2,den,ind,13.488597294510416,59,14.928596329837182,36,-1.4399990353267653,23
2025_02_DEN_IND,2025,2,ind,den,9.389138992810611,71,12.331681103554853,40,-2.9425421107442453,31
2025_02_JAX_CIN,2025,2,cin,jax,1.2238279177732183,69,0.8342458344746218,51,0.3895820832985972,18
2025_02_JAX_CIN,2025,2,jax,cin,6.501558696251682,71,3.974366939201804,45,2.5271917570498785,26
2025_02_LA_TEN,2025,2,lar,ten,20.518379210125342,59,10.724458539314723,36,9.79392067081062,23
2025_02_LA_TEN,2025,2,ten,lar,-7.650869509350368,66,-6.9425128504866755,43,-0.7083566588636928,23
2025_02_LAC_LV,2025,2,lac,lv,-2.2508386161602285,56,12.086692806431131,33,-14.33753142259136,23
2025_02_LAC_LV,2025,2,lv,lac,-24.217545917152748,70,-20.836479616944995,53,-3.3810663002077472,17
2025_02_NE_MIA,2025,2,mia,ne,5.576299270724514,57,6.674527416580927,42,-1.098228145856417,15
2025_02_NE_MIA,2025,2,ne,mia,15.401031755830004,56,19.273840082797076,32,-3.8728083269670686,24
2025_02_NYG_DAL,2025,2,dal,nyg,14.728905711689794,89,13.053442477235745,62,1.675463234454055,27
2025_02_NYG_DAL,2025,2,nyg,dal,15.044947102143992,67,19.309839997733576,46,-4.264892895589584,21
2025_02_PHI_KC,2025,2,kc,phi,-6.4196400734228645,60,0.5475100401260642,41,-6.967150113548927,19
2025_02_PHI_KC,2025,2,phi,kc,0.9149024023314272,58,-5.753850266734293,26,6.6687526690657215,32
2025_02_SEA_PIT,2025,2,pit,sea,-11.763251731945687,61,-8.716257923474089,41,-3.0469938084716004,20
2025_02_SEA_PIT,2025,2,sea,pit,4.0525958323531475,65,2.154255726226305,36,1.8983401061268443,29
2025_02_SF_NO,2025,2,no,sf,-3.6804313724037616,71,-1.701494842336178,44,-1.9789365300675854,27
2025_02_SF_NO,2025,2,sf,no,6.06457684744148,67,8.659070082728272,44,-2.5944932352867953,23
2025_02_TB_HOU,2025,2,hou,tb,-2.9985528345008516,47,-1.1925790024710015,31,-1.8059738320298493,16
2025_02_TB_HOU,2025,2,tb,hou,13.115943464648623,79,6.4768798887615,51,6.6390635758871195,28
2025_02_WAS_GB,2025,2,gb,wsh,7.453039632243186,66,8.869351159315956,37,-1.4163115270727693,29
2025_02_WAS_GB,2025,2,wsh,gb,-8.004411208760489,67,-7.155429093484328,54,-0.8489821152761622,13
2025_03_ARI_SF,2025,3,ari,sf,2.9822830514617644,66,5.96221974813807,41,-2.979936696676306,25
2025_03_ARI_SF,2025,3,sf,ari,-5.739132156109024,63,-0.8354557173234042,44,-4.903676438785623,19
2025_03_ATL_CAR,2025,3,atl,car,-22.380612513318862,66,-22.535365561757438,45,0.1547530484385784,21
2025_03_ATL_CAR,2025,3,car,atl,-0.33305418195034314,57,0.669955770770846,29,-1.0030099527211873,28
2025_03_CIN_MIN,2025,3,cin,min,-38.167616185165,56,-33.12620184484729,34,-5.041414340317724,22
2025_03_CIN_MIN,2025,3,min,cin,5.400511243624743,60,2.7789916456790156,30,2.6215195979457313,30
2025_03_DAL_CHI,2025,3,chi,dal,15.207594139251182,57,16.088249805249525,31,-0.8806556659983436,26
2025_03_DAL_CHI,2025,3,dal,chi,-2.5512815438110326,73,-0.8632435214372309,50,-1.6880380223738034,23
2025_03_DEN_LAC,2025,3,den,lac,-6.251230633343296,51,-4.49778530664342,35,-1.7534453266998715,16
2025_03_DEN_LAC,2025,3,lac,den,-0.6172272910079557,86,-0.02165858388982672,58,-0.5955687071181295,28
2025_03_DET_BAL,2025,3,bal,det,6.416624352736683,56,12.797833997807754,40,-6.381209645071071,16
2025_03_DET_BAL,2025,3,det,bal,24.234590090398765,67,14.629782692844369,30,9.604807397554396,37
2025_03_GB_CLE,2025,3,cle,gb,-9.552771325672474,65,-7.79083578561953,45,-1.7619355400529446,20
2025_03_GB_CLE,2025,3,gb,cle,-2.436100056845758,64,1.3282872260791543,35,-3.7643872829249116,29
2025_03_HOU_JAX,2025,3,hou,jax,-12.075693589621975,61,-8.213342924647321,45,-3.8623506649746546,16
2025_03_HOU_JAX,2025,3,jax,hou,-9.932617569111429,69,-5.370064670599192,45,-4.5625528985122354,24
2025_03_IND_TEN,2025,3,ind,ten,22.921209083952846,54,16.508116035273286,29,6.413093048679562,25
2025_03_IND_TEN,2025,3,ten,ind,-8.747629031776285,70,-8.86035851878562,50,0.11272948700933771,20
2025_03_KC_NYG,2025,3,kc,nyg,11.823936046336888,69,10.040227185792167,46,1.7837088605447198,23
2025_03_KC_NYG,2025,3,nyg,kc,-9.034990890434456,66,-9.899699827539745,42,0.8647089371052885,24
2025_03_LA_PHI,2025,3,lar,phi,0.13725322514567637,66,-0.07771969273627961,35,0.21497291788195652,31
2025_03_LA_PHI,2025,3,phi,lar,1.6957989818183656,65,0.4041057048016148,39,1.2916932770167473,26
2025_03_LV_WAS,2025,3,lv,wsh,1.4713636856758916,64,10.543288251152266,35,-9.071924565476374,29
2025_03_LV_WAS,2025,3,wsh,lv,12.515068528743996,57,11.254790703938696,25,1.2602778248053035,32
2025_03_MIA_BUF,2025,3,buf,mia,15.658630862910552,60,12.458418803294249,34,3.200212059616306,26
2025_03_MIA_BUF,2025,3,mia,buf,2.066278444835919,61,0.5986884376034118,37,1.467590007232508,24
2025_03_NO_SEA,2025,3,no,sea,-7.978336164024939,73,0.03190719569539269,48,-8.010243359720329,25
2025_03_NO_SEA,2025,3,sea,no,6.273397256987173,56,16.074012299435218,21,-9.80061504244805,35
2025_03_NYJ_TB,2025,3,nyj,tb,-8.66588691580065,67,-2.743975694453825,50,-5.92191122134682,17
2025_03_NYJ_TB,2025,3,tb,nyj,-0.9336179465748218,71,12.723009408435088,38,-13.656627355009906,33
2025_03_PIT_NE,2025,3,ne,pit,-8.139279887633164,74,8.128247289598228,50,-16.26752717723139,24
2025_03_PIT_NE,2025,3,pit,ne,2.4717402292298956,51,5.163917584490252,27,-2.6921773552603554,24
2025_04_BAL_KC,2025,4,bal,kc,-3.9465209813129913,54,-9.24642135097346,41,5.299900369660465,13
2025_04_BAL_KC,2025,4,kc,bal,14.921312089926927,71,14.557693657208123,43,0.36361843271879846,28
2025_04_CAR_NE,2025,4,car,ne,-2.0949132481885724,69,2.022608099347673,41,-4.117521347536247,28
2025_04_CAR_NE,2025,4,ne,car,16.327991021331393,46,18.108157714508692,23,-1.7801666931773,23
2025_04_CHI_LV,2025,4,chi,lv,-7.904016360679909,66,-0.33188987946807885,43,-7.57212648121183,23
2025_04_CHI_LV,2025,4,lv,chi,-9.983796860637105,51,-7.482774934604283,22,-2.5010219260328244,29
2025_04_CIN_DEN,2025,4,cin,den,-9.348490409906525,47,-9.68840643315766,33,0.3399160232511358,14
2025_04_CIN_DEN,2025,4,den,cin,16.07754105888307,78,15.54094545828412,44,0.5365956005989561,34
2025_04_CLE_DET,2025,4,cle,det,-22.280241073783795,66,-20.205811389348778,40,-2.074429684435017,26
2025_04_CLE_DET,2025,4,det,cle,-8.471461695607742,58,-1.5751775505083874,30,-6.8962841450993535,28
2025_04_GB_DAL,2025,4,dal,gb,23.154652270402963,69,21.589788330167725,42,1.5648639402352351,27
2025_04_GB_DAL,2025,4,gb,dal,29.542533438532814,82,27.084229776806865,50,2.4583036617259517,32
2025_04_IND_LA,2025,4,ind,lar,-8.377923082748158,60,-6.889479651068147,40,-1.4884434316800117,20
2025_04_IND_LA,2025,4,lar,ind,1.4172381965640617,72,11.685915598843568,48,-10.268677402279508,24
2025_04_JAX_SF,2025,4,jax,sf,5.516252750167149,63,8.459962840119372,33,-2.943710089952225,30
2025_04_JAX_SF,2025,4,sf,jax,-4.6170292586224875,65,-0.9610169490237528,42,-3.656012309598737,23
2025_04_LAC_NYG,2025,4,lac,nyg,-8.177553334256075,62,-13.382979211729383,48,5.205425877473308,14
2025_04_LAC_NYG,2025,4,nyg,lac,-6.595498995385364,75,-1.5205658526520653,34,-5.074933142733299,41
2025_04_MIN_PIT,2025,4,min,pit,1.6208137142658776,74,3.263871792134657,56,-1.6430580778687802,18
2025_04_MIN_PIT,2025,4,pit,min,10.134740020621345,51,5.986017069204479,25,4.148722951416866,26
2025_04_NO_BUF,2025,4,buf,no,9.127961626773196,56,7.273953545345883,29,1.854008081427313,27
2025_04_NO_BUF,2025,4,no,buf,-4.730693865611286,66,-6.862541811338247,35,2.131847945726962,31
2025_04_NYJ_MIA,2025,4,mia,nyj,7.14240708362425,58,12.450789161507304,29,-5.308382077883053,29
2025_04_NYJ_MIA,2025,4,nyj,mia,5.587041593182647,62,10.235026903883817,40,-4.647985310701168,22
2025_04_PHI_TB,2025,4,phi,tb,-4.285423483476013,58,2.248712855624026,31,-6.53413633910004,27
2025_04_PHI_TB,2025,4,tb,phi,-8.265987482114902,71,-1.164213798551093,46,-7.101773683563806,25
2025_04_SEA_ARI,2025,4,ari,sea,-4.036092003906578,67,-1.376886889263027,54,-2.6592051146435525,13
2025_04_SEA_ARI,2025,4,sea,ari,7.027218493147946,66,14.887042960228237,32,-7.859824467080295,34
2025_04_TEN_HOU,2025,4,hou,ten,7.498305375316773,70,8.54369901600252,34,-1.0453936406857494,36
2025_04_TEN_HOU,2025,4,ten,hou,-16.38417262851241,49,-15.23224004610698,33,-1.1519325824054305,16
2025_04_WAS_ATL,2025,4,atl,wsh,17.237993285569495,62,20.163268153446662,29,-2.925274867877172,33
2025_04_WAS_ATL,2025,4,wsh,atl,6.851897039548584,55,5.479105111193009,34,1.372791928355577,21
2025_05_DAL_NYJ,2025,5,dal,nyj,19.661467745279968,57,13.403355251523042,33,6.258112493756926,24
2025_05_DAL_NYJ,2025,5,nyj,dal,-1.5065649828247372,77,1.9568691776876648,58,-3.463434160512405,19
2025_05_DEN_PHI,2025,5,den,phi,2.3815041548402474,73,4.380431980232702,45,-1.9989278253924543,28
2025_05_DEN_PHI,2025,5,phi,den,1.2333712827659313,60,2.5802411170572146,50,-1.3468698342912822,10
2025_05_DET_CIN,2025,5,cin,det,-1.1991625278776552,62,0.4931549233563164,49,-1.6923174512339731,13
2025_05_DET_CIN,2025,5,det,cin,12.114332712488231,60,13.012896634638299,28,-0.8985639221500666,32
2025_05_HOU_BAL,2025,5,bal,hou,-13.258821666121733,43,-6.858840399884867,23,-6.399981266236864,20
2025_05_HOU_BAL,2025,5,hou,bal,23.381033136629984,68,21.934237471447904,38,1.4467956651820844,30
2025_05_KC_JAX,2025,5,jax,kc,6.908112343771097,58,10.504375486655807,39,-3.596263142884708,19
2025_05_KC_JAX,2025,5,kc,jax,11.20083078945757,64,5.441754779196373,46,5.759076010261198,18
2025_05_LV_IND,2025,5,ind,lv,21.043708124081622,62,16.608325404842635,35,4.435382719238995,27
2025_05_LV_IND,2025,5,lv,ind,-13.344495142028991,68,-7.949967504978508,43,-5.3945276370504835,25
2025_05_MIA_CAR,2025,5,car,mia,10.61262639827445,67,0.09340561347315146,38,10.519220784801298,29
2025_05_MIA_CAR,2025,5,mia,car,4.798882452050231,55,10.532601987862499,42,-5.73371953581227,13
2025_05_MIN_CLE,2025,5,cle,min,-3.1684137034464634,69,-2.6097490390531686,35,-0.5586646643932964,34
2025_05_MIN_CLE,2025,5,min,cle,5.242170543741138,64,13.395475311827084,45,-8.153304768085949,19
2025_05_NE_BUF,2025,5,buf,ne,0.15717785767657733,68,9.113757732411905,43,-8.956579874735326,25
2025_05_NE_BUF,2025,5,ne,buf,3.9195395459852604,60,6.9365850763594175,40,-3.0170455303741575,20
2025_05_NYG_NO,2025,5,no,nyg,7.148110388582126,65,14.31422471645545,35,-7.166114327873321,30
2025_05_NYG_NO,2025,5,nyg,no,-19.374366752570506,72,-11.999382608919413,48,-7.3749841436510994,24
2025_05_SF_LA,2025,5,lar,sf,6.572120200544856,67,17.22692539361798,50,-10.654805193073123,17
2025_05_SF_LA,2025,5,sf,lar,10.770801816409426,85,14.525423187669128,52,-3.754621371259703,33
2025_05_TB_SEA,2025,5,sea,tb,20.666250468747364,60,23.38813664483944,39,-2.721886176092081,21
2025_05_TB_SEA,2025,5,tb,sea,22.99668636532717,59,25.805838414718004,40,-2.809152049390837,19
2025_05_TEN_ARI,2025,5,ari,ten,-4.032336271426178,68,5.177122991357454,40,-9.209459262783634,28
2025_05_TEN_ARI,2025,5,ten,ari,-1.6144925334903135,63,2.047714503429101,44,-3.6622070369194173,19
2025_05_WAS_LAC,2025,5,lac,wsh,-10.223455497846594,65,-10.889602637002831,41,0.6661471391562379,24
2025_05_WAS_LAC,2025,5,wsh,lac,14.535787860368934,58,17.24349923650231,34,-2.707711376133378,24
2025_06_ARI_IND,2025,6,ari,ind,5.633451784431201,73,6.31942949487125,50,-0.685977710440051,23
2025_06_ARI_IND,2025,6,ind,ari,9.396995091873546,57,5.100559506424324,33,4.296435585449221,24
2025_06_BUF_ATL,2025,6,atl,buf,9.553710461940074,69,4.378295669633187,38,5.175414792306884,31
2025_06_BUF_ATL,2025,6,buf,atl,-5.937202583270831,57,-4.607860334595879,37,-1.3293422486749522,20
2025_06_CHI_WAS,2025,6,chi,wsh,8.995306835796045,62,3.5264621467938735,37,5.468844689002172,25
2025_06_CHI_WAS,2025,6,wsh,chi,1.8499894464431899,64,15.338355726427086,40,-13.488366279983893,24
2025_06_CIN_GB,2025,6,cin,gb,5.754365204301564,62,6.592820639015544,46,-0.8384554347139801,16
2025_06_CIN_GB,2025,6,gb,cin,12.805703327249155,60,9.88171925077064,33,2.9239840764785177,27
2025_06_CLE_PIT,2025,6,cle,pit,-9.700528405225572,82,-9.675992036846676,65,-0.024536368378898388,17
2025_06_CLE_PIT,2025,6,pit,cle,6.160651656772552,56,9.181232080362065,31,-3.020580423589515,25
2025_06_DAL_CAR,2025,6,car,dal,12.376585150720986,64,5.332245860333852,29,7.044339290387133,35
2025_06_DAL_CAR,2025,6,dal,car,13.748331143309754,54,22.15386589170518,36,-8.40553474839543,18
2025_06_DEN_NYJ,2025,6,den,nyj,-8.559810415624058,58,-2.9861624057673595,36,-5.573648009856701,22
2025_06_DEN_NYJ,2025,6,nyj,den,-23.977703664447198,57,-21.20661657436986,29,-2.7710870900773363,28
2025_06_DET_KC,2025,6,det,kc,4.496599205769593,54,6.425125124223994,32,-1.9285259184544032,22
2025_06_DET_KC,2025,6,kc,det,18.64532595842125,60,17.85051852666752,40,0.7948074317537328,20
2025_06_LA_BAL,2025,6,bal,lar,-27.614663091627328,77,-15.70764501750181,41,-11.907018074125519,36
2025_06_LA_BAL,2025,6,lar,bal,0.27182054834666314,51,3.7544215148733344,30,-3.48260096652667,21
2025_06_LAC_MIA,2025,6,lac,mia,6.655426383917235,64,6.936310842548901,39,-0.2808844586316651,25
2025_06_LAC_MIA,2025,6,mia,lac,1.7217565259372363,59,-4.180650180595683,39,5.902406706532923,20
2025_06_NE_NO,2025,6,ne,no,8.321260391222976,60,19.29201141618026,35,-10.97075102495728,25
2025_06_NE_NO,2025,6,no,ne,-3.374892602089897,56,-2.1242332074880683,35,-1.2506593946018294,21
2025_06_PHI_NYG,2025,6,nyg,phi,19.533171449438672,66,14.102364016580404,35,5.430807432858274,31
2025_06_PHI_NYG,2025,6,phi,nyg,-3.771606420026065,57,-2.1924831423432485,39,-1.5791232776828137,18
2025_06_SEA_JAX,2025,6,jax,sea,-4.283855661442462,72,-2.5883756801322506,53,-1.6954799813102086,19
2025_06_SEA_JAX,2025,6,sea,jax,1.0882770161634636,52,10.915172110108912,29,-9.82689509394545,23
2025_06_SF_TB,2025,6,sf,tb,-6.174126741528035,69,-5.855566167557127,48,-0.31856057397090587,21
2025_06_SF_TB,2025,6,tb,sf,14.801940949582763,51,14.833798292536796,26,-0.03185734295403386,25
2025_06_TEN_LV,2025,6,lv,ten,-4.3524013262465004,58,5.928363961807908,29,-10.28076528805441,29
2025_06_TEN_LV,2025,6,ten,lv,-14.114840159075445,60,-10.908405821013746,45,-3.206434338061696,15
2025_07_ATL_SF,2025,7,atl,sf,-7.320155224394155,65,-6.154906820893853,47,-1.1652484035003017,18
2025_07_ATL_SF,2025,7,sf,atl,2.2056742056315723,64,2.531288878687969,28,-0.32561467305639613,36
2025_07_CAR_NYJ,2025,7,car,nyj,-5.069518971729444,69,-4.035180063808687,37,-1.034338907920756,32
2025_07_CAR_NYJ,2025,7,nyj,car,-15.947310812541573,61,-15.275948569589122,45,-0.6713622429524502,16
2025_07_GB_ARI,2025,7,ari,gb,-0.19695290543231891,76,6.283928246543741,51,-6.4808811519760585,25
2025_07_GB_ARI,2025,7,gb,ari,7.241526505601013,55,9.380539371905265,36,-2.1390128663042525,19
2025_07_HOU_SEA,2025,7,hou,sea,-21.684095756876523,75,-10.73956416925464,60,-10.94453158762189,15
2025_07_HOU_SEA,2025,7,sea,hou,-15.241445006798486,70,-13.200223377896513,38,-2.041221628901973,32
2025_07_IND_LAC,2025,7,ind,lac,23.85353592957836,55,13.778505516587753,35,10.075030412990602,20
2025_07_IND_LAC,2025,7,lac,ind,8.904727163862942,76,10.31505350613598,63,-1.4103263422730394,13
2025_07_LA_JAX,2025,7,jax,lar,-10.772104291841615,77,-13.44872400724817,59,2.6766197154065567,18
2025_07_LA_JAX,2025,7,lar,jax,16.029830882325758,66,17.449706668499843,42,-1.4198757861740867,24
2025_07_LV_KC,2025,7,kc,lv,19.050031052344824,78,24.319611952781102,44,-5.269580900436276,34
2025_07_LV_KC,2025,7,lv,kc,-22.031124692264722,35,-12.484432872850451,23,-9.546691819414269,12
2025_07_MIA_CLE,2025,7,cle,mia,0.20850631910350215,56,5.926063437785238,26,-5.717557118681734,30
2025_07_MIA_CLE,2025,7,mia,cle,-30.04375250186322,58,-24.99572941494889,37,-5.0480230869143305,21
2025_07_NE_TEN,2025,7,ne,ten,16.58357538409779,62,14.893198040069699,36,1.690377344028089,26
2025_07_NE_TEN,2025,7,ten,ne,-14.833219382320362,53,-11.356086576755455,40,-3.477132805564906,13
2025_07_NO_CHI,2025,7,chi,no,4.989241618905349,66,1.0421132927236,28,3.9471283261817476,38
2025_07_NO_CHI,2025,7,no,chi,-11.887388635000004,56,-7.776533239792828,39,-4.110855395207175,17
2025_07_NYG_DEN,2025,7,den,nyg,6.087588952563246,78,-1.1026644115918238,55,7.1902533641550646,23
2025_07_NYG_DEN,2025,7,nyg,den,18.177128113689843,76,17.403061481076307,43,0.7740666326135404,33
2025_07_PHI_MIN,2025,7,min,phi,-6.106171619571643,69,1.7317936408058747,48,-7.837965260377519,21
2025_07_PHI_MIN,2025,7,phi,min,12.471074607239228,49,18.906674183788702,26,-6.435599576549471,23
2025_07_PIT_CIN,2025,7,cin,pit,23.011937548570526,73,16.948413321446804,52,6.063524227123715,21
2025_07_PIT_CIN,2025,7,pit,cin,17.57002720871242,57,13.017741559015121,37,4.5522856496973,20
2025_07_TB_DET,2025,7,det,tb,-5.495036644122981,68,-6.147820954287855,37,0.6527843101648714,31
2025_07_TB_DET,2025,7,tb,det,-22.369865673553893,67,-23.935458175681294,56,1.5655925021273986,11
2025_07_WAS_DAL,2025,7,dal,wsh,10.645593194912568,65,13.10032184388131,38,-2.454728648968746,27
2025_07_WAS_DAL,2025,7,wsh,dal,-9.603421852691083,65,-13.956173451559147,42,4.352751598868064,23
2025_08_BUF_CAR,2025,8,buf,car,20.605587250829345,63,10.116435077987049,26,10.489152172842294,37
2025_08_BUF_CAR,2025,8,car,buf,-19.096713237116003,61,-15.90719610866008,34,-3.18951712845592,27
2025_08_CHI_BAL,2025,8,bal,chi,13.618512320421983,62,8.004281528267413,27,5.6142307921545695,35
2025_08_CHI_BAL,2025,8,chi,bal,2.941900088666847,63,3.9190426591198535,42,-0.977142570453003,21
2025_08_CLE_NE,2025,8,cle,ne,-16.05034726534081,53,-17.4544403625377,39,1.404093097196891,14
2025_08_CLE_NE,2025,8,ne,cle,6.071444870315601,65,11.286195208719562,37,-5.214750338403962,28
2025_08_DAL_DEN,2025,8,dal,den,5.691072072838747,74,5.700907800409789,46,-0.009835727571044395,28
2025_08_DAL_DEN,2025,8,den,dal,23.735826688941117,60,18.52899819566544,33,5.20682849327568,27
2025_08_GB_PIT,2025,8,gb,pit,19.705181607484704,62,21.29900751725945,37,-1.5938259097747476,25
2025_08_GB_PIT,2025,8,pit,gb,-6.274658769778281,62,-5.02388460413374,44,-1.2507741656445392,18
2025_08_MIA_ATL,2025,8,atl,mia,-13.967749647436877,49,-3.46567524928833,33,-10.502074398148551,16
2025_08_MIA_ATL,2025,8,mia,atl,12.326968082825884,69,8.433363416934553,31,3.8936046658913317,38
2025_08_MIN_LAC,2025,8,lac,min,16.78571351667361,72,16.015639918052656,35,0.770073598620954,37
2025_08_MIN_LAC,2025,8,min,lac,-17.685403021909543,49,-9.530868781830895,37,-8.154534240078645,12
2025_08_NYG_PHI,2025,8,nyg,phi,3.1201930623569947,51,4.152253154264628,32,-1.0320600919076313,19
2025_08_NYG_PHI,2025,8,phi,nyg,26.407197457896256,56,13.048537968292061,29,13.358659489604197,27
2025_08_NYJ_CIN,2025,8,cin,nyj,14.518921498663605,59,4.900367690238971,37,9.618553808424634,22
2025_08_NYJ_CIN,2025,8,nyj,cin,21.78105463640674,68,14.254767016864722,37,7.526287619542018,31
2025_08_SF_HOU,2025,8,hou,sf,16.417570334325216,79,22.728731236903627,45,-6.311160902578412,34
2025_08_SF_HOU,2025,8,sf,hou,-2.1875702406396194,47,-1.4441427460988052,37,-0.7434274945408141,10
2025_08_TB_NO,2025,8,no,tb,-34.22196888779484,71,-31.80473380508095,61,-2.4172350827138858,10
2025_08_TB_NO,2025,8,tb,no,-9.506332698375696,58,-1.7703624639505215,27,-7.735970234425171,31
2025_08_TEN_IND,2025,8,ind,ten,18.318108034226704,53,11.431892467569234,35,6.886215566657469,18
2025_08_TEN_IND,2025,8,ten,ind,-2.510147616150789,70,-4.630553690018129,46,2.120406073867342,24
2025_08_WAS_KC,2025,8,kc,wsh,17.814376113936305,68,15.144567656621797,42,2.6698084573145047,26
2025_08_WAS_KC,2025,8,wsh,kc,-8.467770218267098,53,-7.3045587021042575,36,-1.1632115161628458,17
2025_09_ARI_DAL,2025,9,ari,dal,8.008855850297762,65,8.171295939049957,38,-0.16244008875219684,27
2025_09_ARI_DAL,2025,9,dal,ari,-9.663576971538937,66,-11.288694527498084,49,1.625117555959148,17
2025_09_ATL_NE,2025,9,atl,ne,3.2271667222811837,56,4.96759173662569,42,-1.7404250143445068,14
2025_09_ATL_NE,2025,9,ne,atl,0.872260676969608,65,0.7531714358882236,40,0.11908924108138635,25
2025_09_BAL_MIA,2025,9,bal,mia,11.46690250287064,54,12.26194373681209,27,-0.7950412339414478,27
2025_09_BAL_MIA,2025,9,mia,bal,-13.301469759132667,63,-5.163681505430245,44,-8.137788253702423,19
2025_09_CAR_GB,2025,9,car,gb,5.6225287265227974,58,2.5944679619860755,25,3.028060764536723,33
2025_09_CAR_GB,2025,9,gb,car,0.6485607138181069,65,5.899998472000972,38,-5.251437758182865,27
2025_09_CHI_CIN,2025,9,chi,cin,36.214671267559666,79,23.154438503158655,46,13.060232764401004,33
2025_09_CHI_CIN,2025,9,cin,chi,13.807524223686764,66,15.532771986376593,52,-1.7252477626898295,14
2025_09_DEN_HOU,2025,9,den,hou,-6.635485150959229,62,-2.6903756895119444,40,-3.945109461447287,22
2025_09_DEN_HOU,2025,9,hou,den,-12.324621666885193,73,-3.1281737968313745,48,-9.196447870053817,25
2025_09_IND_PIT,2025,9,ind,pit,-8.163540072020805,77,-15.840038530566915,59,7.676498458546112,18
2025_09_IND_PIT,2025,9,pit,ind,-5.9602107737640715,61,-3.1655991691999477,40,-2.794611604564126,21
2025_09_JAX_LV,2025,9,jax,lv,9.824038507212872,79,-4.503744983725728,41,14.327783490938604,38
2025_09_JAX_LV,2025,9,lv,jax,11.295544316613785,63,14.325749214476645,45,-3.0302048978628564,18
2025_09_KC_BUF,2025,9,buf,kc,14.278191917066811,65,10.792659945116615,31,3.485531971950195,34
2025_09_KC_BUF,2025,9,kc,buf,-0.1419284848137327,59,-1.8363920225868524,39,1.6944635377731196,20
2025_09_LAC_TEN,2025,9,lac,ten,5.395219090821949,64,5.4422374179028274,39,-0.04701832708087683,25
2025_09_LAC_TEN,2025,9,ten,lac,-10.969072891173901,47,-2.8067619114590427,27,-8.162310979714858,20
2025_09_MIN_DET,2025,9,det,min,-2.637783520778795,64,3.2513308932137206,43,-5.889114413992513,21
2025_09_MIN_DET,2025,9,min,det,-0.05873826413223021,58,-4.037047952639807,33,3.978309688507576,25
2025_09_NO_LA,2025,9,lar,no,23.591596528645454,76,14.744773590753162,36,8.846822937892291,40
2025_09_NO_LA,2025,9,no,lar,-11.908285007870264,40,-0.04449976800239863,26,-11.863785239867866,14
2025_09_SEA_WAS,2025,9,sea,wsh,23.185261723751136,51,24.109245728808848,27,-0.9239840050577144,24
2025_09_SEA_WAS,2025,9,wsh,sea,-3.586243558209387,65,-3.904417544545142,38,0.3181739863357522,27
2025_09_SF_NYG,2025,9,nyg,sf,9.8287063585423,57,7.070307683298927,39,2.758398675243371,18
2025_09_SF_NYG,2025,9,sf,nyg,19.829405568667877,64,12.217425719962653,28,7.611979848705225,36
2025_10_ARI_SEA,2025,10,ari,sea,-16.959707272326348,75,-11.871082853816924,56,-5.08862441850942,19
2025_10_ARI_SEA,2025,10,sea,ari,5.001613549714734,57,6.338726192530384,15,-1.3371126428156481,42
2025_10_ATL_IND,2025,10,atl,ind,-1.407144919944587,61,-5.452022280112022,33,4.044877360167435,28
2025_10_ATL_IND,2025,10,ind,atl,12.450141739027632,76,0.6555474205724052,41,11.794594318455232,35
2025_10_BAL_MIN,2025,10,bal,min,0.6979686716265616,68,0.22326072880118808,36,0.4747079428253732,32
2025_10_BAL_MIN,2025,10,min,bal,-4.533721228134674,64,-4.32976808230611,50,-0.2039531458285656,14
2025_10_BUF_MIA,2025,10,buf,mia,-4.667046177026338,67,5.693086337356374,47,-10.360132514382709,20
2025_10_BUF_MIA,2025,10,mia,buf,15.928132687966631,51,9.007470136275524,21,6.920662551691106,30
2025_10_CLE_NYJ,2025,10,cle,nyj,-3.1653710574886245,73,0.09485834484952627,46,-3.260229402338152,27
2025_10_CLE_NYJ,2025,10,nyj,cle,-11.473438240929909,47,-6.733576277969413,17,-4.739861962960496,30
2025_10_DET_WAS,2025,10,det,wsh,32.85538446432841,68,24.539151381886796,36,8.316233082441613,32
2025_10_DET_WAS,2025,10,wsh,det,10.899023879997515,51,13.269591500263743,27,-2.3705676202662262,24
2025_10_JAX_HOU,2025,10,hou,jax,8.585756365718828,72,6.868888259151996,51,1.7168681065668352,21
2025_10_JAX_HOU,2025,10,jax,hou,-10.890363558456723,61,-5.487529818884944,38,-5.402833739571778,23
2025_10_LA_SF,2025,10,lar,sf,26.919639888859813,65,22.63015853331308,37,4.289481355546735,28
2025_10_LA_SF,2025,10,sf,lar,8.024476561753547,62,12.107419219275473,41,-4.082942657521923,21
2025_10_LV_DEN,2025,10,den,lv,-18.01781936026292,59,-13.658570446089124,33,-4.3592489141738,26
2025_10_LV_DEN,2025,10,lv,den,-23.55776374881115,60,-18.01699768758571,37,-5.54076606122544,23
2025_10_NE_TB,2025,10,ne,tb,11.617120963055621,60,5.703385101165611,38,5.913735861890004,22
2025_10_NE_TB,2025,10,tb,ne,4.585179614079744,68,1.6357766077873244,47,2.94940300629242,21
2025_10_NO_CAR,2025,10,car,no,-15.903238254710276,53,-6.429943719582335,30,-9.473294535127943,23
2025_10_NO_CAR,2025,10,no,car,9.284617763607285,65,9.820180244581747,32,-0.5355624809744626,33
2025_10_NYG_CHI,2025,10,chi,nyg,5.05430542578524,66,4.772939294109338,45,0.28136613167590235,21
2025_10_NYG_CHI,2025,10,nyg,chi,-0.39837888661046583,73,-0.4266024273607927,45,0.02822354075032618,28
2025_10_PHI_GB,2025,10,gb,phi,-10.239331677378948,67,-6.3328265239227095,43,-3.906505153456237,24
2025_10_PHI_GB,2025,10,phi,gb,-4.365358247740124,63,8.982949844910769,30,-13.348308092650893,33
2025_10_PIT_LAC,2025,10,lac,pit,-8.038668799210418,72,-5.266262590925,42,-2.7724062082854157,30
2025_10_PIT_LAC,2025,10,pit,lac,-19.393374684783183,52,-17.46662897353947,35,-1.9267457112437083,17
2025_11_BAL_CLE,2025,11,bal,cle,-6.879083250057904,59,-12.231480276872196,32,5.352397026814291,27
2025_11_BAL_CLE,2025,11,cle,bal,-24.369285568133325,56,-17.76582311519129,33,-6.603462452942044,23
2025_11_CAR_ATL,2025,11,atl,car,5.82537438010943,66,9.679596880587923,35,-3.854222500478495,31
2025_11_CAR_ATL,2025,11,car,atl,7.524581258180461,77,14.788181825607817,51,-7.263600567427355,26
2025_11_CHI_MIN,2025,11,chi,min,-4.732564733384584,75,-0.24517158398187666,37,-4.487393149402709,38
2025_11_CHI_MIN,2025,11,min,chi,-9.689342665525256,55,-12.354604311675873,33,2.6652616461506176,22
2025_11_CIN_PIT,2025,11,cin,pit,-11.038149960405299,64,-15.157628668305573,42,4.119478707900273,22
2025_11_CIN_PIT,2025,11,pit,cin,11.742332749542651,64,12.585306770176498,38,-0.8429740206338459,26
2025_11_DAL_LV,2025,11,dal,lv,10.4534508567665,62,10.861876315997286,35,-0.40842545923078744,27
2025_11_DAL_LV,2025,11,lv,dal,-11.715174876784783,59,-10.696382278625723,51,-1.0187925981590578,8
2025_11_DET_PHI,2025,11,det,phi,-23.645107031336263,59,-14.26322680968067,39,-9.38188022165559,20
2025_11_DET_PHI,2025,11,phi,det,-13.573891682158957,71,-7.977866397168075,34,-5.596025284990883,37
2025_11_GB_NYG,2025,11,gb,nyg,18.240675662644204,54,13.230168523674372,31,5.010507138969837,23
2025_11_GB_NYG,2025,11,nyg,gb,9.67745370708873,71,6.790893111465272,33,2.886560595623459,38
2025_11_HOU_TEN,2025,11,hou,ten,-4.57148460091658,70,0.653593758383774,48,-5.2250783593003565,22
2025_11_HOU_TEN,2025,11,ten,hou,-5.6771921910296825,59,1.2762144263425972,45,-6.953406617372281,14
2025_11_KC_DEN,2025,11,den,kc,0.9242789657541695,61,4.7089519549149195,41,-3.7846729891607502,20
2025_11_KC_DEN,2025,11,kc,den,8.300768820582336,70,7.414994722769509,56,0.8857740978128252,14
2025_11_LAC_JAX,2025,11,jax,lac,9.719171478849619,71,5.5271208880294616,26,4.192050590820152,45
2025_11_LAC_JAX,2025,11,lac,jax,-22.58902326035788,48,-20.254123368957174,35,-2.334899891400706,13
2025_11_NYJ_NE,2025,11,ne,nyj,8.860896994129508,64,11.622679552490009,40,-2.7617825583605042,24
2025_11_NYJ_NE,2025,11,nyj,ne,-4.85055105772336,57,-3.2193290529539853,33,-1.6312220047693722,24
2025_11_SEA_LA,2025,11,lar,sea,-9.894540574226983,51,-9.462158085603724,28,-0.43238248862326356,23
2025_11_SEA_LA,2025,11,sea,lar,-15.954540177769097,84,-12.133117234243851,48,-3.8214229435252443,36
2025_11_SF_ARI,2025,11,ari,sf,-0.05230278221311657,77,4.966240552988567,59,-5.018543335201683,18
2025_11_SF_ARI,2025,11,sf,ari,10.92240809385503,51,10.005645844951047,29,0.9167622489039815,22
2025_11_TB_BUF,2025,11,buf,tb,16.650108720081118,55,14.798312422433597,34,1.8517962976475215,21
2025_11_TB_BUF,2025,11,tb,buf,6.75357290432436,68,0.5069010238453888,34,6.246671880478968,34
2025_11_WAS_MIA,2025,11,mia,wsh,-0.3727831244643659,56,2.6349096314708276,24,-3.0076927559351923,32
2025_11_WAS_MIA,2025,11,wsh,mia,5.487873700623351,67,9.161581523776004,35,-3.6737078231526588,32
2025_12_ATL_NO,2025,12,atl,no,-7.112492589183837,53,-3.884593775399715,26,-3.22789881378412,27
2025_12_ATL_NO,2025,12,no,atl,-18.664509993800376,80,-14.742948146825142,54,-3.921561846975228,26
2025_12_BUF_HOU,2025,12,buf,hou,-10.673887411741447,65,-12.33210704309531,45,1.6582196313538597,20
2025_12_BUF_HOU,2025,12,hou,buf,-4.481445338803438,58,-6.385063831193223,34,1.9036184923897865,24
2025_12_CAR_SF,2025,12,car,sf,-9.855566440982004,45,-10.060966521809531,36,0.20540008082752986,9
2025_12_CAR_SF,2025,12,sf,car,-0.0916555015179803,68,-2.112339439987455,33,2.0206839384694795,35
2025_12_CLE_LV,2025,12,cle,lv,-11.114368987166381,50,-3.478046609451108,24,-7.636322377715272,26
2025_12_CLE_LV,2025,12,lv,cle,-26.456498846553686,79,-17.02131139553612,60,-9.435187451017564,19
2025_12_IND_KC,2025,12,ind,kc,-0.9471083136528899,50,2.7335295383448606,34,-3.6806378519977487,16
2025_12_IND_KC,2025,12,kc,ind,1.9483907853933142,95,12.256263703932492,58,-10.307872918539177,37
2025_12_JAX_ARI,2025,12,ari,jax,-11.10239089286835,84,-6.519046307082238,65,-4.583344585786108,19
2025_12_JAX_ARI,2025,12,jax,ari,-10.90139911812152,61,-6.260535742732493,36,-4.640863375389023,25
2025_12_MIN_GB,2025,12,gb,min,3.521940568626022,64,8.646237072930901,25,-5.124296504304879,39
2025_12_MIN_GB,2025,12,min,gb,-18.892723358669166,44,-15.889682508506652,25,-3.00304085016251,19
2025_12_NE_CIN,2025,12,cin,ne,-11.02659414048263,63,-11.678600166840042,39,0.6520060263574152,24
2025_12_NE_CIN,2025,12,ne,cin,1.6053928660232535,70,11.410398391381905,42,-9.805005525358654,28
2025_12_NYG_DET,2025,12,det,nyg,10.359435647249654,67,-5.655031937039721,46,16.014467584289374,21
2025_12_NYG_DET,2025,12,nyg,det,11.764017466314826,81,21.08455278556094,43,-9.320535319246119,38
2025_12_NYJ_BAL,2025,12,bal,nyj,3.4031371232417977,61,6.3528509323664535,32,-2.949713809124655,29
2025_12_NYJ_BAL,2025,12,nyj,bal,-11.798011223590217,59,1.9379824660925873,35,-13.735993689682804,24
2025_12_PHI_DAL,2025,12,dal,phi,-1.7051742415378444,71,5.181851006343108,45,-6.88702524788095,26
2025_12_PHI_DAL,2025,12,phi,dal,0.1996327846969419,63,2.320081586712679,47,-2.120448802015739,16
2025_12_PIT_CHI,2025,12,chi,pit,0.7403143565123389,63,2.243626485923255,40,-1.5033121294109182,23
2025_12_PIT_CHI,2025,12,pit,chi,3.471757036168133,72,-2.36718926532193,37,5.838946301490063,35
2025_12_SEA_TEN,2025,12,sea,ten,13.052959045807984,47,9.116961995989005,28,3.935997049818983,19
2025_12_SEA_TEN,2025,12,ten,sea,-0.7215830639647167,75,5.6857905778274995,55,-6.407373641792216,20
2025_12_TB_LA,2025,12,lar,tb,4.256282185885008,56,7.217097988800031,37,-2.9608158029150236,19
2025_12_TB_LA,2025,12,tb,lar,-27.662969390803482,70,-26.511402738338802,45,-1.1515666524646822,25
2025_13_ARI_TB,2025,13,ari,tb,-1.5782677376330336,60,4.996105764825874,44,-6.574373502458904,16
2025_13_ARI_TB,2025,13,tb,ari,-1.7377058161732768,58,0.18204308044323858,35,-1.9197488966165162,23
2025_13_ATL_NYJ,2025,13,atl,nyj,12.480215383367234,69,6.635731383016889,36,5.844484000350345,33
2025_13_ATL_NYJ,2025,13,nyj,atl,1.4982440175749037,65,3.625237215348024,43,-2.1269931977731202,22
2025_13_BUF_PIT,2025,13,buf,pit,7.404805645683956,74,6.633204248966645,27,0.7716013967173088,47
2025_13_BUF_PIT,2025,13,pit,buf,-18.242713633808304,43,-11.867266053333864,25,-6.375447580474438,18
2025_13_CHI_PHI,2025,13,chi,phi,3.625784123517853,86,-5.196866999702709,42,8.822651123220565,44
2025_13_CHI_PHI,2025,13,phi,chi,-1.987213152218501,51,2.350248865647112,34,-4.337462017865614,17
2025_13_CIN_BAL,2025,13,bal,cin,-19.760386062262125,59,-22.04001424385935,40,2.2796281815972184,19
2025_13_CIN_BAL,2025,13,cin,bal,1.5775627930741005,83,8.329778702025184,49,-6.752215908951083,34
2025_13_DEN_WAS,2025,13,den,wsh,10.653898013074828,70,9.696968183928584,49,0.9569298291462431,21
2025_13_DEN_WAS,2025,13,wsh,den,8.792688216897533,88,6.05003865837339,58,2.7426495585241395,30
2025_13_GB_DET,2025,13,det,gb,3.0362291083768405,63,12.212914518462915,32,-9.17668541008608,31
2025_13_GB_DET,2025,13,gb,det,18.77245238325975,59,18.25858842006836,34,0.5138639631913893,25
2025_13_HOU_IND,2025,13,hou,ind,2.3242971781792896,76,9.818532214812034,41,-7.494235036632745,35
2025_13_HOU_IND,2025,13,ind,hou,-1.836282837167433,54,4.717527449401045,31,-6.553810286568478,23
2025_13_JAX_TEN,2025,13,jax,ten,-0.4574216141066494,59,6.540510234173482,35,-6.99793184828013,24
2025_13_JAX_TEN,2025,13,ten,jax,-22.268555421430897,59,-22.022716327677287,46,-0.2458390937536053,13
2025_13_KC_DAL,2025,13,dal,kc,17.863845925557367,68,18.880569516693175,45,-1.0167235911358081,23
2025_13_KC_DAL,2025,13,kc,dal,11.571286174817923,66,14.535109857213659,46,-2.963823682395739,20
2025_13_LA_CAR,2025,13,car,lar,11.646297843809243,61,15.055188362692949,24,-3.4088905188837026,37
2025_13_LA_CAR,2025,13,lar,car,7.5796456263633365,51,-3.5120697527309077,30,11.091715379094243,21
2025_13_LV_LAC,2025,13,lac,lv,8.982604207830622,65,7.531275643511796,28,1.4513285643188247,37
2025_13_LV_LAC,2025,13,lv,lac,-11.802576893882406,47,0.9832794679386752,30,-12.785856361821082,17
2025_13_MIN_SEA,2025,13,min,sea,-33.873415191716106,51,-29.593103086866954,35,-4.280312104849148,16
2025_13_MIN_SEA,2025,13,sea,min,-9.232042478413264,67,-7.5034479488543635,32,-1.7285945295589036,35
2025_13_NO_MIA,2025,13,mia,no,-7.55463974191059,56,-9.89361925273385,28,2.3389795108232616,28
2025_13_NO_MIA,2025,13,no,mia,-10.281921793089817,70,-6.688387213007185,46,-3.59353458008263,24
2025_13_NYG_NE,2025,13,ne,nyg,9.475681748503899,63,12.09287228531398,38,-2.6171905368100843,25
2025_13_NYG_NE,2025,13,nyg,ne,-5.357907512108812,55,-5.254288733005538,32,-0.10361877910327355,23
2025_13_SF_CLE,2025,13,cle,sf,-14.697595986363014,62,-7.683297396171835,32,-7.01429859019118,30
2025_13_SF_CLE,2025,13,sf,cle,1.6748567808010697,65,2.7563286053539353,34,-1.0814718245528658,31
2025_14_CHI_GB,2025,14,chi,gb,4.971054238021411,69,0.6661657248493649,40,4.3048885131720445,29
2025_14_CHI_GB,2025,14,gb,chi,10.62341572321021,52,6.418728832562915,27,4.204686890647293,25
2025_14_CIN_BUF,2025,14,buf,cin,16.000982592548823,60,26.025027057097763,38,-10.024044464548945,22
2025_14_CIN_BUF,2025,14,cin,buf,11.090446560876478,59,12.489598209154831,40,-1.399151648278351,19
2025_14_DAL_DET,2025,14,dal,det,-5.444268978563857,81,-5.619774661389903,59,0.17550568282604329,22
2025_14_DAL_DET,2025,14,det,dal,15.848038178909908,60,10.783837260428685,39,5.064200918481222,21
2025_14_DEN_LV,2025,14,den,lv,10.773163025826864,74,9.014121499530244,43,1.7590415262966226,31
2025_14_DEN_LV,2025,14,lv,den,0.6191888607673921,50,1.686390121244701,39,-1.0672012604773093,11
2025_14_HOU_KC,2025,14,hou,kc,-4.713586535191529,70,1.0803792349179375,39,-5.793965770109463,31
2025_14_HOU_KC,2025,14,kc,hou,-18.452408276212953,63,-18.08905289823291,41,-0.3633553779800439,22
2025_14_IND_JAX,2025,14,ind,jax,-9.566768500414007,68,-1.1221417425389228,45,-8.444626757875087,23
2025_14_IND_JAX,2025,14,jax,ind,4.1261743236619095,61,11.259756939159184,34,-7.133582615497271,27
2025_14_LA_ARI,2025,14,ari,lar,-4.879449671644988,62,-3.286615393278866,50,-1.5928342783661256,12
2025_14_LA_ARI,2025,14,lar,ari,29.176235730986065,67,17.044584772048232,33,12.131650958937836,34
2025_14_MIA_NYJ,2025,14,mia,nyj,13.588425201065643,63,1.6765409604704515,23,11.911884240595196,40
2025_14_MIA_NYJ,2025,14,nyj,mia,-23.640149921653286,59,-21.982541992512484,42,-1.6576079291408,17
2025_14_NO_TB,2025,14,no,tb,0.062062913731044445,56,2.3625460148368256,26,-2.3004831011057805,30
2025_14_NO_TB,2025,14,tb,no,-11.051523352011365,74,-5.14173891619294,39,-5.909784435818427,35
2025_14_PHI_LAC,2025,14,lac,phi,-18.292999886732474,74,-11.203786781901186,43,-7.089213104831282,31
2025_14_PHI_LAC,2025,14,phi,lac,-19.35078899306703,70,-18.86881288185126,47,-0.4819761112157737,23
2025_14_PIT_BAL,2025,14,bal,pit,1.8753515281045852,78,0.11463150768256458,43,1.7607200204220195,35
2025_14_PIT_BAL,2025,14,pit,bal,12.381138588274151,51,10.870524595638525,36,1.5106139926356297,15
2025_14_SEA_ATL,2025,14,atl,sea,-19.032457776176,64,-12.33284520076747,33,-6.699612575408532,31
2025_14_SEA_ATL,2025,14,sea,atl,7.252396793365676,61,11.532599079217952,35,-4.280202285852277,26
2025_14_TEN_CLE,2025,14,cle,ten,-1.8950651503992688,67,4.1073238647649575,49,-6.002389015164222,18
2025_14_TEN_CLE,2025,14,ten,cle,-6.677792807928,66,-9.298003917618196,30,2.6202111096901968,36
2025_14_WAS_MIN,2025,14,min,wsh,18.27462418183821,60,11.984899756716528,31,6.289724425121678,29
2025_14_WAS_MIN,2025,14,wsh,min,-19.344896930153485,52,-19.413676526164643,34,0.06877959601115696,18
2025_15_ARI_HOU,2025,15,ari,hou,3.370658766885756,65,0.5229804732371133,45,2.8476782936486438,20
2025_15_ARI_HOU,2025,15,hou,ari,14.286461170221868,64,14.933676779864303,33,-0.6472156096424317,31
2025_15_ATL_TB,2025,15,atl,tb,14.695212143764357,67,13.415439142903775,45,1.2797730008605788,22
2025_15_ATL_TB,2025,15,tb,atl,8.960585316327286,68,8.636479610785255,46,0.32410570554203133,22
2025_15_BAL_CIN,2025,15,bal,cin,7.60289553164118,38,1.2587308306953338,19,6.344164700945845,19
2025_15_BAL_CIN,2025,15,cin,bal,-24.153170172183348,76,-16.99387578322789,48,-7.1592943889554554,28
2025_15_BUF_NE,2025,15,buf,ne,18.494262857246227,67,11.324194587505191,36,7.170068269741035,31
2025_15_BUF_NE,2025,15,ne,buf,11.962366533076866,52,-0.9449372715316682,30,12.907303804608539,22
2025_15_CAR_NO,2025,15,car,no,5.253055913273416,57,9.779261690231216,32,-4.5262057769578,25
2025_15_CAR_NO,2025,15,no,car,8.080772854576013,67,12.198608308636697,44,-4.1178354540606845,23
2025_15_CLE_CHI,2025,15,chi,cle,3.050342419960206,65,5.387290609902836,33,-2.33694818994263,32
2025_15_CLE_CHI,2025,15,cle,chi,-26.098507147024073,56,-21.642856182970718,42,-4.4556509640533495,14
2025_15_DET_LA,2025,15,det,lar,11.929616326075436,64,16.36879404867324,43,-4.439177722597807,21
2025_15_DET_LA,2025,15,lar,det,14.721425345206628,72,8.561432021359911,44,6.159993323846718,28
2025_15_GB_DEN,2025,15,den,gb,11.97441079682904,65,20.20230404316682,38,-8.227893246337775,27
2025_15_GB_DEN,2025,15,gb,den,3.029238379121448,66,6.972090266871,48,-3.9428518877495518,18
2025_15_IND_SEA,2025,15,ind,sea,-3.0109575121196595,60,-0.5696424375787188,29,-2.4413150745409404,31
2025_15_IND_SEA,2025,15,sea,ind,-3.0151546417490676,57,3.3053687747983114,38,-6.320523416547379,19
2025_15_LAC_KC,2025,15,kc,lac,-6.917311105881524,61,-2.9746613925133665,42,-3.9426497133681537,19
2025_15_LAC_KC,2025,15,lac,kc,-0.650010754866245,65,2.8412882442449905,35,-3.4912989991112346,30
2025_15_LV_PHI,2025,15,lv,phi,-17.228386169183068,42,-15.794737446587531,30,-1.4336487225955346,12
2025_15_LV_PHI,2025,15,phi,lv,18.93895013049961,69,25.45581923805196,24,-6.516869107552351,45
2025_15_MIA_PIT,2025,15,mia,pit,-0.11993597005678817,48,3.3541153701953577,33,-3.474051340252147,15
2025_15_MIA_PIT,2025,15,pit,mia,13.759545400040224,66,11.725397705915388,32,2.0341476941248375,34
2025_15_MIN_DAL,2025,15,dal,min,7.34073869109737,71,0.07549709567569601,41,7.265241595421674,30
2025_15_MIN_DAL,2025,15,min,dal,11.687482486572454,54,13.326375705432442,28,-1.638893218859984,26
2025_15_NYJ_JAX,2025,15,jax,nyj,18.416623763881276,59,28.64248000154773,39,-10.225856237666449,20
2025_15_NYJ_JAX,2025,15,nyj,jax,-10.665468915401341,68,-8.149325604498937,41,-2.516143310902406,27
2025_15_TEN_SF,2025,15,sf,ten,18.25906798841139,74,20.67407480720392,41,-2.415006818792533,33
2025_15_TEN_SF,2025,15,ten,sf,8.838401120154673,53,1.8792845116681625,31,6.959116608486512,22
2025_15_WAS_NYG,2025,15,nyg,wsh,2.636081764227343,68,6.2410161020050055,45,-3.60493433777766,23
2025_15_WAS_NYG,2025,15,wsh,nyg,-0.37144084380145337,58,2.404653106519052,28,-2.776093950320505,30
2025_16_ATL_ARI,2025,16,ari,atl,1.4024142528161239,57,-0.7558548868402544,34,2.1582691396563796,23
2025_16_ATL_ARI,2025,16,atl,ari,4.838707632808465,75,10.68940449792844,38,-5.85069686511997,37
2025_16_BUF_CLE,2025,16,buf,cle,2.917579268931328,48,-7.894478279736916,23,10.81205754866824,25
2025_16_BUF_CLE,2025,16,cle,buf,-8.010386512023345,67,-10.495773225082035,39,2.4853867130586886,28
2025_16_CIN_MIA,2025,16,cin,mia,22.701388002663318,61,19.75634979427459,36,2.9450382083887288,25
2025_16_CIN_MIA,2025,16,mia,cin,-4.861942787596509,59,-0.17697469372069907,32,-4.684968093875808,27
2025_16_GB_CHI,2025,16,chi,gb,6.970413023363855,64,9.7349015436974,41,-2.7644885203335465,23
2025_16_GB_CHI,2025,16,gb,chi,6.694108733505997,70,14.380433464079697,33,-7.686324730573697,37
2025_16_JAX_DEN,2025,16,den,jax,-1.1493450501845177,66,1.1827723494978661,50,-2.3321173996823834,16
2025_16_JAX_DEN,2025,16,jax,den,8.941317451672782,70,14.742227318484488,45,-5.80090986681171,25
2025_16_KC_TEN,2025,16,kc,ten,-11.756787271697187,45,-10.969778593680465,33,-0.7870086780167209,12
2025_16_KC_TEN,2025,16,ten,kc,1.9200778618761511,71,8.617265826091158,32,-6.697187964215006,39
2025_16_LA_SEA,2025,16,lar,sea,18.592165267913735,92,24.87201812264196,53,-6.279852854728226,39
2025_16_LA_SEA,2025,16,sea,lar,-0.9151082332536924,64,-8.78246799629412,41,7.867359763040431,23
2025_16_LAC_DAL,2025,16,dal,lac,0.7145063124041234,58,6.794524202312179,38,-6.080017889908053,20
2025_16_LAC_DAL,2025,16,lac,dal,26.163816065911604,63,25.550707598979283,33,0.6131084669323186,30
2025_16_LV_HOU,2025,16,hou,lv,-5.478153066847468,63,6.2456524317095194,40,-11.723805498556985,23
2025_16_LV_HOU,2025,16,lv,hou,-1.4769080248661197,54,2.4348089698469395,27,-3.911716994713059,27
2025_16_MIN_NYG,2025,16,min,nyg,-5.053142406938496,58,-6.090436216666503,31,1.0372938097280062,27
2025_16_MIN_NYG,2025,16,nyg,min,-14.1408591069967,56,-10.697768366987495,25,-3.443090740009206,31
2025_16_NE_BAL,2025,16,bal,ne,5.3392924037811405,54,3.1773851565134765,23,2.161907247267661,31
2025_16_NE_BAL,2025,16,ne,bal,13.403463553339861,71,11.784105205028926,53,1.6193583483109366,18
2025_16_NYJ_NO,2025,16,no,nyj,-1.5004067968603492,78,7.502777425115618,55,-9.003184221975967,23
2025_16_NYJ_NO,2025,16,nyj,no,-26.82876649879304,66,-23.197000303325833,45,-3.6317661954672067,21
2025_16_PHI_WAS,2025,16,phi,wsh,23.27651740520233,67,15.618703781945802,40,7.657813623256523,27
2025_16_PHI_WAS,2025,16,wsh,phi,-4.714735266334714,52,-5.245909094014315,27,0.531173827679598,25
2025_16_PIT_DET,2025,16,det,pit,3.6017108752538567,73,7.564286689183882,62,-3.962575813930025,11
2025_16_PIT_DET,2025,16,pit,det,11.182471752127071,74,1.3289771023740837,49,9.853494649752989,25
2025_16_SF_IND,2025,16,ind,sf,-1.3458987734440218,60,0.41249545956529543,40,-1.7583942330093187,20
2025_16_SF_IND,2025,16,sf,ind,25.369901974295274,63,20.359268952178315,36,5.010633022116963,27
2025_16_TB_CAR,2025,16,car,tb,5.331306223505202,53,3.9907180626492917,36,1.34058816085591,17
2025_16_TB_CAR,2025,16,tb,car,4.988458882154393,63,5.814817161182101,33,-0.8263582790277072,30
2025_17_ARI_CIN,2025,17,ari,cin,-1.2941762304399198,57,0.39167516701854277,44,-1.6858513974584657,13
2025_17_ARI_CIN,2025,17,cin,ari,24.113833929588214,73,20.98778460285546,43,3.1260493267327565,30
2025_17_BAL_GB,2025,17,bal,gb,25.326686569725652,75,9.836908054686884,24,15.489778515038779,51
2025_17_BAL_GB,2025,17,gb,bal,5.2832456850707565,45,14.511221078599805,34,-9.227975393529045,11
2025_17_CHI_SF,2025,17,chi,sf,21.330118287505325,65,18.204532826237124,46,3.1255854612681975,19
2025_17_CHI_SF,2025,17,sf,chi,21.092387012264215,72,16.907310511509415,41,4.185076500754804,31
2025_17_DAL_WAS,2025,17,dal,wsh,20.35071540858193,92,15.402821253635917,49,4.947894154946012,43
2025_17_DAL_WAS,2025,17,wsh,dal,9.973434673244933,43,5.621604071610946,27,4.351830601633987,16
2025_17_DEN_KC,2025,17,den,kc,6.009538910160909,71,6.482154046984057,45,-0.47261513682314577,26
2025_17_DEN_KC,2025,17,kc,den,-6.4120666761352565,42,-6.357403811654618,25,-0.05466286448063884,17
2025_17_DET_MIN,2025,17,det,min,-29.67795088551425,64,-7.9425187965570645,34,-21.735432088957182,30
2025_17_DET_MIN,2025,17,min,det,-13.636119069838266,54,-15.248998528404156,28,1.6128794585658888,26
2025_17_HOU_LAC,2025,17,hou,lac,-4.9381084886154705,62,-1.051672397461584,30,-3.8864360911538847,32
2025_17_HOU_LAC,2025,17,lac,hou,-8.955409457051712,63,-2.448600602412183,46,-6.50680885463953,17
2025_17_JAX_IND,2025,17,ind,jax,-9.742268362381044,57,-9.476426245361104,35,-0.26584211701993987,22
2025_17_JAX_IND,2025,17,jax,ind,-0.2780571406288094,69,3.667030442327476,43,-3.9450875829562855,26
2025_17_LA_ATL,2025,17,atl,lar,6.129121891495336,53,4.923495869319647,20,1.2056260221756854,33
2025_17_LA_ATL,2025,17,lar,atl,-6.606336645947292,65,-3.8554162849229683,44,-2.750920361024325,21
2025_17_NE_NYJ,2025,17,ne,nyj,32.300276275853996,64,34.53228127812212,32,-2.232005002268124,32
2025_17_NE_NYJ,2025,17,nyj,ne,-11.46159451558311,64,-11.26756889761713,36,-0.19402561796598072,28
2025_17_NO_TEN,2025,17,no,ten,10.554372026527675,53,9.232458823535971,33,1.3219132029917051,20
2025_17_NO_TEN,2025,17,ten,no,-9.819890554132089,74,-4.396674539526371,47,-5.423216014605716,27
2025_17_NYG_LV,2025,17,lv,nyg,-13.166488704336448,58,-8.044411348593055,38,-5.1220773557433885,20
2025_17_NYG_LV,2025,17,nyg,lv,14.342994776671908,61,7.8211957340837905,36,6.5217990425881185,25
2025_17_PHI_BUF,2025,17,buf,phi,-3.7371721798554223,74,-6.1008680159575395,44,2.3636958361021163,30
2025_17_PHI_BUF,2025,17,phi,buf,-6.338417537692944,53,-2.7798891147328693,29,-3.5585284229600767,24
2025_17_PIT_CLE,2025,17,cle,pit,-10.527830990260192,51,-2.9255338369660797,29,-7.602297153294114,22
2025_17_PIT_CLE,2025,17,pit,cle,-14.06792688415246,64,-13.766211968312044,41,-0.30171491584041554,23
2025_17_SEA_CAR,2025,17,car,sea,-23.70561508521763,50,-17.130234531185124,32,-6.5753805540325,18
2025_17_SEA_CAR,2025,17,sea,car,-3.4832787045815947,65,-8.388995341614622,31,4.905716637033032,34
2025_17_TB_MIA,2025,17,mia,tb,3.2456412852102616,54,4.383262587147231,26,-1.137621301936968,28
2025_17_TB_MIA,2025,17,tb,mia,2.4913630315323188,67,4.424131747892753,54,-1.9327687163604343,13
2025_18_ARI_LA,2025,18,ari,lar,-1.4922310258604057,56,-0.05791567199560532,42,-1.4343153538648008,14
2025_18_ARI_LA,2025,18,lar,ari,15.637093982778554,71,15.743649135894893,43,-0.10655515311633768,28
2025_18_BAL_PIT,2025,18,bal,pit,7.010470687854041,50,9.189119370863706,24,-2.178648683009663,26
2025_18_BAL_PIT,2025,18,pit,bal,3.8550935978311798,75,8.926326883567697,52,-5.071233285736515,23
2025_18_CAR_TB,2025,18,car,tb,-1.740695340482834,49,5.641696563706892,36,-7.382391904189725,13
2025_18_CAR_TB,2025,18,tb,car,1.2261216093172638,67,10.163884054661361,29,-8.937762445344097,38
2025_18_CLE_CIN,2025,18,cin,cle,-5.9458448525984195,67,-10.893859371484767,42,4.948014518886343,25
2025_18_CLE_CIN,2025,18,cle,cin,-6.520719114643504,52,-8.407342421684154,30,1.8866233070406473,22
2025_18_DAL_NYG,2025,18,dal,nyg,-4.824479454841658,54,-3.9977826300935746,27,-0.826696824748084,27
2025_18_DAL_NYG,2025,18,nyg,dal,8.540114121386319,74,8.844558434861627,44,-0.30444431347531353,30
2025_18_DET_CHI,2025,18,chi,det,-0.23292981483972414,53,-0.07631043819127296,36,-0.1566193766484505,17
2025_18_DET_CHI,2025,18,det,chi,9.231021662606668,73,9.593070726478112,45,-0.3620490638714419,28
2025_18_GB_MIN,2025,18,gb,min,-15.799106689013016,50,-11.786948325170663,18,-4.012158363842349,32
2025_18_GB_MIN,2025,18,min,gb,0.9886292032534436,67,3.5461569996478737,36,-2.55752779639443,31
2025_18_IND_HOU,2025,18,hou,ind,0.38054485572987035,67,0.11878555648425126,36,0.26175929924562175,31
2025_18_IND_HOU,2025,18,ind,hou,-2.1131169384844126,66,3.451698985087183,39,-5.564815923571593,27
2025_18_KC_LV,2025,18,kc,lv,-30.47057323033882,64,-24.895236615307695,42,-5.575336615031125,22
2025_18_KC_LV,2025,18,lv,kc,-28.782325491219538,63,-14.07548632296844,32,-14.706839168251104,31
2025_18_LAC_DEN,2025,18,den,lac,-11.053862276491751,57,-2.9976939007369876,34,-8.056168375754764,23
2025_18_LAC_DEN,2025,18,lac,den,-28.60760769009023,68,-27.12213718524102,52,-1.485470504849214,16
2025_18_MIA_NE,2025,18,mia,ne,-17.60421139809259,56,-7.168118536863034,31,-10.436092861229557,25
2025_18_MIA_NE,2025,18,ne,mia,18.466406079475263,57,13.072032034805005,30,5.394374044670255,27
2025_18_NO_ATL,2025,18,atl,no,-14.596323562288203,60,-4.760006720603145,37,-9.836316841685061,23
2025_18_NO_ATL,2025,18,no,atl,-7.195993891697539,68,-5.4585942746621345,45,-1.737399617035405,23
2025_18_NYJ_BUF,2025,18,buf,nyj,23.404626958421435,69,22.994779298984223,30,0.40984765943721,39
2025_18_NYJ_BUF,2025,18,nyj,buf,-13.075977570842959,46,-7.2834473454568105,24,-5.792530225386149,22
2025_18_SEA_SF,2025,18,sea,sf,7.207917965046924,66,9.15396194646074,32,-1.9460439814138133,34
2025_18_SEA_SF,2025,18,sf,sea,-15.077609448336498,42,-12.638762424459179,32,-2.4388470238773152,10
2025_18_TEN_JAX,2025,18,jax,ten,14.526499300674182,58,17.497942146295095,39,-2.9714428456209125,19
2025_18_TEN_JAX,2025,18,ten,jax,-19.542510398015278,54,-20.97044874459169,36,1.4279383465764108,18
2025_18_WAS_PHI,2025,18,phi,wsh,-5.542289198586754,64,-7.121322720172859,46,1.5790335215861027,18
2025_18_WAS_PHI,2025,18,wsh,phi,8.516186485799086,67,19.012835628066505,33,-10.496649142267422,34
