game_id,season,week,team,opponent,off_success,off_plays,pass_success,pass_plays,rush_success,rush_plays
2024_01_ARI_BUF,2024,1,ari,buf,22,59,17,38,5,21
2024_01_ARI_BUF,2024,1,buf,ari,35,60,22,32,13,28
2024_01_BAL_KC,2024,1,bal,kc,42,80,27,58,15,22
2024_01_BAL_KC,2024,1,kc,bal,23,53,19,33,4,20
2024_01_CAR_NO,2024,1,car,no,18,59,15,42,3,17
2024_01_CAR_NO,2024,1,no,car,30,66,13,28,17,38
2024_01_DAL_CLE,2024,1,cle,dal,19,76,14,60,5,16
2024_01_DAL_CLE,2024,1,dal,cle,23,62,13,36,10,26
2024_01_DEN_SEA,2024,1,den,sea,19,69,14,49,5,20
2024_01_DEN_SEA,2024,1,sea,den,29,63,17,34,12,29
2024_01_GB_PHI,2024,1,gb,phi,27,66,16,42,11,24
2024_01_GB_PHI,2024,1,phi,gb,35,75,22,40,13,35
2024_01_HOU_IND,2024,1,hou,ind,38,76,19,40,19,36
2024_01_HOU_IND,2024,1,ind,hou,20,44,10,25,10,19
2024_01_JAX_MIA,2024,1,jax,mia,22,53,13,27,9,26
2024_01_JAX_MIA,2024,1,mia,jax,29,71,19,45,10,26
2024_01_LA_DET,2024,1,det,lar,31,61,11,31,20,30
2024_01_LA_DET,2024,1,lar,det,38,78,25,53,13,25
2024_01_LV_LAC,2024,1,lac,lv,20,53,12,29,8,24
2024_01_LV_LAC,2024,1,lv,lac,20,60,17,41,3,19
2024_01_MIN_NYG,2024,1,min,nyg,25,54,14,28,11,26
2024_01_MIN_NYG,2024,1,nyg,min,22,70,16,51,6,19
2024_01_NE_CIN,2024,1,cin,ne,22,51,15,38,7,13
2024_01_NE_CIN,2024,1,ne,cin,27,61,16,29,11,32
2024_01_NYJ_SF,2024,1,nyj,sf,22,48,18,31,4,17
2024_01_NYJ_SF,2024,1,sf,nyj,33,71,18,35,15,36
2024_01_PIT_ATL,2024,1,atl,pit,24,55,15,32,9,23
2024_01_PIT_ATL,2024,1,pit,atl,26,68,12,32,14,36
2024_01_TEN_CHI,2024,1,chi,ten,20,53,12,34,8,19
2024_01_TEN_CHI,2024,1,ten,chi,24,64,15,39,9,25
2024_01_WAS_TB,2024,1,tb,wsh,33,61,24,36,9,25
2024_01_WAS_TB,2024,1,wsh,tb,29,57,21,35,8,22
2024_02_ATL_PHI,2024,2,atl,phi,29,58,18,33,11,25
2024_02_ATL_PHI,2024,2,phi,atl,31,70,18,38,13,32
2024_02_BUF_MIA,2024,2,buf,mia,18,42,10,20,8,22
2024_02_BUF_MIA,2024,2,mia,buf,33,76,20,44,13,32
2024_02_CHI_HOU,2024,2,chi,hou,25,70,19,52,6,18
2024_02_CHI_HOU,2024,2,hou,chi,21,61,16,40,5,21
2024_02_CIN_KC,2024,2,cin,kc,33,64,23,44,10,20
2024_02_CIN_KC,2024,2,kc,cin,30,64,14,36,16,28
2024_02_CLE_JAX,2024,2,cle,jax,28,72,18,42,10,30
2024_02_CLE_JAX,2024,2,jax,cle,25,59,16,40,9,19
2024_02_IND_GB,2024,2,gb,ind,24,70,9,19,15,51
2024_02_IND_GB,2024,2,ind,gb,23,55,16,38,7,17
2024_02_LA_ARI,2024,2,ari,lar,36,66,18,27,18,39
2024_02_LA_ARI,2024,2,lar,ari,23,52,15,32,8,20
2024_02_LAC_CAR,2024,2,car,lac,11,48,6,31,5,17
2024_02_LAC_CAR,2024,2,lac,car,35,66,14,24,21,42
2024_02_LV_BAL,2024,2,bal,lv,28,63,19,39,9,24
2024_02_LV_BAL,2024,2,lv,bal,27,62,24,46,3,16
2024_02_NO_DAL,2024,2,dal,no,27,69,20,49,7,20
2024_02_NO_DAL,2024,2,no,dal,32,56,10,19,22,37
2024_02_NYG_WAS,2024,2,nyg,wsh,25,54,14,31,11,23
2024_02_NYG_WAS,2024,2,wsh,nyg,32,70,20,41,12,29
2024_02_NYJ_TEN,2024,2,nyj,ten,24,56,14,34,10,22
2024_02_NYJ_TEN,2024,2,ten,nyj,26,66,14,38,12,28
2024_02_PIT_DEN,2024,2,den,pit,22,61,16,44,6,17
2024_02_PIT_DEN,2024,2,pit,den,21,66,14,33,7,33
2024_02_SEA_NE,2024,2,ne,sea,30,68,15,33,15,35
2024_02_SEA_NE,2024,2,sea,ne,33,68,28,51,5,17
2024_02_SF_MIN,2024,2,min,sf,25,51,13,31,12,20
2024_02_SF_MIN,2024,2,sf,min,35,70,22,44,13,26
2024_02_TB_DET,2024,2,det,tb,36,84,26,58,10,26
2024_02_TB_DET,2024,2,tb,det,18,47,13,28,5,19
2024_03_BAL_DAL,2024,3,bal,dal,29,61,9,18,20,43
2024_03_BAL_DAL,2024,3,dal,bal,31,78,27,62,4,16
2024_03_CAR_LV,2024,3,car,lv,36,71,20,42,16,29
2024_03_CAR_LV,2024,3,lv,car,30,63,26,48,4,15
2024_03_CHI_IND,2024,3,chi,ind,33,88,27,59,6,29
2024_03_CHI_IND,2024,3,ind,chi,18,53,6,23,12,30
2024_03_DEN_TB,2024,3,den,tb,36,67,25,43,11,24
2024_03_DEN_TB,2024,3,tb,den,26,57,19,41,7,16
2024_03_DET_ARI,2024,3,ari,det,26,59,22,42,4,17
2024_03_DET_ARI,2024,3,det,ari,37,66,17,26,20,40
2024_03_GB_TEN,2024,3,gb,ten,23,63,9,26,14,37
2024_03_GB_TEN,2024,3,ten,gb,24,54,21,45,3,9
2024_03_HOU_MIN,2024,3,hou,min,20,66,18,55,2,11
2024_03_HOU_MIN,2024,3,min,hou,29,62,17,35,12,27
2024_03_JAX_BUF,2024,3,buf,jax,32,63,23,39,9,24
2024_03_JAX_BUF,2024,3,jax,buf,27,71,17,53,10,18
2024_03_KC_ATL,2024,3,atl,kc,26,60,20,36,6,24
2024_03_KC_ATL,2024,3,kc,atl,42,71,22,42,20,29
2024_03_LAC_PIT,2024,3,lac,pit,15,46,10,26,5,20
2024_03_LAC_PIT,2024,3,pit,lac,30,66,19,37,11,29
2024_03_MIA_SEA,2024,3,mia,sea,20,61,13,42,7,19
2024_03_MIA_SEA,2024,3,sea,mia,26,62,19,38,7,24
2024_03_NE_NYJ,2024,3,ne,nyj,19,52,14,39,5,13
2024_03_NE_NYJ,2024,3,nyj,ne,40,73,26,43,14,30
2024_03_NYG_CLE,2024,3,cle,nyg,24,65,18,50,6,15
2024_03_NYG_CLE,2024,3,nyg,cle,30,68,20,41,10,27
2024_03_PHI_NO,2024,3,no,phi,16,54,10,27,6,27
2024_03_PHI_NO,2024,3,phi,no,28,67,19,46,9,21
2024_03_SF_LA,2024,3,lar,sf,27,59,15,33,12,26
2024_03_SF_LA,2024,3,sf,lar,34,71,23,43,11,28
2024_03_WAS_CIN,2024,3,cin,wsh,35,61,25,42,10,19
2024_03_WAS_CIN,2024,3,wsh,cin,33,56,20,30,13,26
2024_04_BUF_BAL,2024,4,bal,buf,28,57,12,22,16,35
2024_04_BUF_BAL,2024,4,buf,bal,20,59,10,38,10,21
2024_04_CIN_CAR,2024,4,car,cin,34,70,19,44,15,26
2024_04_CIN_CAR,2024,4,cin,car,30,67,20,36,10,31
2024_04_CLE_LV,2024,4,cle,lv,21,59,16,44,5,15
2024_04_CLE_LV,2024,4,lv,cle,23,57,13,29,10,28
2024_04_DAL_NYG,2024,4,dal,nyg,27,55,17,32,10,23
2024_04_DAL_NYG,2024,4,nyg,dal,24,67,19,44,5,23
2024_04_DEN_NYJ,2024,4,den,nyj,20,59,5,29,15,30
2024_04_DEN_NYJ,2024,4,nyj,den,23,74,16,54,7,20
2024_04_JAX_HOU,2024,4,hou,jax,33,75,27,51,6,24
2024_04_JAX_HOU,2024,4,jax,hou,25,57,17,35,8,22
2024_04_KC_LAC,2024,4,kc,lac,27,59,17,37,10,22
2024_04_KC_LAC,2024,4,lac,kc,15,56,10,30,5,26
2024_04_LA_CHI,2024,4,chi,lar,29,58,18,32,11,26
2024_04_LA_CHI,2024,4,lar,chi,31,59,17,34,14,25
2024_04_MIN_GB,2024,4,gb,min,30,75,25,57,5,18
2024_04_MIN_GB,2024,4,min,gb,34,65,24,36,10,29
2024_04_NE_SF,2024,4,ne,sf,22,64,13,40,9,24
2024_04_NE_SF,2024,4,sf,ne,24,61,15,31,9,30
2024_04_NO_ATL,2024,4,atl,no,22,56,14,40,8,16
2024_04_NO_ATL,2024,4,no,atl,36,74,19,41,17,33
2024_04_PHI_TB,2024,4,phi,tb,24,56,14,38,10,18
2024_04_PHI_TB,2024,4,tb,phi,39,76,28,52,11,24
2024_04_PIT_IND,2024,4,ind,pit,28,65,18,35,10,30
2024_04_PIT_IND,2024,4,pit,ind,33,69,21,43,12,26
2024_04_SEA_DET,2024,4,det,sea,27,50,15,24,12,26
2024_04_SEA_DET,2024,4,sea,det,47,89,38,72,9,17
2024_04_TEN_MIA,2024,4,mia,ten,16,59,6,30,10,29
2024_04_TEN_MIA,2024,4,ten,mia,23,64,9,24,14,40
2024_04_WAS_ARI,2024,4,ari,wsh,27,59,11,28,16,31
2024_04_WAS_ARI,2024,4,wsh,ari,40,70,23,38,17,32
2024_05_ARI_SF,2024,5,ari,sf,24,55,13,33,11,22
2024_05_ARI_SF,2024,5,sf,ari,27,64,20,41,7,23
2024_05_BAL_CIN,2024,5,bal,cin,42,77,25,48,17,29
2024_05_BAL_CIN,2024,5,cin,bal,29,66,24,44,5,22
2024_05_BUF_HOU,2024,5,buf,hou,19,61,11,35,8,26
2024_05_BUF_HOU,2024,5,hou,buf,26,68,21,42,5,26
2024_05_CAR_CHI,2024,5,car,chi,21,59,14,42,7,17
2024_05_CAR_CHI,2024,5,chi,car,31,70,18,38,13,32
2024_05_CLE_WAS,2024,5,cle,wsh,20,62,13,41,7,21
2024_05_CLE_WAS,2024,5,wsh,cle,23,66,11,37,12,29
2024_05_DAL_PIT,2024,5,dal,pit,37,76,26,46,11,30
2024_05_DAL_PIT,2024,5,pit,dal,29,58,14,32,15,26
2024_05_GB_LA,2024,5,gb,lar,25,57,13,30,12,27
2024_05_GB_LA,2024,5,lar,gb,42,77,25,49,17,28
2024_05_IND_JAX,2024,5,ind,jax,31,69,23,51,8,18
2024_05_IND_JAX,2024,5,jax,ind,24,58,17,35,7,23
2024_05_LV_DEN,2024,5,den,lv,26,57,14,33,12,24
2024_05_LV_DEN,2024,5,lv,den,25,69,17,46,8,23
2024_05_MIA_NE,2024,5,mia,ne,30,78,16,38,14,40
2024_05_MIA_NE,2024,5,ne,mia,24,59,16,40,8,19
2024_05_NO_KC,2024,5,kc,no,46,81,29,47,17,34
2024_05_NO_KC,2024,5,no,kc,19,53,16,39,3,14
2024_05_NYG_SEA,2024,5,nyg,sea,34,69,20,39,14,30
2024_05_NYG_SEA,2024,5,sea,nyg,28,58,25,51,3,7
2024_05_NYJ_MIN,2024,5,min,nyj,28,71,17,43,11,28
2024_05_NYJ_MIN,2024,5,nyj,min,26,72,22,58,4,14
2024_05_TB_ATL,2024,5,atl,tb,39,85,33,65,6,20
2024_05_TB_ATL,2024,5,tb,atl,25,52,17,31,8,21
2024_06_ARI_GB,2024,6,ari,gb,26,58,19,39,7,19
2024_06_ARI_GB,2024,6,gb,ari,37,71,22,37,15,34
2024_06_ATL_CAR,2024,6,atl,car,34,65,13,31,21,34
2024_06_ATL_CAR,2024,6,car,atl,27,66,19,44,8,22
2024_06_BUF_NYJ,2024,6,buf,nyj,36,65,20,37,16,28
2024_06_BUF_NYJ,2024,6,nyj,buf,25,63,20,41,5,22
2024_06_CIN_NYG,2024,6,cin,nyg,22,51,17,34,5,17
2024_06_CIN_NYG,2024,6,nyg,cin,36,76,22,48,14,28
2024_06_CLE_PHI,2024,6,cle,phi,20,57,12,33,8,24
2024_06_CLE_PHI,2024,6,phi,cle,29,58,14,26,15,32
2024_06_DET_DAL,2024,6,dal,det,23,69,18,53,5,16
2024_06_DET_DAL,2024,6,det,dal,30,66,15,34,15,32
2024_06_HOU_NE,2024,6,hou,ne,27,65,19,39,8,26
2024_06_HOU_NE,2024,6,ne,hou,26,66,21,45,5,21
2024_06_IND_TEN,2024,6,ind,ten,26,70,21,43,5,27
2024_06_IND_TEN,2024,6,ten,ind,22,58,10,32,12,26
2024_06_JAX_CHI,2024,6,chi,jax,33,63,24,39,9,24
2024_06_JAX_CHI,2024,6,jax,chi,24,60,19,43,5,17
2024_06_LAC_DEN,2024,6,den,lac,23,55,19,43,4,12
2024_06_LAC_DEN,2024,6,lac,den,33,75,17,41,16,34
2024_06_PIT_LV,2024,6,lv,pit,27,62,19,43,8,19
2024_06_PIT_LV,2024,6,pit,lv,26,64,15,34,11,30
2024_06_SF_SEA,2024,6,sea,sf,31,77,26,57,5,20
2024_06_SF_SEA,2024,6,sf,sea,32,63,17,33,15,30
2024_06_TB_NO,2024,6,no,tb,27,70,21,51,6,19
2024_06_TB_NO,2024,6,tb,no,41,75,22,43,19,32
2024_06_WAS_BAL,2024,6,bal,wsh,35,66,22,33,13,33
2024_06_WAS_BAL,2024,6,wsh,bal,26,59,22,44,4,15
2024_07_BAL_TB,2024,7,bal,tb,28,59,20,29,8,30
2024_07_BAL_TB,2024,7,tb,bal,39,79,28,54,11,25
2024_07_CAR_WAS,2024,7,car,wsh,18,42,8,21,10,21
2024_07_CAR_WAS,2024,7,wsh,car,37,67,18,32,19,35
2024_07_CIN_CLE,2024,7,cin,cle,16,51,13,29,3,22
2024_07_CIN_CLE,2024,7,cle,cin,29,82,21,60,8,22
2024_07_DEN_NO,2024,7,den,no,34,63,15,36,19,27
2024_07_DEN_NO,2024,7,no,den,27,69,19,52,8,17
2024_07_DET_MIN,2024,7,det,min,23,56,16,29,7,27
2024_07_DET_MIN,2024,7,min,det,20,58,16,41,4,17
2024_07_HOU_GB,2024,7,gb,hou,23,58,18,38,5,20
2024_07_HOU_GB,2024,7,hou,gb,24,62,12,32,12,30
2024_07_KC_SF,2024,7,kc,sf,35,68,18,33,17,35
2024_07_KC_SF,2024,7,sf,kc,28,62,19,41,9,21
2024_07_LAC_ARI,2024,7,ari,lac,28,55,16,31,12,24
2024_07_LAC_ARI,2024,7,lac,ari,28,65,21,45,7,20
2024_07_LV_LA,2024,7,lar,lv,23,53,14,26,9,27
2024_07_LV_LA,2024,7,lv,lar,26,79,17,48,9,31
2024_07_MIA_IND,2024,7,ind,mia,22,61,10,30,12,31
2024_07_MIA_IND,2024,7,mia,ind,30,68,15,32,15,36
2024_07_NE_JAX,2024,7,jax,ne,32,60,14,22,18,38
2024_07_NE_JAX,2024,7,ne,jax,21,59,19,45,2,14
2024_07_NYJ_PIT,2024,7,nyj,pit,24,56,19,40,5,16
2024_07_NYJ_PIT,2024,7,pit,nyj,26,68,13,33,13,35
2024_07_PHI_NYG,2024,7,nyg,phi,17,57,12,42,5,15
2024_07_PHI_NYG,2024,7,phi,nyg,27,65,10,23,17,42
2024_07_SEA_ATL,2024,7,atl,sea,38,72,21,41,17,31
2024_07_SEA_ATL,2024,7,sea,atl,25,60,17,36,8,24
2024_07_TEN_BUF,2024,7,buf,ten,25,55,19,35,6,20
2024_07_TEN_BUF,2024,7,ten,buf,28,72,20,46,8,26
2024_08_ARI_MIA,2024,8,ari,mia,33,64,22,39,11,25
2024_08_ARI_MIA,2024,8,mia,ari,32,65,22,41,10,24
2024_08_ATL_TB,2024,8,atl,tb,33,62,19,33,14,29
2024_08_ATL_TB,2024,8,tb,atl,36,72,26,52,10,20
2024_08_BAL_CLE,2024,8,bal,cle,33,66,23,46,10,20
2024_08_BAL_CLE,2024,8,cle,bal,33,68,23,44,10,24
2024_08_BUF_SEA,2024,8,buf,sea,39,73,23,41,16,32
2024_08_BUF_SEA,2024,8,sea,buf,23,50,19,36,4,14
2024_08_CAR_DEN,2024,8,car,den,24,62,18,44,6,18
2024_08_CAR_DEN,2024,8,den,car,32,72,20,42,12,30
2024_08_CHI_WAS,2024,8,chi,wsh,26,62,12,34,14,28
2024_08_CHI_WAS,2024,8,wsh,chi,32,74,24,48,8,26
2024_08_DAL_SF,2024,8,dal,sf,26,61,20,43,6,18
2024_08_DAL_SF,2024,8,sf,dal,33,67,19,34,14,33
2024_08_GB_JAX,2024,8,gb,jax,31,67,16,32,15,35
2024_08_GB_JAX,2024,8,jax,gb,27,57,19,35,8,22
2024_08_IND_HOU,2024,8,hou,ind,30,71,20,41,10,30
2024_08_IND_HOU,2024,8,ind,hou,18,62,10,39,8,23
2024_08_KC_LV,2024,8,kc,lv,35,68,25,43,10,25
2024_08_KC_LV,2024,8,lv,kc,27,55,23,36,4,19
2024_08_MIN_LA,2024,8,lar,min,34,68,24,39,10,29
2024_08_MIN_LA,2024,8,min,lar,22,49,17,29,5,20
2024_08_NO_LAC,2024,8,lac,no,21,66,17,41,4,25
2024_08_NO_LAC,2024,8,no,lac,23,73,16,52,7,21
2024_08_NYG_PIT,2024,8,nyg,pit,28,71,18,46,10,25
2024_08_NYG_PIT,2024,8,pit,nyg,28,63,15,33,13,30
2024_08_NYJ_NE,2024,8,ne,nyj,27,66,17,38,10,28
2024_08_NYJ_NE,2024,8,nyj,ne,31,61,16,33,15,28
2024_08_PHI_CIN,2024,8,cin,phi,23,57,21,40,2,17
2024_08_PHI_CIN,2024,8,phi,cin,30,61,13,23,17,38
2024_08_TEN_DET,2024,8,det,ten,22,48,11,24,11,24
2024_08_TEN_DET,2024,8,ten,det,32,76,21,47,11,29
2024_09_CHI_ARI,2024,9,ari,chi,24,58,10,23,14,35
2024_09_CHI_ARI,2024,9,chi,ari,21,73,15,54,6,19
2024_09_DAL_ATL,2024,9,atl,dal,26,54,14,26,12,28
2024_09_DAL_ATL,2024,9,dal,atl,31,75,20,56,11,19
2024_09_DEN_BAL,2024,9,bal,den,30,56,16,24,14,32
2024_09_DEN_BAL,2024,9,den,bal,23,71,18,46,5,25
2024_09_DET_GB,2024,9,det,gb,24,54,14,24,10,30
2024_09_DET_GB,2024,9,gb,det,29,64,19,41,10,23
2024_09_HOU_NYJ,2024,9,hou,nyj,28,78,14,48,14,30
2024_09_HOU_NYJ,2024,9,nyj,hou,23,57,15,36,8,21
2024_09_IND_MIN,2024,9,ind,min,19,53,13,35,6,18
2024_09_IND_MIN,2024,9,min,ind,36,72,24,42,12,30
2024_09_JAX_PHI,2024,9,jax,phi,17,51,12,36,5,15
2024_09_JAX_PHI,2024,9,phi,jax,32,73,17,35,15,38
2024_09_LA_SEA,2024,9,lar,sea,32,77,25,48,7,29
2024_09_LA_SEA,2024,9,sea,lar,31,79,20,48,11,31
2024_09_LAC_CLE,2024,9,cle,lac,30,79,23,59,7,20
2024_09_LAC_CLE,2024,9,lac,cle,16,55,9,35,7,20
2024_09_LV_CIN,2024,9,cin,lv,38,71,26,43,12,28
2024_09_LV_CIN,2024,9,lv,cin,22,61,15,41,7,20
2024_09_MIA_BUF,2024,9,buf,mia,34,64,26,46,8,18
2024_09_MIA_BUF,2024,9,mia,buf,35,60,20,31,15,29
2024_09_NE_TEN,2024,9,ne,ten,29,68,26,54,3,14
2024_09_NE_TEN,2024,9,ten,ne,33,77,20,37,13,40
2024_09_NO_CAR,2024,9,car,no,21,50,13,31,8,19
2024_09_NO_CAR,2024,9,no,car,36,79,15,37,21,42
2024_09_TB_KC,2024,9,kc,tb,41,85,27,51,14,34
2024_09_TB_KC,2024,9,tb,kc,23,55,18,37,5,18
2024_09_WAS_NYG,2024,9,nyg,wsh,31,63,17,33,14,30
2024_09_WAS_NYG,2024,9,wsh,nyg,32,59,15,27,17,32
2024_10_ATL_NO,2024,10,atl,no,42,78,23,44,19,34
2024_10_ATL_NO,2024,10,no,atl,19,52,10,27,9,25
2024_10_BUF_IND,2024,10,buf,ind,33,73,20,43,13,30
2024_10_BUF_IND,2024,10,ind,buf,26,64,21,42,5,22
2024_10_CIN_BAL,2024,10,bal,cin,29,61,21,39,8,22
2024_10_CIN_BAL,2024,10,cin,bal,39,81,33,65,6,16
2024_10_DEN_KC,2024,10,den,kc,23,57,17,34,6,23
2024_10_DEN_KC,2024,10,kc,den,25,68,21,51,4,17
2024_10_DET_HOU,2024,10,det,hou,26,64,15,33,11,31
2024_10_DET_HOU,2024,10,hou,det,22,68,16,39,6,29
2024_10_MIA_LA,2024,10,lar,mia,30,69,23,49,7,20
2024_10_MIA_LA,2024,10,mia,lar,20,52,14,31,6,21
2024_10_MIN_JAX,2024,10,jax,min,14,44,10,28,4,16
2024_10_MIN_JAX,2024,10,min,jax,39,82,22,44,17,38
2024_10_NE_CHI,2024,10,chi,ne,20,60,13,42,7,18
2024_10_NE_CHI,2024,10,ne,chi,26,62,13,31,13,31
2024_10_NYG_CAR,2024,10,car,nyg,25,60,11,29,14,31
2024_10_NYG_CAR,2024,10,nyg,car,37,73,20,41,17,32
2024_10_NYJ_ARI,2024,10,ari,nyj,35,58,19,27,16,31
2024_10_NYJ_ARI,2024,10,nyj,ari,27,58,17,41,10,17
2024_10_PHI_DAL,2024,10,dal,phi,20,60,7,35,13,25
2024_10_PHI_DAL,2024,10,phi,dal,33,67,18,33,15,34
2024_10_PIT_WAS,2024,10,pit,wsh,29,76,16,36,13,40
2024_10_PIT_WAS,2024,10,wsh,pit,29,64,17,41,12,23
2024_10_SF_TB,2024,10,sf,tb,34,62,27,44,7,18
2024_10_SF_TB,2024,10,tb,sf,26,61,13,34,13,27
2024_10_TEN_LAC,2024,10,lac,ten,28,56,13,24,15,32
2024_10_TEN_LAC,2024,10,ten,lac,25,54,14,34,11,20
2024_11_ATL_DEN,2024,11,atl,den,21,58,16,36,5,22
2024_11_ATL_DEN,2024,11,den,atl,32,62,21,36,11,26
2024_11_BAL_PIT,2024,11,bal,pit,24,59,14,38,10,21
2024_11_BAL_PIT,2024,11,pit,bal,24,75,13,42,11,33
2024_11_CIN_LAC,2024,11,cin,lac,32,82,25,59,7,23
2024_11_CIN_LAC,2024,11,lac,cin,28,66,21,45,7,21
2024_11_CLE_NO,2024,11,cle,no,27,70,22,51,5,19
2024_11_CLE_NO,2024,11,no,cle,28,58,15,31,13,27
2024_11_GB_CHI,2024,11,chi,gb,35,71,21,41,14,30
2024_11_GB_CHI,2024,11,gb,chi,23,44,13,22,10,22
2024_11_HOU_DAL,2024,11,dal,hou,30,84,25,67,5,17
2024_11_HOU_DAL,2024,11,hou,dal,27,63,19,40,8,23
2024_11_IND_NYJ,2024,11,ind,nyj,27,68,16,32,11,36
2024_11_IND_NYJ,2024,11,nyj,ind,18,52,11,33,7,19
2024_11_JAX_DET,2024,11,det,jax,52,77,30,38,22,39
2024_11_JAX_DET,2024,11,jax,det,15,48,11,32,4,16
2024_11_KC_BUF,2024,11,buf,kc,32,71,21,47,11,24
2024_11_KC_BUF,2024,11,kc,buf,28,55,19,38,9,17
2024_11_LA_NE,2024,11,lar,ne,26,49,15,28,11,21
2024_11_LA_NE,2024,11,ne,lar,39,76,30,48,9,28
2024_11_LV_MIA,2024,11,lv,mia,28,64,25,50,3,14
2024_11_LV_MIA,2024,11,mia,lv,35,67,25,40,10,27
2024_11_MIN_TEN,2024,11,min,ten,30,72,22,41,8,31
2024_11_MIN_TEN,2024,11,ten,min,15,59,13,41,2,18
2024_11_SEA_SF,2024,11,sea,sf,29,60,20,39,9,21
2024_11_SEA_SF,2024,11,sf,sea,28,63,17,38,11,25
2024_11_WAS_PHI,2024,11,phi,wsh,32,70,14,35,18,35
2024_11_WAS_PHI,2024,11,wsh,phi,29,65,20,41,9,24
2024_12_ARI_SEA,2024,12,ari,sea,20,58,18,44,2,14
2024_12_ARI_SEA,2024,12,sea,ari,24,62,16,39,8,23
2024_12_BAL_LAC,2024,12,bal,lac,28,62,12,25,16,37
2024_12_BAL_LAC,2024,12,lac,bal,30,69,23,51,7,18
2024_12_DAL_WAS,2024,12,dal,wsh,30,66,21,38,9,28
2024_12_DAL_WAS,2024,12,wsh,dal,26,68,16,44,10,24
2024_12_DEN_LV,2024,12,den,lv,27,68,21,45,6,23
2024_12_DEN_LV,2024,12,lv,den,31,77,25,63,6,14
2024_12_DET_IND,2024,12,det,ind,37,71,21,40,16,31
2024_12_DET_IND,2024,12,ind,det,16,54,10,35,6,19
2024_12_KC_CAR,2024,12,car,kc,28,61,19,43,9,18
2024_12_KC_CAR,2024,12,kc,car,41,74,27,52,14,22
2024_12_MIN_CHI,2024,12,chi,min,31,73,26,56,5,17
2024_12_MIN_CHI,2024,12,min,chi,33,71,23,43,10,28
2024_12_NE_MIA,2024,12,mia,ne,30,65,24,43,6,22
2024_12_NE_MIA,2024,12,ne,mia,25,67,19,51,6,16
2024_12_PHI_LA,2024,12,lar,phi,30,63,22,46,8,17
2024_12_PHI_LA,2024,12,phi,lar,35,70,16,30,19,40
2024_12_PIT_CLE,2024,12,cle,pit,28,57,15,31,13,26
2024_12_PIT_CLE,2024,12,pit,cle,26,68,16,35,10,33
2024_12_SF_GB,2024,12,gb,sf,34,71,14,27,20,44
2024_12_SF_GB,2024,12,sf,gb,15,48,11,32,4,16
2024_12_TB_NYG,2024,12,nyg,tb,23,58,18,43,5,15
2024_12_TB_NYG,2024,12,tb,nyg,33,65,22,35,11,30
2024_12_TEN_HOU,2024,12,hou,ten,18,56,16,42,2,14
2024_12_TEN_HOU,2024,12,ten,hou,25,65,14,36,11,29
2024_13_ARI_MIN,2024,13,ari,min,38,81,26,54,12,27
2024_13_ARI_MIN,2024,13,min,ari,28,52,21,41,7,11
2024_13_CHI_DET,2024,13,chi,det,26,65,22,54,4,11
2024_13_CHI_DET,2024,13,det,chi,32,70,16,36,16,34
2024_13_CLE_DEN,2024,13,cle,den,34,85,28,63,6,22
2024_13_CLE_DEN,2024,13,den,cle,29,64,18,40,11,24
2024_13_HOU_JAX,2024,13,hou,jax,24,60,15,40,9,20
2024_13_HOU_JAX,2024,13,jax,hou,27,68,15,45,12,23
2024_13_IND_NE,2024,13,ind,ne,32,60,14,28,18,32
2024_13_IND_NE,2024,13,ne,ind,35,71,24,42,11,29
2024_13_LA_NO,2024,13,lar,no,27,54,12,27,15,27
2024_13_LA_NO,2024,13,no,lar,27,70,16,41,11,29
2024_13_LAC_ATL,2024,13,atl,lac,36,81,22,43,14,38
2024_13_LAC_ATL,2024,13,lac,atl,13,43,8,29,5,14
2024_13_LV_KC,2024,13,kc,lv,24,69,22,55,2,14
2024_13_LV_KC,2024,13,lv,kc,29,67,17,41,12,26
2024_13_MIA_GB,2024,13,gb,mia,26,54,17,29,9,25
2024_13_MIA_GB,2024,13,mia,gb,35,69,31,54,4,15
2024_13_NYG_DAL,2024,13,dal,nyg,29,73,17,42,12,31
2024_13_NYG_DAL,2024,13,nyg,dal,25,63,20,45,5,18
2024_13_PHI_BAL,2024,13,bal,phi,29,72,20,45,9,27
2024_13_PHI_BAL,2024,13,phi,bal,24,54,10,23,14,31
2024_13_PIT_CIN,2024,13,cin,pit,34,62,29,49,5,13
2024_13_PIT_CIN,2024,13,pit,cin,39,66,29,43,10,23
2024_13_SEA_NYJ,2024,13,nyj,sea,24,66,17,45,7,21
2024_13_SEA_NYJ,2024,13,sea,nyj,23,62,12,38,11,24
2024_13_SF_BUF,2024,13,buf,sf,29,55,11,20,18,35
2024_13_SF_BUF,2024,13,sf,buf,16,47,6,22,10,25
2024_13_TB_CAR,2024,13,car,tb,34,70,26,52,8,18
2024_13_TB_CAR,2024,13,tb,car,36,79,20,41,16,38
2024_13_TEN_WAS,2024,13,ten,wsh,17,54,14,42,3,12
2024_13_TEN_WAS,2024,13,wsh,ten,47,81,25,42,22,39
2024_14_ATL_MIN,2024,14,atl,min,39,73,21,40,18,33
2024_14_ATL_MIN,2024,14,min,atl,29,57,20,36,9,21
2024_14_BUF_LA,2024,14,buf,lar,32,60,25,45,7,15
2024_14_BUF_LA,2024,14,lar,buf,40,77,23,35,17,42
2024_14_CAR_PHI,2024,14,car,phi,27,70,18,43,9,27
2024_14_CAR_PHI,2024,14,phi,car,26,56,11,29,15,27
2024_14_CHI_SF,2024,14,chi,sf,21,52,15,33,6,19
2024_14_CHI_SF,2024,14,sf,chi,30,60,16,28,14,32
2024_14_CIN_DAL,2024,14,cin,dal,34,69,27,52,7,17
2024_14_CIN_DAL,2024,14,dal,cin,27,60,13,36,14,24
2024_14_CLE_PIT,2024,14,cle,pit,28,72,17,47,11,25
2024_14_CLE_PIT,2024,14,pit,cle,23,63,12,31,11,32
2024_14_GB_DET,2024,14,det,gb,38,80,26,45,12,35
2024_14_GB_DET,2024,14,gb,det,23,49,12,27,11,22
2024_14_JAX_TEN,2024,14,jax,ten,24,58,17,35,7,23
2024_14_JAX_TEN,2024,14,ten,jax,24,64,13,35,11,29
2024_14_LAC_KC,2024,14,kc,lac,37,67,26,46,11,21
2024_14_LAC_KC,2024,14,lac,kc,24,60,15,38,9,22
2024_14_LV_TB,2024,14,lv,tb,27,66,17,43,10,23
2024_14_LV_TB,2024,14,tb,lv,31,62,19,38,12,24
2024_14_NO_NYG,2024,14,no,nyg,29,68,15,36,14,32
2024_14_NO_NYG,2024,14,nyg,no,26,76,21,58,5,18
2024_14_NYJ_MIA,2024,14,mia,nyj,40,70,31,50,9,20
2024_14_NYJ_MIA,2024,14,nyj,mia,36,68,25,45,11,23
2024_14_SEA_ARI,2024,14,ari,sea,31,69,22,47,9,22
2024_14_SEA_ARI,2024,14,sea,ari,30,63,17,31,13,32
2024_15_ATL_LV,2024,15,atl,lv,20,58,9,22,11,36
2024_15_ATL_LV,2024,15,lv,atl,26,66,20,47,6,19
2024_15_BAL_NYG,2024,15,bal,nyg,35,58,19,29,16,29
2024_15_BAL_NYG,2024,15,nyg,bal,26,67,19,48,7,19
2024_15_BUF_DET,2024,15,buf,det,38,69,22,38,16,31
2024_15_BUF_DET,2024,15,det,buf,37,77,33,64,4,13
2024_15_CHI_MIN,2024,15,chi,min,24,66,12,38,12,28
2024_15_CHI_MIN,2024,15,min,chi,39,77,26,47,13,30
2024_15_CIN_TEN,2024,15,cin,ten,34,68,23,41,11,27
2024_15_CIN_TEN,2024,15,ten,cin,37,69,25,44,12,25
2024_15_DAL_CAR,2024,15,car,dal,23,55,18,42,5,13
2024_15_DAL_CAR,2024,15,dal,car,38,70,16,30,22,40
2024_15_GB_SEA,2024,15,gb,sea,32,64,18,30,14,34
2024_15_GB_SEA,2024,15,sea,gb,19,59,15,44,4,15
2024_15_IND_DEN,2024,15,den,ind,21,60,16,39,5,21
2024_15_IND_DEN,2024,15,ind,den,23,76,15,46,8,30
2024_15_KC_CLE,2024,15,cle,kc,23,61,17,43,6,18
2024_15_KC_CLE,2024,15,kc,cle,30,73,19,42,11,31
2024_15_LA_SF,2024,15,lar,sf,26,65,11,28,15,37
2024_15_LA_SF,2024,15,sf,lar,16,54,10,35,6,19
2024_15_MIA_HOU,2024,15,hou,mia,19,48,14,33,5,15
2024_15_MIA_HOU,2024,15,mia,hou,30,68,22,49,8,19
2024_15_NE_ARI,2024,15,ari,ne,30,69,19,41,11,28
2024_15_NE_ARI,2024,15,ne,ari,28,51,17,29,11,22
2024_15_NYJ_JAX,2024,15,jax,nyj,45,83,30,57,15,26
2024_15_NYJ_JAX,2024,15,nyj,jax,24,57,18,40,6,17
2024_15_PIT_PHI,2024,15,phi,pit,35,77,22,40,13,37
2024_15_PIT_PHI,2024,15,pit,phi,15,43,9,27,6,16
2024_15_TB_LAC,2024,15,lac,tb,21,52,18,41,3,11
2024_15_TB_LAC,2024,15,tb,lac,37,72,20,35,17,37
2024_15_WAS_NO,2024,15,no,wsh,20,53,14,38,6,15
2024_15_WAS_NO,2024,15,wsh,no,37,78,23,48,14,30
2024_16_ARI_CAR,2024,16,ari,car,36,70,22,45,14,25
2024_16_ARI_CAR,2024,16,car,ari,31,67,16,35,15,32
2024_16_CLE_CIN,2024,16,cin,cle,30,55,20,36,10,19
2024_16_CLE_CIN,2024,16,cle,cin,25,66,16,45,9,21
2024_16_DEN_LAC,2024,16,den,lac,28,64,20,45,8,19
2024_16_DEN_LAC,2024,16,lac,den,32,60,25,39,7,21
2024_16_DET_CHI,2024,16,chi,det,27,63,24,48,3,15
2024_16_DET_CHI,2024,16,det,chi,36,64,19,33,17,31
2024_16_HOU_KC,2024,16,hou,kc,22,59,18,44,4,15
2024_16_HOU_KC,2024,16,kc,hou,35,72,26,49,9,23
2024_16_JAX_LV,2024,16,jax,lv,19,67,13,45,6,22
2024_16_JAX_LV,2024,16,lv,jax,29,70,20,46,9,24
2024_16_LA_NYJ,2024,16,lar,nyj,25,49,10,20,15,29
2024_16_LA_NYJ,2024,16,nyj,lar,30,69,24,49,6,20
2024_16_MIN_SEA,2024,16,min,sea,30,63,23,42,7,21
2024_16_MIN_SEA,2024,16,sea,min,32,64,25,48,7,16
2024_16_NE_BUF,2024,16,buf,ne,27,59,16,35,11,24
2024_16_NE_BUF,2024,16,ne,buf,36,74,24,45,12,29
2024_16_NO_GB,2024,16,gb,no,34,67,12,30,22,37
2024_16_NO_GB,2024,16,no,gb,18,55,14,39,4,16
2024_16_NYG_ATL,2024,16,atl,nyg,33,65,16,30,17,35
2024_16_NYG_ATL,2024,16,nyg,atl,25,58,19,44,6,14
2024_16_PHI_WAS,2024,16,phi,wsh,29,74,18,40,11,34
2024_16_PHI_WAS,2024,16,wsh,phi,27,65,21,47,6,18
2024_16_PIT_BAL,2024,16,bal,pit,31,59,14,25,17,34
2024_16_PIT_BAL,2024,16,pit,bal,22,59,16,37,6,22
2024_16_SF_MIA,2024,16,mia,sf,33,66,17,35,16,31
2024_16_SF_MIA,2024,16,sf,mia,30,62,24,45,6,17
2024_16_TB_DAL,2024,16,dal,tb,21,57,19,39,2,18
2024_16_TB_DAL,2024,16,tb,dal,38,72,27,52,11,20
2024_16_TEN_IND,2024,16,ind,ten,31,62,6,14,25,48
2024_16_TEN_IND,2024,16,ten,ind,27,58,20,38,7,20
2024_17_ARI_LA,2024,17,ari,lar,41,79,31,58,10,21
2024_17_ARI_LA,2024,17,lar,ari,25,56,17,36,8,20
2024_17_ATL_WAS,2024,17,atl,wsh,34,64,18,42,16,22
2024_17_ATL_WAS,2024,17,wsh,atl,41,82,25,51,16,31
2024_17_BAL_HOU,2024,17,bal,hou,37,63,11,21,26,42
2024_17_BAL_HOU,2024,17,hou,bal,18,56,15,40,3,16
2024_17_CAR_TB,2024,17,car,tb,17,47,14,36,3,11
2024_17_CAR_TB,2024,17,tb,car,45,74,24,37,21,37
2024_17_DAL_PHI,2024,17,dal,phi,25,62,12,32,13,30
2024_17_DAL_PHI,2024,17,phi,dal,31,63,11,22,20,41
2024_17_DEN_CIN,2024,17,cin,den,50,89,40,64,10,25
2024_17_DEN_CIN,2024,17,den,cin,27,60,18,39,9,21
2024_17_DET_SF,2024,17,det,sf,37,67,22,37,15,30
2024_17_DET_SF,2024,17,sf,det,38,63,33,47,5,16
2024_17_GB_MIN,2024,17,gb,min,28,61,18,36,10,25
2024_17_GB_MIN,2024,17,min,gb,36,69,28,46,8,23
2024_17_IND_NYG,2024,17,ind,nyg,37,76,25,43,12,33
2024_17_IND_NYG,2024,17,nyg,ind,21,52,17,26,4,26
2024_17_KC_PIT,2024,17,kc,pit,31,61,24,42,7,19
2024_17_KC_PIT,2024,17,pit,kc,32,75,20,49,12,26
2024_17_LAC_NE,2024,17,lac,ne,42,79,27,45,15,34
2024_17_LAC_NE,2024,17,ne,lac,18,53,14,38,4,15
2024_17_LV_NO,2024,17,lv,no,32,75,19,37,13,38
2024_17_LV_NO,2024,17,no,lv,22,60,18,47,4,13
2024_17_MIA_CLE,2024,17,cle,mia,27,79,15,51,12,28
2024_17_MIA_CLE,2024,17,mia,cle,21,58,18,37,3,21
2024_17_NYJ_BUF,2024,17,buf,nyj,33,68,19,37,14,31
2024_17_NYJ_BUF,2024,17,nyj,buf,29,61,19,39,10,22
2024_17_SEA_CHI,2024,17,chi,sea,21,61,11,41,10,20
2024_17_SEA_CHI,2024,17,sea,chi,21,51,13,28,8,23
2024_17_TEN_JAX,2024,17,jax,ten,27,57,15,26,12,31
2024_17_TEN_JAX,2024,17,ten,jax,35,69,21,41,14,28
2024_18_BUF_NE,2024,18,buf,ne,27,67,12,33,15,34
2024_18_BUF_NE,2024,18,ne,buf,26,61,17,36,9,25
2024_18_CAR_ATL,2024,18,atl,car,48,79,21,41,27,38
2024_18_CAR_ATL,2024,18,car,atl,33,66,23,41,10,25
2024_18_CHI_GB,2024,18,chi,gb,22,61,11,35,11,26
2024_18_CHI_GB,2024,18,gb,chi,28,64,12,31,16,33
2024_18_CIN_PIT,2024,18,cin,pit,36,73,25,52,11,21
2024_18_CIN_PIT,2024,18,pit,cin,22,61,16,40,6,21
2024_18_CLE_BAL,2024,18,bal,cle,30,69,19,38,11,31
2024_18_CLE_BAL,2024,18,cle,bal,17,58,14,41,3,17
2024_18_HOU_TEN,2024,18,hou,ten,30,59,17,32,13,27
2024_18_HOU_TEN,2024,18,ten,hou,21,61,13,31,8,30
2024_18_JAX_IND,2024,18,ind,jax,38,78,20,44,18,34
2024_18_JAX_IND,2024,18,jax,ind,28,67,17,37,11,30
2024_18_KC_DEN,2024,18,den,kc,41,73,24,36,17,37
2024_18_KC_DEN,2024,18,kc,den,5,34,5,24,0,10
2024_18_LAC_LV,2024,18,lac,lv,39,72,26,39,13,33
2024_18_LAC_LV,2024,18,lv,lac,23,50,19,39,4,11
2024_18_MIA_NYJ,2024,18,mia,nyj,29,70,22,49,7,21
2024_18_MIA_NYJ,2024,18,nyj,mia,27,63,18,41,9,22
2024_18_MIN_DET,2024,18,det,min,32,68,21,36,11,32
2024_18_MIN_DET,2024,18,min,det,21,64,15,48,6,16
2024_18_NO_TB,2024,18,no,tb,28,66,21,48,7,18
2024_18_NO_TB,2024,18,tb,no,30,66,21,40,9,26
2024_18_NYG_PHI,2024,18,nyg,phi,21,54,12,29,9,25
2024_18_NYG_PHI,2024,18,phi,nyg,27,67,22,43,5,24
2024_18_SEA_LA,2024,18,lar,sea,29,65,22,45,7,20
2024_18_SEA_LA,2024,18,sea,lar,29,53,15,29,14,24
2024_18_SF_ARI,2024,18,ari,sf,35,65,25,39,10,26
2024_18_SF_ARI,2024,18,sf,ari,35,74,23,48,12,26
2024_18_WAS_DAL,2024,18,dal,wsh,33,78,18,40,15,38
2024_18_WAS_DAL,2024,18,wsh,dal,27,55,19,40,8,15
