qb_id,qb_name,pregame_as_of,pregame_games,pregame_dropbacks,pregame_sack_rate,pregame_hit_allowed_rate,vulnerability_z,trailing8_z,trailing16_z
00-0038108,Bailey Zappe,2024-01-07T18:00:00.000Z,7,238.0,0.07563025210084033,0.12184873949579832,0.6289347183887312,0.6289347183887312,0.6289347183887312
00-0039910,Jayden Daniels,2025-12-14T18:00:00.000Z,19,784.0,0.07015306122448979,0.11607142857142858,0.5498638339606788,0.9003441290973709,0.49446233228664443
00-0036945,Justin Fields,2025-11-23T18:00:00.000Z,36,1245.0,0.09477911646586346,0.18393574297188756,0.46042065080389094,-0.014540052700467107,0.1408392627113111
00-0040704,Dillon Gabriel,2025-11-16T21:25:00.000Z,5,211.0,0.08056872037914692,0.15165876777251186,0.42743936013054623,0.42743936013054623,0.42743936013054623
00-0036389,Jalen Hurts,2026-01-04T21:25:00.000Z,55,2007.0,0.06178375685102142,0.10513203786746388,0.42739148858359877,-0.14105321465951445,0.36078462799535943
00-0028118,Tyrod Taylor,2025-12-07T18:00:00.000Z,6,266.0,0.08270676691729323,0.15789473684210525,0.4194573288433155,0.4194573288433155,0.4194573288433155
00-0037013,Zach Wilson,2023-12-17T18:00:00.000Z,17,661.0,0.0832072617246596,0.1588502269288956,0.4128114464127335,0.38714573968980076,0.5163314679244843
00-0035228,Kyler Murray,2025-10-12T17:00:00.000Z,37,1521.0,0.055226824457593686,0.09138724523339908,0.3968700145582948,0.4697481851555131,0.32842954456470297
00-0034796,Lamar Jackson,2025-12-28T01:00:00.000Z,49,1759.0,0.06310403638430927,0.1114269471290506,0.3965921008561191,0.9127432010251457,0.5164335612609978
00-0034855,Baker Mayfield,2026-01-03T21:30:00.000Z,57,2238.0,0.05987488829311886,0.1032171581769437,0.3957731681382249,0.48199493343304967,0.40026215114631375
00-0037077,Sam Howell,2024-01-07T21:25:00.000Z,15,685.0,0.0905109489051095,0.1781021897810219,0.39508910678952913,-0.048779072188785466,0.39508910678952913
00-0035289,Gardner Minshew,2024-11-29T20:00:00.000Z,20,815.0,0.07239263803680981,0.13374233128834356,0.38913480252805926,0.577510131617474,0.33497109787950624
00-0040676,Cam Ward,2026-01-04T18:00:00.000Z,16,650.0,0.08461538461538462,0.16615384615384615,0.38559711693513316,0.02638086319971296,0.38559711693513316
00-0039851,Drake Maye,2026-01-04T21:25:00.000Z,22,919.0,0.07399347116430903,0.13928182807399347,0.3839531512658311,0.4186462408843083,0.5186924660625147
00-0040743,Tyler Shough,2026-01-04T18:00:00.000Z,7,272.0,0.07352941176470588,0.14338235294117646,0.3276370064192436,0.3276370064192436,0.3276370064192436
00-0038122,Desmond Ridder,2024-12-22T21:25:00.000Z,16,588.0,0.0663265306122449,0.12414965986394558,0.3250580659647863,0.03660857253438994,0.3250580659647863
00-0036212,Tua Tagovailoa,2025-12-21T18:00:00.000Z,42,1600.0,0.0525,0.091875,0.3198948728437728,0.6175824397386965,0.5697080169138783
00-0033537,Deshaun Watson,2024-10-20T17:00:00.000Z,14,558.0,0.0985663082437276,0.2060931899641577,0.30652547370020694,-0.12943559127192317,0.30652547370020694
00-0039376,Spencer Rattler,2025-10-26T20:05:00.000Z,10,424.0,0.06367924528301887,0.12264150943396226,0.27732203666231026,0.25391781494785254,0.27732203666231026
00-0039152,Will Levis,2024-12-15T18:00:00.000Z,17,643.0,0.1026438569206843,0.2208398133748056,0.2618112057630061,0.9591256945213676,0.39967083370430206
00-0035993,Tyler Huntley,2026-01-05T01:20:00.000Z,10,324.0,0.07407407407407407,0.15123456790123457,0.24888010064564456,0.2640557150886548,0.24888010064564456
00-0040691,Jaxson Dart,2026-01-04T18:00:00.000Z,7,255.0,0.08235294117647059,0.17254901960784313,0.2463649765465659,0.2463649765465659,0.2463649765465659
00-0038579,Aidan O'Connell,2025-01-05T21:25:00.000Z,13,500.0,0.058,0.114,0.20042611504915195,0.06044442966486292,0.20042611504915195
00-0039918,Caleb Williams,2026-01-04T21:25:00.000Z,29,1210.0,0.0628099173553719,0.12892561983471074,0.18126933799419007,-0.5873577031296378,-0.22485284865577754
00-0034869,Sam Darnold,2026-01-04T01:00:00.000Z,37,1281.0,0.0624512099921936,0.13036690085870414,0.15748599243275632,0.24755261599841527,-0.10875259301100254
00-0032950,Carson Wentz,2025-11-02T18:00:00.000Z,12,521.0,0.08445297504798464,0.18426103646833014,0.15662476331328964,0.3852399439297914,0.15662476331328964
00-0035100,Jake Browning,2025-10-12T20:25:00.000Z,8,334.0,0.08682634730538923,0.19161676646706588,0.14879194220558756,0.14879194220558756,0.14879194220558756
00-0027973,Andy Dalton,2025-11-02T18:00:00.000Z,19,682.0,0.05718475073313783,0.12023460410557185,0.11516999580446706,0.23214099191600476,0.22058183845340995
00-0039150,Bryce Young,2026-01-03T21:30:00.000Z,40,1555.0,0.07138263665594856,0.1581993569131833,0.09450928461208954,0.03343054246479787,-0.03126114348566943
00-0030565,Geno Smith,2026-01-04T21:25:00.000Z,57,2322.0,0.07019810508182601,0.16236003445305772,0.006998069433625491,0.45553045171086837,0.2538958165581856
00-0037834,Brock Purdy,2026-01-04T01:00:00.000Z,37,1302.0,0.052995391705069124,0.1205837173579109,-0.0030376173585010043,-0.49065780573975293,-0.18034794635611454
00-0036972,Mac Jones,2025-11-16T21:05:00.000Z,35,1383.0,0.0549530007230658,0.12581344902386118,-0.020357729708471203,-0.4484597125146001,-0.2673587553649784
00-0036971,Trevor Lawrence,2026-01-04T18:00:00.000Z,49,1965.0,0.050381679389312976,0.11552162849872774,-0.020522054401661192,0.03148957088262768,0.04773327364207889
00-0039917,Michael Penix Jr.,2025-11-23T21:25:00.000Z,10,379.0,0.04221635883905013,0.09498680738786279,-0.02271037858093783,-0.03323768956292015,-0.02271037858093783
00-0039163,C.J. Stroud,2026-01-04T18:00:00.000Z,36,1443.0,0.0595980595980596,0.13998613998613998,-0.036178064701659976,-0.4468072789290836,-0.17722745331787834
00-0023459,Aaron Rodgers,2026-01-05T01:20:00.000Z,40,1552.0,0.04961340206185567,0.11533505154639176,-0.040438060003305965,0.3025279918564221,0.1453196350869169
00-0031345,Jimmy Garoppolo,2023-11-05T21:25:00.000Z,13,447.0,0.05592841163310962,0.1319910514541387,-0.054668148663884635,-0.10602796658062999,-0.054668148663884635
00-0035710,Daniel Jones,2025-12-07T18:00:00.000Z,35,1397.0,0.06728704366499642,0.16105941302791696,-0.0699004987809472,-0.24931206944351897,-0.25400283461852663
00-0026143,Matt Ryan,2022-12-27T01:15:00.000Z,12,530.0,0.07169811320754717,0.17358490566037735,-0.08366069157957354,-0.20049756576790945,-0.08366069157957354
00-0038102,Kenny Pickett,2025-12-21T21:25:00.000Z,20,782.0,0.061381074168797956,0.149616368286445,-0.09697322943704026,-0.09759687963426696,-0.3156748547237556
00-0039923,J.J. McCarthy,2025-12-25T21:30:00.000Z,8,258.0,0.09302325581395349,0.22868217054263565,-0.09921404292228665,-0.09921404292228665,-0.09921404292228665
00-0029701,Ryan Tannehill,2024-01-07T18:00:00.000Z,15,525.0,0.0838095238095238,0.2038095238095238,-0.106156467175611,0.09681744534832341,-0.106156467175611
00-0034857,Josh Allen,2026-01-04T21:25:00.000Z,57,2271.0,0.04579480405107882,0.11228533685601057,-0.11685868035653241,0.5042177752408946,0.2450482571335069
00-0036898,Davis Mills,2025-11-30T18:00:00.000Z,13,520.0,0.06538461538461539,0.16153846153846155,-0.13097562879536245,-0.15431718686912227,-0.13097562879536245
00-0035704,Drew Lock,2025-01-05T18:00:00.000Z,6,251.0,0.06772908366533864,0.16733067729083664,-0.13803705823277038,-0.13803705823277038,-0.13803705823277038
00-0032268,Marcus Mariota,2025-12-25T18:00:00.000Z,20,611.0,0.06546644844517185,0.16366612111292964,-0.14236303470224088,-0.42426212482715137,-0.13057530600050976
00-0029263,Russell Wilson,2025-09-28T17:00:00.000Z,41,1593.0,0.0778405524168236,0.19397363465160075,-0.14893713791471574,-0.2292883349451233,-0.2032814170097845
00-0036442,Joe Burrow,2026-01-04T18:00:00.000Z,44,1986.0,0.059415911379657606,0.1515609264853978,-0.174992999840692,-0.2359308422094164,-0.479757778615279
00-0034771,Mason Rudolph,2025-11-30T21:25:00.000Z,9,326.0,0.049079754601226995,0.12576687116564417,-0.18665577553078422,-0.17080510583115588,-0.18665577553078422
00-0031503,Jameis Winston,2025-12-02T01:15:00.000Z,10,454.0,0.06387665198237885,0.16299559471365638,-0.19445321721550746,-0.45893454778957254,-0.19445321721550746
00-0031280,Derek Carr,2024-12-15T18:00:00.000Z,35,1312.0,0.041920731707317076,0.10899390243902439,-0.20237945355374443,-0.400509638896794,-0.2074239103082061
00-0033077,Dak Prescott,2026-01-04T18:00:00.000Z,37,1594.0,0.05269761606022585,0.13864491844416563,-0.22031619848566947,-0.47582242797907,-0.46555050561550426
00-0026158,Joe Flacco,2025-11-28T01:20:00.000Z,20,921.0,0.04451682953311618,0.11834961997828447,-0.23049026832575087,-0.2571640003544526,-0.046863663106972125
00-0039732,Bo Nix,2026-01-04T21:25:00.000Z,33,1350.0,0.03185185185185185,0.08888888888888889,-0.24804711169604846,-0.46556696051965424,-0.4252966139618069
00-0036355,Justin Herbert,2026-01-04T21:25:00.000Z,53,2270.0,0.06211453744493392,0.166079295154185,-0.2693503517048646,-0.11365064153287359,-0.30945233170084463
00-0033662,Cooper Rush,2025-10-26T17:00:00.000Z,12,433.0,0.03926096997690531,0.11085450346420324,-0.29934627765815996,-0.1869847729396721,-0.29934627765815996
00-0026498,Matthew Stafford,2026-01-04T21:25:00.000Z,54,2096.0,0.05104961832061069,0.14646946564885496,-0.36137556256099285,-0.6138475160764082,-0.5356118073781028
00-0019596,Tom Brady,2023-01-08T18:00:00.000Z,16,781.0,0.028169014084507043,0.0973111395646607,-0.42089514204651707,-0.6674819378296681,-0.42089514204651707
00-0036264,Jordan Love,2025-12-28T01:00:00.000Z,39,1443.0,0.04227304227304227,0.13028413028413027,-0.4268452297579405,-0.8475961969230515,-0.7390481088964698
00-0039164,Anthony Richardson,2024-12-29T18:00:00.000Z,11,343.0,0.04664723032069971,0.13994169096209913,-0.43053247398128675,-0.7473030865654827,-0.43053247398128675
00-0033119,Jacoby Brissett,2026-01-04T21:25:00.000Z,24,1000.0,0.062,0.182,-0.45715212739470046,-0.1764501370167795,-0.5089058230681046
00-0033106,Jared Goff,2026-01-04T21:25:00.000Z,63,2414.0,0.048467274233637114,0.152029826014913,-0.5003241289738231,-0.40210937974422495,-0.5274479198964085
00-0033873,Patrick Mahomes,2025-12-21T18:00:00.000Z,59,2646.0,0.04421768707482993,0.14247921390778534,-0.5160646460873368,-0.39964564113071044,-0.6506308276227035
00-0029604,Kirk Cousins,2026-01-04T18:00:00.000Z,39,1601.0,0.05121798875702686,0.16364772017489068,-0.5515917235383023,-0.5059623555310437,-0.46236770368995894
00-0031800,Taylor Heinicke,2024-01-07T18:00:00.000Z,10,355.0,0.05352112676056338,0.16901408450704225,-0.57027949104639,-0.28174339146882216,-0.57027949104639
00-0033949,Joshua Dobbs,2023-12-16T18:00:00.000Z,12,480.0,0.05,0.18958333333333333,-0.9061477777624897,-0.8741902411058231,-0.9061477777624897
