"Real-Time ADP — Redraft PPR, All, 12-team — Last updated 50 minutes ago"

RK,Name,POS.RK,REAL-TIME,TREND (24H),TREND (7D),PICK NUM.,ESPN,YAHOO,SLEEPER
1,Jahmyr Gibbs DET (6),RB1,1.3,0.1,0.2,1.01,1,,1
2,Bijan Robinson ATL (11),RB2,2.2,1.8,-0.2,1.02,2,,2
3,Ja'Marr Chase CIN (6),WR1,3.2,0.1,-0.1,1.03,3,,3
4,Puka Nacua LAR (11),WR2,5.3,0.1,-0.8,1.04,4,,4
5,Christian McCaffrey SF (8),RB3,6.1,0.2,0.4,1.05,6,,5
6,Jaxon Smith-Njigba SEA (11),WR3,6.6,1.7,-0.7,1.06,5,,6
7,Jonathan Taylor IND (13),RB4,7.2,1.9,0.4,1.07,7,,7
8,Amon-Ra St. Brown DET (6),WR4,7.6,1.7,-0.3,1.08,8,,8
9,James Cook III BUF (7),RB5,10,1.4,-0.2,1.09,12,,10
10,CeeDee Lamb DAL (14),WR5,10.5,-0.4,-0.2,1.10,9,,9
11,Saquon Barkley PHI (10),RB6,12,-0.1,1.6,1.11,13,,13
12,Justin Jefferson MIN (6),WR6,12.4,0.5,-0.6,1.12,11,,11
13,De'Von Achane MIA (6),RB7,14.5,-0.1,-0.5,2.01,10,,12
14,Chase Brown CIN (6),RB8,15,0,0.9,2.02,21,,16
15,Kenneth Walker III KC (5),RB9,16.6,-0.1,1.4,2.03,18,,19
16,Omarion Hampton LAC (7),RB10,17.2,-0.2,0,2.04,24,,15
17,A.J. Brown NE (11),WR7,18.4,0.9,1.5,2.05,25,,18
18,Derrick Henry BAL (13),RB11,19.4,-1.1,0.5,2.06,16,,21
19,Drake London ATL (11),WR8,19.5,-0.4,-1.1,2.07,15,,17
20,Ashton Jeanty LV (13),RB12,19.6,0.9,-5.5,2.08,14,,14
21,George Pickens DAL (14),WR9,22.3,0.6,0.8,2.09,27,,24
22,Brock Bowers LV (13),TE1,23,-0.9,-1.5,2.10,23,,23
23,Nico Collins HOU (8),WR10,23.3,-0.6,0.3,2.11,26,,25
24,Josh Allen BUF (7),QB1,23.7,0.2,1,2.12,19,,22
25,Trey McBride ARI (14),TE2,25.8,1,-0.3,3.01,17,,20
26,Malik Nabers NYG (8),WR11,26.5,1.8,1.4,3.02,30,,27
27,Chris Olave NO (8),WR12,28.7,0.2,1.8,3.03,28,,30
28,Kyren Williams LAR (11),RB13,29,-2.1,0.1,3.04,38,,29
29,Jeremiyah Love ARI (14),RB14,30.4,0.2,-1.9,3.05,22,,26
30,Rashee Rice KC (5),WR13,30.4,-0.1,-1,3.06,20,,28
31,DeVonta Smith PHI (10),WR14,31.4,1.9,1.9,3.07,36,,36
32,Javonte Williams DAL (14),RB15,34.1,0.3,0.5,3.08,31,,35
33,Josh Jacobs GB (11),RB16,35,-0.3,0.1,3.09,33,,31
34,Breece Hall NYJ (13),RB17,35.6,0,-1.4,3.10,29,,33
35,Tee Higgins CIN (6),WR15,36.8,-0.3,0.3,3.11,51,,34
36,Ladd McConkey LAC (7),WR16,37,0.7,1.5,3.12,46,,38
37,Zay Flowers BAL (13),WR17,37.3,-1,0,4.01,35,,42
38,Tetairoa McMillan CAR (5),WR18,39.2,2,0.3,4.02,37,,37
39,Lamar Jackson BAL (13),QB2,39.9,0,1.9,4.03,34,,32
40,Jaylen Waddle DEN (10),WR19,40.3,2.4,5.1,4.04,52,,46
41,Colston Loveland CHI (10),TE3,42.1,-0.1,1.2,4.05,41,,40
42,Emeka Egbuka TB (10),WR20,42.1,-1.6,-2.8,4.06,44,,39
43,Travis Etienne Jr. NO (8),RB18,42.9,-0.8,1.7,4.07,39,,44
44,Garrett Wilson NYJ (13),WR21,43.8,-0.5,2.3,4.08,32,,45
45,Cam Skattebo NYG (8),RB19,45.3,-3.8,-3.8,4.09,40,,43
46,Bucky Irving TB (10),RB20,48.8,-0.2,-1.5,4.10,49,,41
47,D'Andre Swift CHI (10),RB21,48.8,-1.9,1.1,4.11,56,,55
48,David Montgomery HOU (8),RB22,50.3,-2.6,-0.1,4.12,60,,49
49,Davante Adams LAR (11),WR22,50.8,2.7,2.1,5.01,42,,50
50,Tyler Warren IND (13),TE4,51.3,0.7,-3.3,5.02,45,,47
51,DJ Moore BUF (7),WR23,53,0.6,3.2,5.03,55,,57
52,Drake Maye NE (11),QB3,53.1,-1.2,1.2,5.04,43,,48
53,Terry McLaurin WAS (7),WR24,53.3,-0.2,-0.6,5.05,54,,56
54,Quinshon Judkins CLE (11),RB23,56.2,-1.2,-2.5,5.06,50,,54
55,Luther Burden III CHI (10),WR25,56.7,-1,-2,5.07,66,,52
56,Joe Burrow CIN (6),QB4,57.3,-2.5,1.3,5.08,53,,51
57,Bhayshul Tuten JAC (7),RB24,59.7,2.1,-0.6,5.09,62,,63
58,Jameson Williams DET (6),WR26,60.4,-1.3,-0.9,5.10,59,,58
59,TreVeyon Henderson NE (11),RB25,60.9,-0.5,-1.6,5.11,67,,53
60,Rome Odunze CHI (10),WR27,61.3,-0.1,-1.4,5.12,57,,65
61,Jadarian Price SEA (11),RB26,61.8,-0.1,3.4,6.01,65,,67
62,Jalen Hurts PHI (10),QB5,61.9,3,5.9,6.02,48,,60
63,Mike Evans SF (8),WR28,62.8,2.4,-3.5,6.03,82,,61
64,Christian Watson GB (11),WR29,65.6,-0.8,-0.6,6.04,85,,69
65,Tucker Kraft GB (11),TE5,66.3,1.4,2.8,6.05,78,,62
66,Sam LaPorta DET (6),TE6,66.8,0.4,-3.9,6.06,61,,59
67,Jayden Daniels WAS (7),QB6,67.2,-1.6,0.1,6.07,47,,64
68,Jaylen Warren PIT (9),RB27,70.1,-0.5,1.8,6.08,89,,73
69,Parker Washington JAC (7),WR30,70.3,-1.4,0.5,6.09,84,,76
70,Carnell Tate TEN (9),WR31,72.8,-0.3,-2.7,6.10,68,,66
71,Marvin Harrison Jr. ARI (14),WR32,73.7,1.2,1.9,6.11,73,,75
72,Caleb Williams CHI (10),QB7,74.2,0.1,2.7,6.12,80,,71
73,Kyle Pitts Sr. ATL (11),TE7,75.8,-1.1,-2.1,7.01,58,,70
74,Harold Fannin Jr. CLE (11),TE8,75.8,-0.3,1.2,7.02,63,,68
75,Brian Thomas Jr. JAC (7),WR33,76.4,-0.8,-2.3,7.03,92,,72
76,Rhamondre Stevenson NE (11),RB28,76.6,0.8,2.9,7.04,71,,81
77,DK Metcalf PIT (9),WR34,77.9,0.7,1.4,7.05,75,,74
78,Dak Prescott DAL (14),QB8,82.1,1.5,5.4,7.06,72,,78
79,Rico Dowdle PIT (9),RB29,83.5,1.7,1.5,7.07,95,,85
80,Tony Pollard TEN (9),RB30,84.3,-1.5,-3.3,7.08,97,,84
81,Justin Herbert LAC (7),QB9,85.8,2.2,3.1,7.09,98,,82
82,Courtland Sutton DEN (10),WR35,86.5,-1,-2.1,7.10,69,,80
83,George Kittle SF (8),TE9,86.8,0.7,5.7,7.11,83,,90
84,Michael Wilson ARI (14),WR36,88,0.1,0.2,7.12,94,,83
85,Chuba Hubbard CAR (5),RB31,88.8,-1.6,-3.2,8.01,113,,77
86,Jonathon Brooks CAR (5),RB32,89,-0.3,6.4,8.02,106,,109
87,Chris Godwin Jr. TB (10),WR37,89.2,1.6,-1.9,8.03,139,,95
88,J.K. Dobbins DEN (10),RB33,91.2,-1.2,2.4,8.04,107,,94
89,RJ Harvey DEN (10),RB34,91.4,1.2,-3.9,8.05,134,,79
90,Dalton Kincaid BUF (7),TE10,96.6,5.3,5.3,8.06,122,,89
91,Travis Kelce KC (5),TE11,96.8,0.1,-1.6,8.07,86,,92
92,Trevor Lawrence JAC (7),QB10,98.4,3,4.8,8.08,81,,100
93,Josh Downs IND (13),WR38,99.2,-2.1,-5.8,8.09,128,,107
94,Blake Corum LAR (11),RB35,99.6,-0.9,0.8,8.10,130,,103
95,Stefon Diggs WAS (7),WR39,100.6,-1.1,0.1,8.11,117,,113
96,Makai Lemon PHI (10),WR40,100.9,1.3,-1.1,8.12,137,,87
97,Michael Pittman Jr. PIT (9),WR41,101.8,0,-2,9.01,79,,102
98,Jordan Addison MIN (6),WR42,102.9,-0.6,-0.6,9.02,105,,104
99,Jordan Mason MIN (6),RB36,103.3,1.3,2.4,9.03,135,,117
100,Alec Pierce IND (13),WR43,104.1,1.5,-5.6,9.04,90,,101
101,Jacory Croskey-Merritt WAS (7),RB37,105.1,-1,-0.5,9.05,121,,114
102,Kenny Gainwell TB (10),RB38,105.4,0.5,1.1,9.06,109,,112
103,Isaiah Likely NYG (8),TE12,107,3.3,9.1,9.07,118,,108
104,Jayden Reed GB (11),WR44,108,-0.5,-1.7,9.08,116,,115
105,Jaxson Dart NYG (8),QB11,108.7,-1.9,-3.9,9.09,64,,91
106,Matthew Stafford LAR (11),QB12,108.8,2.7,2.9,9.10,70,,96
107,Kyle Monangai CHI (10),RB39,110,-2.5,-7.6,9.11,119,,99
108,Quentin Johnston LAC (7),WR45,110.1,0.5,-10.7,9.12,133,,111
109,Brandon Aubrey DAL (14),K1,112,2.1,9.4,10.01,76,,93
110,Wan'Dale Robinson TEN (9),WR46,113.6,-3.5,-4.9,10.02,104,,116
111,Dallas Goedert PHI (10),TE13,115,3.1,4.5,10.03,87,,123
112,Los Angeles Rams LAR (11),DST1,115,7.8,5.1,10.04,96,,88
113,KC Concepcion CLE (11),WR47,115.2,-1,4.8,10.05,140,,122
114,Bo Nix DEN (10),QB13,116.7,2.5,8.4,10.06,74,,120
115,Jake Ferguson DAL (14),TE14,117.8,-0.6,-4.5,10.07,102,,97
116,De'Zhaun Stribling SF (8),WR48,118.1,0.5,13.5,10.08,148,,156
117,Jordyn Tyson NO (8),WR49,118.2,0.6,-27.6,10.09,178,,86
118,Patrick Mahomes II KC (5),QB14,119.4,0.8,-2,10.10,99,,106
119,Rachaad White WAS (7),RB40,119.9,2.3,-4.9,10.11,131,,131
120,Houston Texans HOU (8),DST2,120.2,-4.8,6.1,10.12,77,,98
121,Aaron Jones Sr. MIN (6),RB41,120.6,-1.8,-3.2,11.01,124,,124
122,Brock Purdy SF (8),QB15,120.8,-2.8,0.4,11.02,93,,121
123,Matthew Golden GB (11),WR50,121.3,-6.9,-2.8,11.03,91,,128
124,Jakobi Meyers JAC (7),WR51,121.9,-1.3,-8.5,11.04,103,,110
125,Mark Andrews BAL (13),TE15,124.9,4.3,2.8,11.05,112,,129
126,Denver Broncos DEN (10),DST3,125.8,11.5,10.5,11.06,88,,119
127,Romeo Doubs NE (11),WR52,129.1,-0.9,-2.6,11.07,149,,132
128,Seattle Seahawks SEA (11),DST4,130.9,-2,5.9,11.08,101,,105
129,Chris Rodriguez Jr. JAC (7),RB42,132.1,1.5,0.6,11.09,176,,142
130,Deebo Samuel Sr. SF (8),WR53,133,-1.1,-5,11.10,120,,138
131,Xavier Worthy KC (5),WR54,133.4,0,1.2,11.11,114,,139
132,Jalen Coker CAR (5),WR55,134.1,-2.1,-0.4,11.12,159,,144
133,Cameron Dicker LAC (7),K2,134.5,2.9,9.2,12.01,100,,118
134,Mike Washington Jr. LV (13),RB43,136.3,-16.8,26.9,12.02,171,,172
135,Khalil Shakir BUF (7),WR56,137.1,-1.8,-6.4,12.03,115,,140
136,Jared Goff DET (6),QB16,137.2,0.2,-1.2,12.04,132,,133
137,Woody Marks HOU (8),RB44,138.5,0.6,6.1,12.05,145,,162
138,Ka'imi Fairbairn HOU (8),K3,139,2,10.8,12.06,127,,130
139,Rashid Shaheed SEA (11),WR57,139.4,-2,3.1,12.07,151,,147
140,Tyler Allgeier ARI (14),RB45,139.6,0.7,-3.5,12.08,168,,146
141,Kyler Murray MIN (6),QB17,141.9,1.3,-0.3,12.09,142,,159
142,Jason Myers SEA (11),K4,143.7,-4.7,4.5,12.10,110,,127
143,Philadelphia Eagles PHI (10),DST5,144.1,2.1,7.5,12.11,129,,126
144,Zach Charbonnet SEA (11),RB46,144.7,0.4,-10.4,12.12,155,,145
145,Baker Mayfield TB (10),QB18,145.1,4.1,4,13.01,144,,141
146,Tyjae Spears TEN (9),RB47,145.2,1.5,2.3,13.02,161,,168
147,Keaton Mitchell LAC (7),RB48,147.5,-1.7,-4.3,13.03,195,,180
148,Hunter Henry NE (11),TE16,148.9,-1.5,-4.1,13.04,138,,135
149,Juwan Johnson NO (8),TE17,149.7,0.1,6.4,13.05,163,,187
150,Jordan Love GB (11),QB19,149.9,-1,-0.1,13.06,157,,148
151,Brian Robinson Jr. ATL (11),RB49,150,6.4,-1.9,13.07,170,,153
152,Minnesota Vikings MIN (6),DST6,150.8,13.6,9.4,13.08,194,,151
153,Tyrone Tracy Jr. NYG (8),RB50,151.4,3.3,-16.6,13.09,218,,163
154,Denzel Boston CLE (11),WR58,151.5,-0.4,-3.6,13.10,175,,165
155,New England Patriots NE (11),DST7,151.6,-0.4,5.4,13.11,147,,137
156,Ja'Kobi Lane BAL (13),WR59,152.1,6.1,2.7,13.12,182,,157
157,Cam Little JAC (7),K5,152.4,-2.9,3.7,14.01,136,,134
158,Alvin Kamara NO (8),RB51,152.9,-2.2,-13.1,14.02,160,,161
159,Tank Bigsby PHI (10),RB52,153.2,-0.6,-1.7,14.03,205,,177
160,Baltimore Ravens BAL (13),DST8,153.9,1.4,8.1,14.04,126,,136
161,Oronde Gadsden II LAC (7),TE18,154,-2.8,-10.7,14.05,,,125
162,Brenton Strange JAC (7),TE19,155,-0.4,-0.8,14.06,185,,152
163,Jonah Coleman DEN (10),RB53,155.5,-0.4,-6.5,14.07,213,,167
164,MarShawn Lloyd GB (11),RB54,157.4,3.6,1.5,14.08,,,199
165,Jalen Nailor LV (13),WR60,157.7,3.1,-1.6,14.09,,,183
166,Travis Hunter JAC (7),WR61,157.9,-0.7,-0.9,14.10,111,,166
167,Chig Okonkwo WAS (7),TE20,158.2,2.7,-3.2,14.11,229,,186
168,Sam Darnold SEA (11),QB20,158.5,4.4,6.3,14.12,162,,176
169,Malik Willis MIA (6),QB21,158.6,3,5,15.01,179,,194
170,Tyler Shough NO (8),QB22,158.8,0.3,1,15.02,153,,182
171,Pittsburgh Steelers PIT (9),DST9,158.9,8.3,9,15.03,108,,160
172,Isiah Pacheco DET (6),RB55,159.1,0.5,-2.5,15.04,164,,185
173,Harrison Mevis LAR (11),K6,159.5,2.6,2.8,15.05,123,,149
174,Tank Dell HOU (8),WR62,160.4,1.3,4.6,15.06,154,,174
175,Dylan Sampson CLE (11),RB56,160.4,0.4,-0.6,15.07,,,188
176,Keenan Allen IND (13),WR63,160.7,-0.5,12.3,15.08,181,,197
177,Kenyon Sadiq NYJ (13),TE21,160.8,-2.8,-4.8,15.09,143,,150
178,Jake Bates DET (6),K7,161,13.6,7.1,15.10,156,,143
179,Dalton Schultz HOU (8),TE22,161.5,4,6.5,15.11,187,,193
180,T.J. Hockenson MIN (6),TE23,162.5,-3,-6.1,15.12,125,,164
181,Jacksonville Jaguars JAC (7),DST10,162.7,3.8,2.4,16.01,186,,169
182,AJ Barner SEA (11),TE24,163.4,2.8,6.3,16.02,209,,184
183,Jalen McMillan TB (10),WR64,163.4,1.7,-2.4,16.03,192,,209
184,Tre Tucker LV (13),WR65,163.9,-0.6,-0.9,16.04,189,,203
185,Emmett Johnson KC (5),RB57,164.2,4.6,1.9,16.05,,,196
186,Cyrus Allen KC (5),WR66,164.5,-0.3,2.4,16.06,212,,173
187,Malik Washington MIA (6),WR67,164.7,-4,-6.2,16.07,,,200
188,Los Angeles Chargers LAC (7),DST11,165.1,0,5.4,16.08,167,,178
189,Jerry Jeudy CLE (11),WR68,165.2,0.1,-4.3,16.09,174,,190
190,Chris Boswell PIT (9),K8,165.5,4.3,4.9,16.10,165,,158
191,Braelon Allen NYJ (13),RB58,165.6,4.7,-1.1,16.11,,,208
192,C.J. Stroud HOU (8),QB23,166.2,1.1,5.3,16.12,173,,204
193,Harrison Butker KC (5),K9,166.2,7.4,4.4,17.01,141,,175
194,Adonai Mitchell NYJ (13),WR69,167,1.6,2.8,17.02,293,,256
195,Detroit Lions DET (6),DST12,167,-0.7,4.1,17.03,150,,154
196,Daniel Jones IND (13),QB24,167.1,1.5,2,17.04,158,,205
197,Andy Borregales NE (11),K10,167.3,6.5,3.9,17.05,,,155
198,Jauan Jennings MIN (6),WR70,167.4,-2.3,-3.3,17.06,,,195
199,Will Reichard MIN (6),K11,167.4,7.7,6.6,17.07,180,,170
200,Tyler Loop BAL (13),K12,167.7,3.3,5.2,17.08,169,,201
201,Ray Davis BUF (7),RB59,167.7,-1.6,0.6,17.09,,,244
202,Evan McPherson CIN (6),K13,167.8,9.5,2.9,17.10,203,,181
203,Caleb Douglas MIA (6),WR71,167.9,2.2,3.5,17.11,207,,221
204,Fernando Mendoza LV (13),QB25,168,3.3,2.1,17.12,183,,179
205,Cooper Kupp SEA (11),WR72,168,3.9,-0.4,18.01,198,,229
206,Ryan Flournoy DAL (14),WR73,168.1,5.5,5,18.02,,,251
207,Nicholas Singleton TEN (9),RB60,168.3,3,0.7,18.03,,,210
208,Terrance Ferguson LAR (11),TE25,168.4,1.5,5,18.04,172,,207
209,Kaelon Black SF (8),RB61,168.6,0.2,5,18.05,,,
210,Zachariah Branch ATL (11),WR74,169.1,2.1,-2.9,18.06,,,191
211,Dontayvion Wicks PHI (10),WR75,169.1,0.1,0.3,18.07,,,
212,Kayshon Boutte HOU (8),WR76,169.3,1,2.5,18.08,,,258
213,Tre' Harris LAC (7),WR77,169.3,3.9,-2,18.09,,,249
214,Najee Harris NYG (8),RB62,169.5,2.8,0,18.10,,,228
215,Dallas Cowboys DAL (14),DST13,169.9,4.3,2,18.11,177,,198
216,Bryce Young CAR (5),QB26,169.9,4.8,3.7,18.12,196,,237
217,Isaac TeSlaa DET (6),WR78,170.1,4.5,0.1,19.01,,,213
218,Wil Lutz DEN (10),K14,170.1,4.1,6.5,19.02,222,,321
219,Cam Ward TEN (9),QB27,170.2,7.9,4.7,19.03,200,,214
220,Devaughn Vele NO (8),WR79,170.2,4.4,0,19.04,,,272
221,James Conner ARI (14),RB63,170.2,2.3,0.5,19.05,,,219
222,Eddy Pineiro SF (8),K15,170.2,-1.2,2.3,19.06,146,,171
223,Keon Coleman BUF (7),WR80,170.7,7.9,1.5,19.07,,,257
224,Pat Bryant DEN (10),WR81,170.8,2.5,-1.8,19.08,,,238
225,Greg Dulcich MIA (6),TE26,170.8,1.4,1.6,19.09,,,248
226,Jaylin Noel HOU (8),WR82,171,2,7.2,19.10,,,215
227,Jayden Higgins HOU (8),WR83,171,4.1,-37.8,19.11,,,
228,Sean Tucker TB (10),RB64,171,6.2,4,19.12,,,290
229,Omar Cooper Jr. NYJ (13),WR84,171,-5.8,-8.3,20.01,,,189
230,Kendre Miller NO (8),RB65,171.1,0,0,20.02,,,233
231,Geno Smith NYJ (13),QB28,171.3,0,8.4,20.03,,,
232,Chicago Bears CHI (10),DST14,171.5,2.3,4.9,20.04,208,,230
233,Trey Smack GB (11),K16,171.5,3.8,6.6,20.05,184,,218
234,Tennessee Titans TEN (9),DST15,171.6,7.8,0,20.06,277,,363
235,Aaron Rodgers PIT (9),QB29,171.7,3.2,3.2,20.07,204,,243
236,Devin Neal NO (8),RB66,171.8,4.3,0,20.08,,,212
237,Kaytron Allen WAS (7),RB67,172,-1.2,2.6,20.09,,,270
238,Tyreek Hill FA (),WR85,172.1,1.8,3.3,20.10,232,,216
239,Malachi Fields NYG (8),WR86,172.2,4.2,-4,20.11,275,,234
240,Chris Bell MIA (6),WR87,172.2,1.2,4.7,20.12,,,276
241,Gunnar Helm TEN (9),TE27,172.3,2.1,4,21.01,,,255
242,Jaydon Blue DAL (14),RB68,172.4,-2.8,-1.8,21.02,,,247
243,Darren Waller CAR (5),TE28,172.8,7.9,9.3,21.03,,,
244,Jacoby Brissett ARI (14),QB30,172.9,2.8,1.4,21.04,,,287
245,Kimani Vidal LAC (7),RB69,173,3.9,-1.4,21.05,,,263
246,Green Bay Packers GB (11),DST16,173.1,6,3.4,21.06,191,,202
247,Tyler Bass BUF (7),K17,173.2,5,1.7,21.07,217,,399
248,Chase McLaughlin TB (10),K18,173.3,6.1,2.9,21.08,245,,235
249,Calvin Ridley TEN (9),WR88,173.4,1.2,0.5,21.09,188,,320
250,Buffalo Bills BUF (7),DST17,173.5,3.5,-0.2,21.10,197,,225
251,David Njoku LAC (7),TE29,173.6,2.5,-0.2,21.11,216,,206
252,George Holani SEA (11),RB70,173.6,-1.1,2.4,21.12,,,
253,Justice Hill BAL (13),RB71,173.6,2.7,-0.2,22.01,,,
254,Jake Elliott PHI (10),K19,173.6,0.8,3.2,22.02,199,,224
255,Chimere Dike TEN (9),WR89,173.6,7.1,0,22.03,,,246
256,Ollie Gordon II MIA (6),RB72,173.7,8,0.5,22.04,,,
257,Joe Mixon FA (),RB73,173.9,-2.6,0,22.05,346,,239
258,Troy Franklin DEN (10),WR90,174,6.5,2.4,22.06,,,282
259,Jordan James SF (8),RB74,174.2,3.8,2.3,22.07,,,
260,New York Giants NYG (8),DST18,174.2,5.5,5.7,22.08,210,,267
261,Pat Freiermuth PIT (9),TE30,174.3,-0.9,-1.9,22.09,201,,273
262,Cade Otton TB (10),TE31,174.3,0.5,1.4,22.10,,,261
263,Nick Folk ATL (11),K20,174.4,0.1,0,22.11,,,384
264,Eli Stowers PHI (10),TE32,174.4,3.6,2.5,22.12,298,,268
265,Rashod Bateman BAL (13),WR91,174.6,1.1,-0.3,23.01,,,254
266,Kansas City Chiefs KC (5),DST19,174.6,-0.3,-0.1,23.02,166,,211
267,Cairo Santos CHI (10),K21,175.3,-3.1,-1.3,23.03,190,,217
268,Demond Claiborne MIN (6),RB75,175.4,-0.3,-1.8,23.04,,,285
269,Germie Bernard PIT (9),WR92,175.6,3.9,-0.1,23.05,,,250
270,Kaleb Johnson PIT (9),RB76,175.6,1.6,0,23.06,,,220
271,Shedeur Sanders CLE (11),QB31,175.7,2,0,23.07,220,,259
272,Ted Hurst III TB (10),WR93,175.8,6.3,-1.7,23.08,,,271
273,Jaylen Wright MIA (6),RB77,175.9,1.9,-3.1,23.09,,,302
274,Antonio Williams WAS (7),WR94,176.3,-3.2,-2.1,23.10,,,264
275,Jake Tonges SF (8),TE33,176.5,-2,-0.8,23.11,,,279
276,San Francisco 49ers SF (8),DST20,176.6,-3.2,-0.6,23.12,193,,226
277,Cleveland Browns CLE (11),DST21,177.3,0.2,-2.2,24.01,152,,353
278,Samaje Perine CIN (6),RB78,177.6,-5.5,0.5,24.02,,,
279,Colby Parkinson LAR (11),TE34,180.3,1.9,-5.6,24.03,,,316
280,Jack Bech LV (13),WR95,181.7,21.7,0,24.04,,,265