rank,team,conference,jkbPower,jkbOffense,jkbDefense,sosPlayedRating,sosPlayedRank,sosRemainingRating,sosRemainingRank,rawPower,rawOffense,rawDefense,games,priorPerformanceSource,sourceClassification,transitionShrinkageApplied,transitionPriorPerformanceWeight,rawYppOffense,rawYppDefenseAllowed,adjustedYppOffense,adjustedYppDefenseAllowed,rawPointsPerPlayOffense,rawPointsPerPlayDefenseAllowed,adjustedPointsPerPlayOffense,adjustedPointsPerPlayDefenseAllowed,standardizedYppOffense,standardizedYppDefense,standardizedPointsPerPlayOffense,standardizedPointsPerPlayDefense,returningProduction,standardizedReturningProduction,sosProvenance
1,Notre Dame,independents,98.57246376811594,98.57246376811594,95.15217391304348,,,42.992753623188406,131,2.1739229082761424,2.772887459001155,1.5749583575511301,12,prior-fbs-opponent-adjusted,fbs,false,,7.581934955477357,4.650475010366871,7.553416328762825,4.584203483456726,0.7168174741430603,0.2604178376710344,0.7139909850480434,0.25395606513508484,2.694819106075706,1.579521039989672,3.4020598145409076,1.5703956751125885,51.2,0.29291944723679053,complete-current-cfbd-schedule
2,Ohio State,big-ten,98.14492753623189,92.15942028985508,98.14492753623189,,,95.57971014492753,8,1.8095113122469497,1.1542202975618956,2.464802326932004,13,prior-fbs-opponent-adjusted,fbs,false,,6.489349114810031,4.038923797385379,6.5288646507522525,4.003233620108206,0.48880705500196886,0.17856778408359564,0.49795810755182435,0.1723048377345005,1.2460842482342334,2.442028990477704,1.1075882163779764,2.4875756633863033,68.30000000000001,0.9506768848640134,complete-current-cfbd-schedule
3,Oregon,big-ten,97.71739130434783,96.8623188405797,96.0072463768116,,,80.6159420289855,43,1.7165076100453316,1.806528617356919,1.6264866027337443,14,prior-fbs-opponent-adjusted,fbs,false,,6.95135385705961,4.387038229554234,7.013307031054234,4.348331872450557,0.552202718153597,0.2865472893393258,0.564310882867251,0.27595559892044047,1.931094656222588,1.9296960707815842,1.8123168677990884,1.3232771346859045,75.3,1.2199343154716478,complete-current-cfbd-schedule
4,Indiana,big-ten,97.28985507246377,96.43478260869566,95.57971014492753,,,87.8840579710145,26,1.6647030999851693,1.740300935644433,1.5891052643259056,15,prior-fbs-opponent-adjusted,fbs,false,,6.755643204904339,4.940842324047023,6.858046538024243,4.886029187962986,0.6049241387273869,0.21967654653704827,0.6183670964290052,0.21154632717337474,1.7115534723801462,1.1314305516158665,2.3864445105873755,2.046779977035945,16.6,-1.0379815669095194,complete-current-cfbd-schedule
5,Texas Tech,big-12,96.8623188405797,88.31159420289855,98.57246376811594,,,42.565217391304344,132,1.6102843047235598,0.7379263761540067,2.4826422332931126,13,prior-fbs-opponent-adjusted,fbs,false,,5.948534954356095,3.9870894860938924,5.985883254051354,3.9672177767936283,0.490710219984209,0.17654145062688162,0.4951383079595405,0.17388851742144035,0.4782985977461147,2.495498117126223,1.077639302342334,2.4697863494600023,53.400000000000006,0.3775432111420473,complete-current-cfbd-schedule
6,Toledo,mac,96.43478260869566,87.45652173913044,97.28985507246377,,,48.1231884057971,119,1.280001810638901,0.7190705298951783,1.8409330913826238,12,prior-fbs-opponent-adjusted,fbs,false,,6.2228640903159445,4.2432048778147555,6.249133213144224,4.330615288343768,0.44231378380454606,0.23181242532852822,0.4457632411077059,0.2401152575468317,0.8505388665861673,1.9559981143325567,0.5532298242020759,1.7258680684326908,66.3,0.8737461904046885,complete-current-cfbd-schedule
7,North Dakota State,mountain-west,96.0072463768116,94.72463768115942,90.8768115942029,,,45.130434782608695,126,1.1976475792757246,1.2976556075154924,1.0976395510359567,13,prior-fcs-fallback,fcs,true,0.5,7.278134595737546,4.169439912893404,,,0.6653132583005387,,,,1.1527828441464463,1.0976395510359567,1.4425283708845387,,,,complete-current-cfbd-schedule
8,Utah,big-12,95.57971014492753,96.0072463768116,86.17391304347827,,,76.34057971014492,53,1.1702514320826698,1.5548027093492602,0.7857001548160795,12,prior-fbs-opponent-adjusted,fbs,false,,6.670516072450543,5.4128882535635325,6.704762039953987,5.3966319910545355,0.5542784241404778,0.2885383338195093,0.5586759275784788,0.2871073394661991,1.494806381640599,0.37338954985095335,1.7524683622528348,1.1980107597812055,67.9,0.9352907459721482,complete-current-cfbd-schedule
9,North Texas,american,95.15217391304348,98.14492753623189,71.21014492753623,,,61.3768115942029,88,1.163796656185022,2.209114674179214,0.1184786381908301,13,prior-fbs-opponent-adjusted,fbs,false,,7.43812871614393,5.5559586655576005,7.445166811404934,5.566992262817647,0.6496401923235938,0.38392237320779954,0.6496387468251018,0.3833893544441483,2.541752303778912,0.12047266360131541,2.7185787416966196,0.1164846127803448,2.5,-1.5803429628477554,complete-current-cfbd-schedule
10,Miami,acc,94.72463768115942,84.03623188405797,96.43478260869566,,,70.35507246376811,67,1.154307816494114,0.5831113096225744,1.7255043233656537,15,prior-fbs-opponent-adjusted,fbs,false,,5.99862981518029,4.682980378390857,6.075618695789759,4.576280156970679,0.4522861749580407,0.2430063616817536,0.4640787665803188,0.22819878194211654,0.6051861576617489,1.5912840117368454,0.7477578677545005,1.8597246349944623,36.9,-0.25713501814737816,complete-current-cfbd-schedule
11,USC,big-ten,94.29710144927536,97.28985507246377,76.34057971014492,,,79.33333333333333,46,1.1255576578302753,1.9242530220389056,0.32686229362164476,13,prior-fbs-opponent-adjusted,fbs,false,,7.242441578050839,5.564524088473174,7.2742242121753895,5.502869180195776,0.5632220564615129,0.36409944147340906,0.5671626627509451,0.35476182266103673,2.3000363342391985,0.2156698021454645,1.8426054424974607,0.438054785097825,59.199999999999996,0.6006422250740874,complete-current-cfbd-schedule
12,James Madison,sun-belt,93.86956521739131,91.73188405797102,93.01449275362319,,,57.95652173913044,96,1.110731824676535,1.0235722857037728,1.1978913636492972,13,prior-fbs-opponent-adjusted,fbs,false,,6.502182665351669,4.613631588072711,6.507622405747529,4.59035768001183,0.5217552629250194,0.3239543014867144,0.5219808147510342,0.32027887891035245,1.2160473243214176,1.5703845188161818,1.3627318779279913,0.8253982084824126,8,-1.3687835530846137,complete-current-cfbd-schedule
13,Washington,big-ten,93.44202898550725,91.30434782608695,92.58695652173913,,,90.02173913043478,21,1.1060122803432666,1.0184790761966094,1.193545484489924,12,prior-fbs-opponent-adjusted,fbs,false,,6.320029057013286,4.800564699218413,6.344028652605027,4.777730949576383,0.5011800852296403,0.29598995306443965,0.5053519481197947,0.2962883998870176,0.9847227578897272,1.2922101333551326,1.1861177317979137,1.0948808356247155,54.400000000000006,0.41600855837170947,complete-current-cfbd-schedule
14,Vanderbilt,sec,93.01449275362319,97.71739130434783,69.92753623188406,,,78.47826086956522,48,1.1021446145819673,2.1371538042227773,0.06713542494115739,12,prior-fbs-opponent-adjusted,fbs,false,,7.385261942915101,5.707310823556386,7.454031294497582,5.701249129304799,0.5990233330311335,0.37816330599446485,0.606923870514083,0.37478682549351877,2.554286845402037,-0.07884510149816734,2.2649067282023285,0.21311595138048212,35.4,-0.3148330389918714,complete-current-cfbd-schedule
15,South Florida,american,92.58695652173913,95.15217391304348,85.7463768115942,,,51.971014492753625,110,1.095715235006487,1.472852679061987,0.7185777909509872,12,prior-fbs-opponent-adjusted,fbs,false,,6.933049214855534,5.270929901491813,6.934736802290512,5.222702036631038,0.557014485523147,0.32715033811429367,0.5554178976590567,0.3220458861780844,1.8199949121671126,0.6316059875395542,1.717865031488007,0.8055495943624202,12.6,-1.1918429558281678,complete-current-cfbd-schedule
16,Old Dominion,sun-belt,92.15942028985508,86.60144927536231,94.72463768115942,,,52.39855072463768,109,1.0559981045762306,0.6859733721298297,1.4260228370226313,12,prior-fbs-opponent-adjusted,fbs,false,,6.592518472025059,4.750840933418516,6.571436196341216,4.73064437572928,0.4443812041553709,0.2642640517836374,0.4418832586000849,0.26111938687117975,1.306281194245464,1.362114868293173,0.5120207741339395,1.48993080575209,9.2,-1.3226251364090191,complete-current-cfbd-schedule
17,San Diego State,pac-12,91.73188405797102,75.91304347826087,96.8623188405797,,,76.76811594202898,52,0.9971469907329263,0.22499963929729638,1.7692943421685563,12,prior-fbs-opponent-adjusted,fbs,false,,5.553878232229905,4.464726625981542,5.577951275413837,4.481156632935733,0.4035401665055743,0.23063984680753766,0.4056705220376858,0.23297407292196287,-0.09852469947200211,1.7325044104778424,0.1274075777669403,1.8060842738592702,98.7,2.120023440645742,provisional-pac-12-week-13-flex-unassigned
18,Texas,sec,91.30434782608695,88.73913043478261,93.86956521739131,,,97.28985507246377,4,0.9940175444004752,0.7381622921392992,1.2498727966616512,13,prior-fbs-opponent-adjusted,fbs,false,,5.997656706221625,4.8619606736733925,6.043241789763542,4.804372949728807,0.4675535249343034,0.28864544011701776,0.4725012610508515,0.282738260929284,0.5594046189107538,1.252657415739238,0.8372126515461934,1.2470881775840645,72.1,1.0968452043367287,complete-current-cfbd-schedule
19,Ole Miss,sec,90.8768115942029,93.86956521739131,83.18115942028986,,,93.86956521739131,12,0.9293378599265445,1.2725268450805338,0.5861488747725552,14,prior-fbs-opponent-adjusted,fbs,false,,6.66312537273234,5.371090265899987,6.728224469272114,5.349454294474011,0.5006807846595079,0.3309340025296059,0.5106562704580478,0.3288723884573772,1.5279826868796018,0.4434295656133614,1.2424546055815633,0.728868183931749,50.3,0.2583006347300944,complete-current-cfbd-schedule
20,SMU,acc,90.44927536231884,90.44927536231884,87.8840579710145,,,63.94202898550725,82,0.9270922551769352,0.8904667530654645,0.9637177572884057,12,prior-fbs-opponent-adjusted,fbs,false,,6.313470626140417,5.2783832798981445,6.34048248647069,5.273451448279777,0.47609532796364906,0.2725514381161934,0.4770279762843468,0.2716917862583609,0.9797084139568901,0.5562634030252012,0.8852906092006166,1.3711721115516102,56.89999999999999,0.5121719264458643,complete-current-cfbd-schedule
21,Texas A&M,sec,90.02173913043478,92.58695652173913,83.6086956521739,,,92.58695652173913,15,0.8862792996067218,1.1615773177303588,0.6109812814830848,12,prior-fbs-opponent-adjusted,fbs,false,,6.46517052847783,5.264045706994467,6.543749103991406,5.183265657630488,0.4834195355862367,0.35799633123509705,0.4938941249671648,0.34641539881243893,1.2671311380205483,0.6901532420053651,1.0644249130696948,0.5318093209608045,72.8,1.1237709473974924,complete-current-cfbd-schedule
22,Oklahoma,sec,89.59420289855072,65.22463768115942,97.71739130434783,,,93.01449275362319,14,0.8742138865508469,-0.1682192654576936,1.9166470385593872,12,prior-fbs-opponent-adjusted,fbs,false,,5.14256747150687,4.263180417593327,5.2386507444397,4.224880758502068,0.3858127476798923,0.24932163809088123,0.3971407882236374,0.24060895069683555,-0.5783018713378807,2.112971613962902,0.03681381165573122,1.7203224631558727,63.2,0.7545036139927361,complete-current-cfbd-schedule
23,Michigan,big-ten,89.16666666666667,84.46376811594203,90.44927536231884,,,86.17391304347827,30,0.8537828795176963,0.6100531574874956,1.0975126015478969,13,prior-fbs-opponent-adjusted,fbs,false,,6.123705468298449,4.900099011402586,6.199911699217807,4.873973409106385,0.4156442982243218,0.3047828367699786,0.42717265137685034,0.300666984209443,0.7809387434187414,1.149328562802217,0.3557803404710914,1.0456966402935766,69.19999999999999,0.9852956973707084,complete-current-cfbd-schedule
24,Georgia,sec,88.73913043478261,82.32608695652173,93.44202898550725,,,96.8623188405797,5,0.8252859224215263,0.4445631295455378,1.2060087152975147,13,prior-fbs-opponent-adjusted,fbs,false,,5.667079678712214,4.9238724802336655,5.6953802876032755,4.88112031770645,0.4538692496156323,0.28703252793130685,0.46012030692968503,0.28040484798688536,0.06752207682245333,1.1387182611706683,0.7057153168885465,1.2732991694243612,68.7,0.9660630237558778,complete-current-cfbd-schedule
25,Iowa,big-ten,88.31159420289855,75.05797101449275,94.29710144927536,,,75.48550724637681,55,0.8131030507592408,0.2040124751322347,1.422193626386247,12,prior-fbs-opponent-adjusted,fbs,false,,5.312920563683143,4.790892878098071,5.314458251387169,4.740500313492517,0.485084242696908,0.27007049550022727,0.48826986914792675,0.2604985582232724,-0.4711086665850359,1.3474827415399693,1.0046900459161054,1.4969045112325243,34.2,-0.36099145566746577,complete-current-cfbd-schedule
26,Arizona,big-12,87.8840579710145,81.47101449275362,91.73188405797102,,,91.30434782608695,18,0.8041438979869091,0.42270679922495036,1.1855809967488677,12,prior-fbs-opponent-adjusted,fbs,false,,5.725872973877184,4.76120652016077,5.725618892622474,4.71818489843848,0.451293946122105,0.3098429754478682,0.4545797679296849,0.3055763898023484,0.11028001874381757,1.380612210238419,0.6468696008042583,0.9905497832593162,64.9,0.8198947042831619,complete-current-cfbd-schedule
27,Louisville,acc,87.45652173913044,79.76086956521739,88.31159420289855,,,77.6231884057971,50,0.6826770313615543,0.36483874900359026,1.0005153137195184,12,prior-fbs-opponent-adjusted,fbs,false,,5.815245214855119,4.857408778012318,5.887065036936994,4.837092815728922,0.4363005182513097,0.3272197244979964,0.44520271947060364,0.3228115357646636,0.33856782691637566,1.2040814975300815,0.5472765591648624,0.7969491299089555,34.8,-0.3379122473296687,complete-current-cfbd-schedule
28,Florida State,acc,87.02898550724638,85.7463768115942,85.31884057971014,,,88.73913043478261,24,0.6674380279937899,0.650711625549385,0.6841644304381949,11,prior-fbs-opponent-adjusted,fbs,false,,6.394074197720491,5.08564250437749,6.4550442396180605,5.090728715770949,0.4170358371442368,0.34815564548330097,0.4251325903331631,0.34561543261524064,1.1417008333947243,0.8275336004419988,0.33411298049556654,0.5407952604343911,40.1,-0.13404590701245922,complete-current-cfbd-schedule
29,BYU,big-12,86.60144927536231,83.18115942028986,86.60144927536231,,,87.8840579710145,25,0.6633556319672235,0.48958327595174667,0.8371279879827003,13,prior-fbs-opponent-adjusted,fbs,false,,5.782025737504014,5.280788865442939,5.851324850953458,5.236764765344042,0.4271992520068006,0.30537901339771917,0.4408910544652133,0.2990796043677305,0.28803054864006095,0.6107284582807834,0.5014826364512501,1.063527517684617,78.5,1.3430234266065666,complete-current-cfbd-schedule
30,Missouri,sec,86.17391304347827,71.21014492753623,92.15942028985508,,,87.45652173913044,27,0.6305574101087384,0.07539638752206951,1.1857184326954073,12,prior-fbs-opponent-adjusted,fbs,false,,5.721094702730436,4.574191822521738,5.757836710481299,4.54568548987643,0.3925064227240019,0.33402216328076806,0.39605276437926484,0.3283503663010405,0.1558366039092425,1.636704859316153,0.025257978867823334,0.7347320060746616,42,-0.06096174727610121,complete-current-cfbd-schedule
31,Texas State,pac-12,85.7463768115942,95.57971014492753,61.80434782608695,,,84.46376811594203,34,0.5756183354275597,1.5091224473765876,-0.35788577652146825,12,prior-fbs-opponent-adjusted,fbs,false,,6.863484189956715,5.709576830515123,6.847691328453307,5.734229894559515,0.5283558289453145,0.44468212572265214,0.5235703667251098,0.44610226736548514,1.6969110161842833,-0.12780835078173297,1.379614409423153,-0.5879632022612036,76,1.2468600585324114,provisional-pac-12-week-13-flex-unassigned
32,Kansas State,big-12,85.31884057971014,87.02898550724638,78.47826086956522,,,75.05797101449275,56,0.5731234740752528,0.699051717787774,0.44719523036273157,11,prior-fbs-opponent-adjusted,fbs,false,,5.906648744435595,5.400460499689859,5.95051863999528,5.38117512226922,0.4696248389706538,0.3532900394880831,0.47722620617593825,0.349420471679371,0.4282923850613348,0.3963368196803129,0.8873959964057262,0.4980536410451502,71.39999999999999,1.0699194612759653,complete-current-cfbd-schedule
33,Wake Forest,acc,84.8913043478261,72.06521739130434,90.02173913043478,,,69.5,69,0.5547008632084133,0.09143882006412027,1.0179629063527063,12,prior-fbs-opponent-adjusted,fbs,false,,5.808483421274983,4.800216058705342,5.793171934626565,4.765603653328979,0.41665782895400144,0.33156378776125733,0.4170787398671453,0.3291534103472309,0.20580125872127625,1.3102143192711149,0.24857354147914845,0.7257114934342976,14.2,-1.1302984002607086,complete-current-cfbd-schedule
34,Tennessee,sec,84.46376811594203,93.44202898550725,64.79710144927536,,,94.29710144927536,11,0.5341689247865733,1.2566043575297743,-0.18826650795662772,12,prior-fbs-opponent-adjusted,fbs,false,,6.509496617181502,5.768233050754994,6.519019567484644,5.756413754884375,0.5482424149669678,0.41630499681437966,0.5472494714681603,0.4129698853679901,1.2321631199844305,-0.16074251330855766,1.6311086909072543,-0.2157905026046978,35.3,-0.3186795737148376,complete-current-cfbd-schedule
35,Alabama,sec,84.03623188405797,73.77536231884058,87.02898550724638,,,96.0072463768116,7,0.5037451018118497,0.156887822114456,0.8506023815092434,14,prior-fbs-opponent-adjusted,fbs,false,,5.488002266585705,5.08549816801694,5.6236977659522775,5.044876177111809,0.42653460527338005,0.3297168252291738,0.4435168946478243,0.32204153448665895,-0.033838323089658444,0.8956062865459302,0.529371519801523,0.8055984764725564,26.400000000000002,-0.6610211640588304,complete-current-cfbd-schedule
36,Penn State,big-ten,83.6086956521739,81.89855072463769,79.76086956521739,,,59.666666666666664,92,0.4631225987677267,0.43090649409184567,0.49533870344360775,12,prior-fbs-opponent-adjusted,fbs,false,,5.793892688431478,5.426944277110043,5.832353030908045,5.387553955416076,0.4810692966646133,0.34850185802587635,0.48820105776109946,0.34000554120373383,0.2612040472479066,0.3868668029873837,1.0039592045065233,0.6038106038998318,7.6,-1.3841696919764785,complete-current-cfbd-schedule
37,Pittsburgh,acc,83.18115942028986,77.19565217391305,84.46376811594203,,,62.65942028985507,85,0.4515475378311018,0.2407294677907681,0.6623656078714355,12,prior-fbs-opponent-adjusted,fbs,false,,5.573268975435956,4.956563846870787,5.584225499361984,4.919323483277432,0.4510744311306625,0.376659923327385,0.45561025375873787,0.3721505132751219,-0.08965283177155225,1.082001835556323,0.6578143259519978,0.24272938018654808,39.7,-0.14943204590432402,complete-current-cfbd-schedule
38,Western Michigan,mac,82.7536231884058,63.51449275362319,91.30434782608695,,,55.81884057971015,101,0.4231158299790999,-0.2531343617190271,1.099366021677227,13,prior-fbs-opponent-adjusted,fbs,false,,5.218083562288286,4.946525773866008,5.231955634625362,4.966795290890359,0.34902494766201336,0.28559865744246726,0.350889698730365,0.28806914807529554,-0.5877688793700588,1.0115251825089588,-0.4544160995334246,1.187206860845495,99.7,2.158488787875404,complete-current-cfbd-schedule
39,Tulane,american,82.32608695652173,80.6159420289855,78.05072463768116,,,71.6376811594203,64,0.40935322246653194,0.3820072814033376,0.4366991635297262,14,prior-fbs-opponent-adjusted,fbs,false,,6.203714737781895,5.544256379171685,6.193969798437877,5.502804555999777,0.41920823907191435,0.34285517736091425,0.4190415375068361,0.33521408175411976,0.7725367867712876,0.21576574323700706,0.26942029170257514,0.6576325838224454,21,-0.868734039099006,complete-current-cfbd-schedule
40,New Mexico,mountain-west,81.89855072463769,76.76811594202898,81.89855072463769,,,48.97826086956522,117,0.40513987076284835,0.2407248912086922,0.5695548503170045,12,prior-fbs-opponent-adjusted,fbs,false,,5.7070370383553515,5.293998171679775,5.67903469744605,5.289077860179754,0.4302179198567133,0.3388910763666159,0.42809785735672534,0.3398066017065718,0.04440911264406777,0.5330644294611538,0.3656068949653759,0.606045271172855,58.199999999999996,0.5621768778444252,complete-current-cfbd-schedule
41,Sacramento State,mac,81.47101449275362,85.31884057971014,72.06521739130434,,,59.23913043478261,93,0.3923510329263645,0.64053489028887,0.14416717556385894,12,prior-fcs-fallback,fcs,true,0.5,6.501647894662359,5.453923645179415,,,0.5212095482593305,,,,0.6037996280522224,0.14416717556385894,0.6772701525255176,,,,complete-current-cfbd-schedule
42,Virginia,acc,81.04347826086956,63.08695652173913,89.16666666666667,,,54.96376811594203,103,0.37536559122478064,-0.25626999529624817,1.0070011777458094,13,prior-fbs-opponent-adjusted,fbs,false,,5.416134957915049,4.952140802503698,5.448232727217419,4.952494278748468,0.3923794264566037,0.3092304139709006,0.39403360056682396,0.3064046617538003,-0.28194910500872433,1.0327564673837268,0.0038125670704219237,0.9812458881078923,9.5,-1.3110855322401205,complete-current-cfbd-schedule
43,Memphis,american,80.6159420289855,79.33333333333333,75.91304347826087,,,62.65942028985507,84,0.32720430764377406,0.3608095470148821,0.293599068272666,12,prior-fbs-opponent-adjusted,fbs,false,,6.0015062148688125,5.518120162017976,5.95644338047662,5.483352709396984,0.4650758728489976,0.364537886652516,0.4586235062823111,0.3632636890589178,0.4366700767319485,0.24464395776242767,0.689817891397968,0.34255417878290434,5.6000000000000005,-1.4611003864358028,complete-current-cfbd-schedule
44,Cincinnati,big-12,80.18840579710145,89.16666666666667,66.93478260869566,,,81.47101449275362,41,0.31782535656509775,0.7548686144345254,-0.11921790130432981,12,prior-fbs-opponent-adjusted,fbs,false,,6.565024236940638,5.923663280399206,6.583496470884219,5.8847747736659075,0.4520019548750472,0.3888055216140449,0.4554169192882183,0.3837110090251351,1.3233346435741633,-0.35130730197712245,0.655760932706052,0.11287149936846283,8.3,-1.3572439489157153,complete-current-cfbd-schedule
45,East Carolina,american,79.76086956521739,68.21739130434783,84.8913043478261,,,51.11594202898551,111,0.3141939759982365,-0.04487699757843398,0.673264949574907,12,prior-fbs-opponent-adjusted,fbs,false,,5.7576769104198915,5.354619959492626,5.744977266392057,5.370631252975415,0.39696476228807986,0.3128819830434813,0.3954566193260162,0.3105626479307771,0.1376531141894048,0.4119902496919795,0.01892635976929873,0.9345396494578345,13.600000000000001,-1.1533776085985057,complete-current-cfbd-schedule
46,UConn,independents,79.33333333333333,89.59420289855072,64.36956521739131,,,46.41304347826087,123,0.3034328693815593,0.8155660467295422,-0.20870030796642366,12,prior-fbs-opponent-adjusted,fbs,false,,6.5496356097430874,5.882766210434942,6.4333859619563185,5.944824548406916,0.5088971123342011,0.3846035057228794,0.4929304947454497,0.39170671062718493,1.1110756316769335,-0.4404572070007927,1.0541902571206465,0.023056591067945394,2.3,-1.588036032293688,complete-current-cfbd-schedule
47,Fresno State,pac-12,78.90579710144928,57.528985507246375,89.59420289855072,,,67.36231884057972,74,0.29332477994418343,-0.4298678117802227,1.0165173716685896,12,prior-fbs-opponent-adjusted,fbs,false,,5.253373957157209,4.785351284333911,5.234066877461641,4.800202932369384,0.3634212021458956,0.3198140728004242,0.36304606084563357,0.3248379592904803,-0.584783543289966,1.258848224166796,-0.3253041424381176,0.7741865191703831,38.3,-0.2032835320258512,provisional-pac-12-week-13-flex-unassigned
48,TCU,big-12,78.47826086956522,78.47826086956522,74.63043478260869,,,81.89855072463769,40,0.2746655038544748,0.31863832780423085,0.23069267990471876,12,prior-fbs-opponent-adjusted,fbs,false,,5.951471226636535,5.54445611116456,5.9835675145098515,5.49323947588885,0.4262065834053479,0.37837987263229417,0.43266799931166583,0.3731573845271341,0.47502409957539254,0.2299660626738527,0.4141460850956712,0.2314192971355848,22.400000000000002,-0.8148825529774789,complete-current-cfbd-schedule
49,Navy,american,78.05072463768116,87.8840579710145,66.07971014492753,,,53.68115942028986,106,0.26844744475455923,0.7230407316003884,-0.18614584209126994,12,prior-fbs-opponent-adjusted,fbs,false,,6.462929036501876,5.933452447548361,6.426948257624981,5.854048360781766,0.4693860329756874,0.41162650940882445,0.46517314064879994,0.39968839112676985,1.1019725997172423,-0.3056908645774224,0.7593811458730817,-0.06660081960511752,13.8,-1.1456845391525734,complete-current-cfbd-schedule
50,Clemson,acc,77.6231884057971,67.36231884057972,82.7536231884058,,,62.231884057971016,86,0.2575503519161797,-0.06805395479036455,0.583154658622724,12,prior-fbs-opponent-adjusted,fbs,false,,5.637925213579101,5.465166827592042,5.654450069008806,5.452902650598903,0.37550631791804073,0.3179419262982522,0.3802858675714826,0.31573321451410225,0.009645997275134802,0.28985011984250414,-0.14220124000618967,0.8764591974029438,41.4,-0.08404095561389854,complete-current-cfbd-schedule
51,Illinois,big-ten,77.19565217391305,73.34782608695652,76.76811594202898,,,64.36956521739131,81,0.2556124172808324,0.1551898107991273,0.35603502376253754,12,prior-fbs-opponent-adjusted,fbs,false,,5.709620738059443,5.418941065091737,5.728344013721205,5.344867486194482,0.42431393430057596,0.3807040057398528,0.4334950444503613,0.3704500149904963,0.11413338994246516,0.4502391419064523,0.4229300794724933,0.26183090561862277,21.099999999999998,-0.8648875043760399,complete-current-cfbd-schedule
52,LSU,sec,76.76811594202898,55.391304347826086,88.73913043478261,,,93.44202898550725,13,0.2519889200263923,-0.5015421581201602,1.0055199981729448,12,prior-fbs-opponent-adjusted,fbs,false,,5.25965982630169,5.083777115627521,5.31230628902646,4.99515634774713,0.3403548925543504,0.3118369375984073,0.351395491096819,0.3010299356610283,-0.4741515808192652,0.9694203530394587,-0.4490441106359634,1.0416196433064306,21.2,-0.8610409696530736,complete-current-cfbd-schedule
53,Georgia Tech,acc,76.34057971014492,90.02173913043478,61.3768115942029,,,71.21014492753623,65,0.23040512756284276,0.8456912368966407,-0.3848809817709552,12,prior-fbs-opponent-adjusted,fbs,false,,6.711641911022717,6.169423597645587,6.687872016579605,6.176366314851763,0.4583846584098132,0.39528540273456764,0.457063039419875,0.39247360123625996,1.4709235789109814,-0.7842041498760743,0.6732442710433684,0.014442186334163927,12.6,-1.1918429558281678,complete-current-cfbd-schedule
54,Southern Miss,sun-belt,75.91304347826087,77.6231884057971,73.77536231884058,,,69.07246376811594,70,0.22233850346142034,0.254746280087306,0.1899307268355347,12,prior-fbs-opponent-adjusted,fbs,false,,5.73676179734343,5.466896787241317,5.6892825641994795,5.495449158527535,0.40746846727213826,0.3785018127187844,0.40391323167079096,0.3801229426742675,0.05889978412784916,0.226685567480976,0.10874350735647217,0.15317588619009337,90.2,1.7930679891936137,complete-current-cfbd-schedule
55,UTSA,american,75.48550724637681,90.8768115942029,57.528985507246375,,,72.92028985507247,61,0.20822368077976544,0.9347722044621691,-0.5183248429026382,12,prior-fbs-opponent-adjusted,fbs,false,,6.144135241971493,5.854913658851181,6.12614532785637,5.811829169725301,0.5068571155624212,0.4711131861041337,0.5067856783737708,0.46441225458906066,0.6766317418087252,-0.24301224689578607,1.201345290608876,-0.7936374389094903,66.9,0.8968253987424861,complete-current-cfbd-schedule
56,South Carolina,sec,75.05797101449275,66.07971014492753,82.32608695652173,,,84.03623188405797,35,0.20580204434635338,-0.160142522798644,0.5717466114913508,11,prior-fbs-opponent-adjusted,fbs,false,,5.487786652961528,5.353707262484023,5.570134583719687,5.309008832758483,0.340031286688876,0.34424010897743695,0.3500306825372775,0.3367821778726067,-0.10957764484641606,0.5034749044365137,-0.46353965646718753,0.6400183185461877,69,0.9776026279247764,complete-current-cfbd-schedule
57,UNLV,mountain-west,74.63043478260869,93.01449275362319,51.11594202898551,,,56.67391304347826,99,0.19841885950154303,1.221236809886729,-0.8243990908836429,13,prior-fbs-opponent-adjusted,fbs,false,,6.80068233347813,6.382200275273168,6.754992723038109,6.399640653401995,0.5273997210503573,0.4374236202930723,0.5244489780838402,0.44121997574753935,1.5658334885001166,-1.1156772679989106,1.3889460853781956,-0.5331209137683752,15.4,-1.084139983585114,complete-current-cfbd-schedule
58,Washington State,pac-12,74.20289855072464,64.79710144927536,81.47101449275362,,,90.44927536231884,20,0.19783445835984206,-0.17201616677518156,0.5676850834948657,12,prior-fbs-opponent-adjusted,fbs,false,,5.27432343515149,5.213255075224527,5.3424224090528885,5.146807863933326,0.35025508736768635,0.3674917533200405,0.35991551178212744,0.35894267628479287,-0.43156683492343717,0.7442784882613684,-0.358553507053909,0.3910916787283629,91.3,1.835379871146242,provisional-pac-12-week-13-flex-unassigned
59,Ohio,mac,73.77536231884058,75.48550724637681,72.92028985507247,,,55.81884057971015,100,0.19061566966085355,0.21735167627758734,0.16387966304411977,12,prior-fbs-opponent-adjusted,fbs,false,,5.956870843927409,5.668956835503149,5.935975977337945,5.734460021155788,0.38685066411720803,0.34547365110963196,0.3855389069151257,0.35317233647418733,0.4077287934244344,-0.12814999676274755,-0.08640903968134533,0.4559093228509871,62.5,0.7275778709319726,complete-current-cfbd-schedule
60,Houston,big-12,73.34782608695652,78.05072463768116,70.78260869565217,,,57.10144927536232,98,0.17935427136268817,0.2562712632768479,0.10243727944852846,12,prior-fbs-opponent-adjusted,fbs,false,,5.650242984928924,5.507036405650635,5.68579441479036,5.55599724890312,0.41091526879683876,0.380389911726053,0.4119400048833532,0.38769865313852797,0.05396747690820429,0.13679586298785035,0.19399536056775668,0.06807869590920655,81.2,1.4468798641266545,complete-current-cfbd-schedule
61,Boise State,pac-12,72.92028985507247,74.20289855072464,72.4927536231884,,,89.16666666666667,23,0.16818727389861443,0.17308533767222972,0.16328921012499914,13,prior-fbs-opponent-adjusted,fbs,false,,5.699195116854832,5.545160959901467,5.710815591418353,5.454826237235931,0.39755402273343177,0.40412227654963045,0.4031954867958345,0.3902353659275132,0.08934787942295917,0.2869943628186768,0.1011203842031761,0.03958405743132147,66.3,0.8737461904046885,provisional-pac-12-week-13-flex-unassigned
62,Louisiana Tech,sun-belt,72.4927536231884,69.5,75.48550724637681,,,48.55072463768116,118,0.15953704594931867,0.033923591830527365,0.28515050006811,12,prior-fbs-opponent-adjusted,fbs,false,,5.49063632628889,5.634968771096435,5.469691394397815,5.673429989594482,0.4109217117839033,0.33557006308035514,0.4081122434798704,0.33964631082551977,-0.2516061561714105,-0.037544802309513674,0.15334094756069366,0.6078458024457336,63.9,0.7814293570534995,complete-current-cfbd-schedule
63,Auburn,sec,72.06521739130434,53.68115942028986,87.45652173913044,,,92.15942028985508,16,0.15466308074304075,-0.6396384738042477,0.9489646352903292,11,prior-fbs-opponent-adjusted,fbs,false,,5.135153791637069,5.024164721846804,5.198719377432613,4.975457308391646,0.3390734147708611,0.3216956171995841,0.3430966647603768,0.3137030597631715,-0.6347655564267173,0.9986655499643968,-0.5371854229572159,0.8992637206162615,14.399999999999999,-1.122605330814776,complete-current-cfbd-schedule
64,Utah State,pac-12,71.6376811594203,86.17391304347827,60.52173913043478,,,84.8913043478261,33,0.13388078130769815,0.6667915765773684,-0.39903001396197213,12,prior-fbs-opponent-adjusted,fbs,false,,6.084547195713912,6.1346112694050525,6.083566365750706,6.080808491237593,0.45819059659014244,0.41399239658456377,0.45775293143244744,0.40762224850722284,0.6164243087068987,-0.6423389899114654,0.6805715706979067,-0.15572103801247883,65.2,0.8314343084520605,provisional-pac-12-week-13-flex-unassigned
65,Arizona State,big-12,71.21014492753623,61.80434782608695,80.18840579710145,,,80.18840579710145,44,0.1265529691068469,-0.2629629190104064,0.5160688572241002,12,prior-fbs-opponent-adjusted,fbs,false,,5.73097657557929,5.255386638454662,5.7601766999375,5.203459373076796,0.3412715586731217,0.3705564280439943,0.3462737101967399,0.360645497008742,0.1591453919039713,0.6601736488782003,-0.5034422232910638,0.3719640655700001,15.5,-1.0802934488621478,complete-current-cfbd-schedule
66,Western Kentucky,conference-usa,70.78260869565217,72.92028985507247,70.35507246376811,,,51.11594202898551,112,0.0968724232738491,0.09560306569078778,0.09814178085691042,12,prior-fbs-opponent-adjusted,fbs,false,,5.606255532173827,5.830952958103708,5.598340921007184,5.843980548100949,0.38908547296149193,0.34763824954396916,0.38795443459444884,0.35040204296130245,-0.06969336675926598,-0.29074418828826043,-0.060753872194719,0.48702775000208126,83.7,1.5430432322008099,complete-current-cfbd-schedule
67,Miami (OH),mac,70.35507246376811,58.38405797101449,84.03623188405797,,,58.38405797101449,95,0.0965464320922585,-0.4222062358727291,0.6152991000572461,13,prior-fbs-opponent-adjusted,fbs,false,,5.398136122258976,5.116713862494587,5.408870314350935,5.160720429729167,0.3561000103326392,0.342119190528028,0.3610140480531484,0.3486263162080987,-0.33760827851098496,0.7236238908930317,-0.3468860224440558,0.5069743092214604,13.900000000000002,-1.141838004429607,complete-current-cfbd-schedule
68,Kansas,big-12,69.92753623188406,82.7536231884058,60.094202898550726,,,73.77536231884058,59,0.00767395365887702,0.4446400862158465,-0.42929217889809246,11,prior-fbs-opponent-adjusted,fbs,false,,5.980716296690323,6.022059589979535,6.070629932660529,6.002662554790031,0.4390823305668805,0.42695795200271563,0.45090102591662806,0.42333856536026176,0.5981319551281454,-0.5263235203725208,0.6077979133659637,-0.3322608374236641,18.099999999999998,-0.9802835460650263,complete-current-cfbd-schedule
69,Jacksonville State,conference-usa,69.5,72.4927536231884,67.36231884057972,,,44.27536231884058,128,0.0017875711734205019,0.09341295113668459,-0.08983780878984358,13,prior-fbs-opponent-adjusted,fbs,false,,5.82849031461325,5.724294926373138,5.781608820180003,5.743393373537736,0.3944825796773736,0.3938941720979488,0.3906213883546166,0.3971656536560927,0.18945080288436644,-0.14141245311380865,-0.03242832412425957,-0.038263164465878526,49.5,0.2275283569463648,complete-current-cfbd-schedule
70,Nebraska,big-ten,69.07246376811594,74.63043478260869,65.22463768115942,,,90.8768115942029,19,-0.005678230600746209,0.17603296733038445,-0.18738942853187687,12,prior-fbs-opponent-adjusted,fbs,false,,5.650715661302633,5.711233003860726,5.679626662668111,5.679550743449927,0.4175372798035147,0.42919366681824284,0.424060792978341,0.42297235047519516,0.0452461623217331,-0.046631674445830516,0.32272948823213315,-0.32814718261792325,46.300000000000004,0.10443924581144613,complete-current-cfbd-schedule
71,Arkansas,sec,68.64492753623188,94.29710144927536,44.70289855072464,,,98.57246376811594,1,-0.008081995107340645,1.2934814493501994,-1.3096454395648807,11,prior-fbs-opponent-adjusted,fbs,false,,6.967462751069823,6.527915976837281,7.059145063670381,6.439387815092749,0.48734585092273053,0.5372229720344719,0.4997957604141039,0.522364127154442,1.9959104747812308,-1.1746859104954708,1.1271058117951696,-1.4446049686342906,14.499999999999998,-1.11875879609181,complete-current-cfbd-schedule
72,NC State,acc,68.21739130434783,81.04347826086956,59.23913043478261,,,69.5,68,-0.0325492316778174,0.4036935348883496,-0.4687919982439844,12,prior-fbs-opponent-adjusted,fbs,false,,5.7472512999236285,6.2841618585227,5.835672714791828,6.201943526833846,0.4286298057835283,0.41640524753179786,0.43997366066221605,0.4040334043064219,0.26589814112591303,-0.8221760828068366,0.491739054596008,-0.11540791368113211,59.9,0.6275679681348509,complete-current-cfbd-schedule
73,Army,american,67.78985507246377,55.81884057971015,77.6231884057971,,,60.94927536231884,89,-0.04069574631861769,-0.49373633789363475,0.41234484525639936,12,prior-fbs-opponent-adjusted,fbs,false,,4.997533388877936,5.62655588185007,4.945688306851748,5.5624548598101065,0.359055141910049,0.3399877162994316,0.35435449313392703,0.331666625841598,-0.9925561295476778,0.12720889281984213,-0.41761673619306433,0.6974807976929566,80.2,1.4084145168969924,complete-current-cfbd-schedule
74,Iowa State,big-12,67.36231884057972,60.094202898550726,74.20289855072464,,,78.05072463768116,49,-0.056567346425248924,-0.3149022635735226,0.20176757072302473,11,prior-fbs-opponent-adjusted,fbs,false,,5.574728406325469,5.832014497567263,5.603726975314742,5.816708666097915,0.3608524240122153,0.34009637642333385,0.36734175814769904,0.3355560321632093,-0.0620773872151808,-0.25025634797789736,-0.2796798116967616,0.6537914894239468,1.7000000000000002,-1.611115240631485,complete-current-cfbd-schedule
75,Northwestern,big-ten,66.93478260869566,60.52173913043478,73.34782608695652,,,78.90579710144928,47,-0.06381462744948585,-0.29566803401038966,0.16803877911141796,12,prior-fbs-opponent-adjusted,fbs,false,,5.224848773735332,5.772939227711153,5.259456746233505,5.724761657511269,0.3440502495768866,0.3585259419751255,0.3473428956366936,0.35371360013842135,-0.5488818033238131,-0.11375180457097281,-0.49208647201109457,0.44982936279380875,88.5,1.727676898903188,complete-current-cfbd-schedule
76,Duke,acc,66.5072463768116,84.8913043478261,52.39855072463768,,,79.76086956521739,45,-0.08029925584161074,0.6288241221595917,-0.7894226338428132,13,prior-fbs-opponent-adjusted,fbs,false,,5.993895628185374,6.361721402145179,6.030609423280979,6.343217559013514,0.4900242342915836,0.44456224518697607,0.49557085525941746,0.4424496512530006,0.5415422210902237,-1.031911533196918,1.0822333599965777,-0.5469337344887085,17.1,-1.0187488932946882,complete-current-cfbd-schedule
77,Kennesaw State,conference-usa,66.07971014492753,70.35507246376811,63.94202898550725,,,41.28260869565217,135,-0.08702654146399029,0.04271700049775817,-0.21677008342573875,13,prior-fbs-opponent-adjusted,fbs,false,,5.893212384494813,5.9779759423556404,5.912347638791934,5.974816634544164,0.39375165241916515,0.39050184668701005,0.39753717640345243,0.3891796065421511,0.37431788949525996,-0.48498346279657684,0.04102382557108531,0.051443295945099325,6.1,-1.4418677128209718,complete-current-cfbd-schedule
78,Buffalo,mac,65.65217391304347,51.54347826086956,80.6159420289855,,,49.405797101449274,116,-0.08714694899515568,-0.6987753568819339,0.5244814588916226,11,prior-fbs-opponent-adjusted,fbs,false,,5.161452467556721,5.084705340039188,5.1344057258481675,5.16509052665822,0.333662283204983,0.35664395356841405,0.3304180234229279,0.3642186789802196,-0.7257062389566383,0.7171360443049369,-0.6718444748072294,0.33182687347830814,,,complete-current-cfbd-schedule
79,Liberty,conference-usa,65.22463768115942,67.78985507246377,66.5072463768116,,,40.427536231884055,137,-0.09789487890395365,-0.048311110672690276,-0.14747864713521702,11,prior-fbs-opponent-adjusted,fbs,false,,5.723609313480218,5.68563876288736,5.739067093344735,5.671925727498678,0.3745956084533631,0.41882262142733406,0.3756460993222749,0.41687406159286694,0.1292960211375864,-0.03531157456552876,-0.19147992662670896,-0.2596457197049053,38.3,-0.2032835320258512,complete-current-cfbd-schedule
80,UCF,big-12,64.79710144927536,54.53623188405797,77.19565217391305,,,60.094202898550726,91,-0.10801613535704249,-0.5973088410041105,0.38127657029002554,11,prior-fbs-opponent-adjusted,fbs,false,,5.416943514529592,5.2871328936582245,5.453430345349342,5.271917838156464,0.30575570345785574,0.37830024417176755,0.30967232405165807,0.37559721394970685,-0.27459957767196025,0.5585402008554405,-0.8921832424202208,0.20401293972461054,24.8,-0.7225657196262899,complete-current-cfbd-schedule
81,Hawaii,mountain-west,64.36956521739131,76.34057971014492,59.666666666666664,,,52.826086956521735,108,-0.1089154937779099,0.23845756004944296,-0.4562885476052628,12,prior-fbs-opponent-adjusted,fbs,false,,5.7397615089282,6.023068935280406,5.706244035363232,6.034713028108918,0.4203383431424323,0.4216542678479562,0.41893063399285074,0.4239092639574252,0.08288361534162997,-0.5739056581018601,0.2682423924590662,-0.33867143710866543,64.5,0.8045085653912968,complete-current-cfbd-schedule
82,Marshall,sun-belt,63.94202898550725,83.6086956521739,50.26086956521739,,,43.84782608695652,129,-0.16098821141490088,0.5239547900749456,-0.8459312129047474,11,prior-fbs-opponent-adjusted,fbs,false,,5.93101770688688,6.2822888357517686,5.9116592015007505,6.243928760498362,0.42638348128357767,0.4689643248813095,0.4237123263183866,0.46563345488895236,0.3733444265430432,-0.884507367307595,0.3190284457637895,-0.8073550585018997,98.8,2.123869975368708,complete-current-cfbd-schedule
83,Baylor,big-12,63.51449275362319,80.18840579710145,53.2536231884058,,,81.04347826086956,42,-0.19939407792890834,0.3650578858440555,-0.7638460417018722,11,prior-fbs-opponent-adjusted,fbs,false,,5.946058879452042,5.90271054741788,6.009463226967717,5.852223788463174,0.3984341119736046,0.508399187672718,0.40851086951302484,0.5027881485919516,0.5116411117881842,-0.30298210422631683,0.15757472957555027,-1.2247099791774276,60.199999999999996,0.6391075723037495,complete-current-cfbd-schedule
84,Maryland,big-ten,63.08695652173913,58.81159420289855,68.64492753623188,,,64.79710144927536,80,-0.20920488183102506,-0.414447952265399,-0.003961811396651152,11,prior-fbs-opponent-adjusted,fbs,false,,5.426814063229919,5.749248164445235,5.437276656637171,5.733932840484088,0.32521184455046753,0.3862966029047534,0.32658248715889293,0.38312592212017277,-0.2974411896885294,-0.1273673442546399,-0.7125814641189894,0.11944372146133761,54,0.4006224194798444,complete-current-cfbd-schedule
85,Central Michigan,mac,62.65942028985507,56.67391304347826,69.07246376811594,,,67.78985507246377,73,-0.23966622658566553,-0.47872807933778194,-0.00060437383354911,12,prior-fbs-opponent-adjusted,fbs,false,,5.211426139398572,5.713041974643559,5.243663179467693,5.75671077485129,0.33825951980156255,0.37309033800089253,0.33890986268673595,0.3795176817030503,-0.5712141963054027,-0.16118346919814774,-0.5816531843296336,0.15997472153104952,54,0.4006224194798444,complete-current-cfbd-schedule
86,Florida,sec,62.231884057971016,57.10144927536232,68.21739130434783,,,97.71739130434783,3,-0.24077454441336302,-0.45624672671214167,-0.025302362114584365,11,prior-fbs-opponent-adjusted,fbs,false,,5.293491618473268,5.954271239557621,5.393169667037246,5.853986033490833,0.29751540536805565,0.38589428302977835,0.31155644172636576,0.3710586999251473,-0.3598092816835952,-0.3055983334715023,-0.8721721471539956,0.25499360924233355,69.1,0.9814491626477424,complete-current-cfbd-schedule
87,North Carolina,acc,61.80434782608695,45.130434782608695,78.90579710144928,,,95.15217391304348,9,-0.2782222227669609,-1.0341921768208882,0.47774773128696635,11,prior-fbs-opponent-adjusted,fbs,false,,4.854778228559601,5.055174774709122,4.850612783572453,5.096768197996036,0.2964746136553381,0.37771761024012723,0.29610475123173674,0.38156939098993015,-1.1269946626724185,0.8185673841808905,-1.0362835796101546,0.13692807839304227,27.800000000000004,-0.6071696779373034,complete-current-cfbd-schedule
88,Eastern Michigan,mac,61.3768115942029,70.78260869565217,53.68115942028986,,,49.83333333333333,115,-0.3507477606224931,0.05665030445285073,-0.7581458256978368,11,prior-fbs-opponent-adjusted,fbs,false,,5.7650052321846745,6.143327871329407,5.78370542692818,6.207032945720353,0.36122021020999656,0.448556763485878,0.36446165023974775,0.45487975343566756,0.19241544326753138,-0.8297318348860847,-0.3102692565582473,-0.6865598165095889,72.1,1.0968452043367287,complete-current-cfbd-schedule
89,FIU,conference-usa,60.94927536231884,66.93478260869566,55.391304347826086,,,43.42028985507246,130,-0.35880237875697296,-0.07079666541978961,-0.6468080920941564,12,prior-fbs-opponent-adjusted,fbs,false,,5.654814047717649,6.05805565503145,5.601322341096583,6.0152285574525015,0.40087980940253787,0.46434598119448167,0.39467232388664036,0.46040614140871083,-0.06547758408857816,-0.5449790099013004,0.010596407258953992,-0.7486371742870124,31.6,-0.46100135846458734,complete-current-cfbd-schedule
90,Minnesota,big-ten,60.52173913043478,50.26086956521739,69.5,,,72.92028985507247,60,-0.3731629329042198,-0.7964347080679391,0.05010884225949956,12,prior-fbs-opponent-adjusted,fbs,false,,4.658162686059463,5.59539903079893,4.693039994733811,5.595089862833888,0.33116602197740835,0.39478361404625567,0.33697076161390915,0.39184895963625416,-1.3498054751841904,0.07875896219869645,-0.6022482548074882,0.021458722320302673,64.9,0.8198947042831619,complete-current-cfbd-schedule
91,Missouri State,conference-usa,60.094202898550726,69.92753623188406,52.826086956521735,,,60.094202898550726,90,-0.3744633833958826,0.03475466232051064,-0.7836814291122758,12,prior-fbs-opponent-adjusted,fbs,false,,5.967770664471723,6.116658264001482,5.948947157640978,6.0932324190923906,0.3689886158577614,0.4774750279456501,0.37071728113441815,0.47446681525458057,0.42607028019925486,-0.6607835551584312,-0.24382859445734545,-0.9065793030661204,31.3,-0.472540962633486,complete-current-cfbd-schedule
92,Troy,sun-belt,59.666666666666664,45.55797101449275,75.05797101449275,,,50.68840579710145,113,-0.3822139680861517,-1.0314198564300743,0.2669919202577709,13,prior-fbs-opponent-adjusted,fbs,false,,4.473311954107472,5.585789071993616,4.493225201629917,5.5595335155759935,0.3374516825256855,0.35917508388378033,0.3382295082379733,0.3579325861124375,-1.6323472562333308,0.13154592092920422,-0.5888791861190926,0.4024379195863376,35.3,-0.3186795737148376,complete-current-cfbd-schedule
93,California,acc,59.23913043478261,59.666666666666664,60.94927536231884,,,66.07971014492753,76,-0.39185710143033536,-0.38841803642046163,-0.39529616644020904,12,prior-fbs-opponent-adjusted,fbs,false,,5.127611916545399,5.728573851087226,5.144202905247429,5.75565916503753,0.3643785922870535,0.4482220523890031,0.367586415160281,0.4499309211819055,-0.7118528476549942,-0.15962224910326825,-0.2770813249610074,-0.6309700837771498,58.3,0.5660234125673914,complete-current-cfbd-schedule
94,Delaware,conference-usa,58.81159420289855,71.6376811594203,48.97826086956522,,,57.528985507246375,97,-0.40586866732012455,0.08138174686455753,-0.8931190815048067,12,prior-fbs-opponent-adjusted,fbs,false,,5.622970094711711,6.145807280440177,5.590779243919109,6.156884213478473,0.387409387195502,0.48504639882827255,0.3850198529859641,0.4855394547528632,-0.08038571680500137,-0.7552810191136163,-0.09192187880184946,-1.030957143895997,84.89999999999999,1.589201648876404,complete-current-cfbd-schedule
95,South Alabama,sun-belt,58.38405797101449,63.94202898550725,55.81884057971015,,,46.84057971014493,122,-0.4294065127930596,-0.23505451809036293,-0.6237585074957562,11,prior-fbs-opponent-adjusted,fbs,false,,5.384958325452204,5.830975258572613,5.365536579644245,5.83023202592559,0.3563080188421644,0.48193493424517087,0.3538697807920685,0.48075233264426537,-0.39888297390940336,-0.2703331301046896,-0.4227648354757437,-0.9771838848868228,78.60000000000001,1.3468699613295332,complete-current-cfbd-schedule
96,Louisiana,sun-belt,57.95652173913044,60.94927536231884,56.2463768115942,,,40,138,-0.4435421317321353,-0.2727455142536872,-0.6143387492105834,12,prior-fbs-opponent-adjusted,fbs,false,,5.0919371591704685,6.1152959239039815,5.08777875798668,6.119578843984555,0.37694611107495146,0.44073547255504014,0.37225896916250956,0.44083353258137525,-0.791637626417305,-0.6998974616964637,-0.2274544229206753,-0.5287800367247032,91.9,1.8584590794840394,complete-current-cfbd-schedule
97,Kentucky,sec,57.528985507246375,48.97826086956522,67.78985507246377,,,98.14492753623189,2,-0.45022917398857865,-0.8332567059194826,-0.06720164205767466,11,prior-fbs-opponent-adjusted,fbs,false,,4.884508560248995,5.714291098356541,4.976377550289395,5.616500462559845,0.3142167480962366,0.42233571148212534,0.32824375621736146,0.4099061672575839,-0.9491609766401808,0.04697278247860154,-0.6949372299832403,-0.18137606659395086,19.3,-0.9341251293894316,complete-current-cfbd-schedule
98,Kent State,mac,57.10144927536232,62.231884057971016,54.96376811594203,,,74.63043478260869,57,-0.478445692837971,-0.2585910875836908,-0.6983002980922512,11,prior-fbs-opponent-adjusted,fbs,false,,5.129921662036431,5.83329756441778,5.202995136761479,5.915642166806572,0.3750341249416881,0.47401415615175163,0.38225493994972426,0.4827361190796976,-0.6287195543397386,-0.39713303868782657,-0.121287846179448,-0.999467557496676,64.1,0.7891224264994318,complete-current-cfbd-schedule
99,Wisconsin,big-ten,56.67391304347826,42.565217391304344,81.04347826086956,,,63.51449275362319,83,-0.4848945278631383,-1.500852147224526,0.5310630914982494,12,prior-fbs-opponent-adjusted,fbs,false,,4.399289552115103,5.378805878205839,4.534054615272732,5.3094249966144575,0.21974504986849533,0.3571244830850056,0.23803489978616815,0.34397081219278225,-1.5746137167359084,0.5028570675104896,-1.6530398178069527,0.5592691154860091,31,-0.4840805668023847,complete-current-cfbd-schedule
100,Mississippi State,sec,56.2463768115942,61.3768115942029,54.53623188405797,,,96.43478260869566,6,-0.4893295957114292,-0.2701047350675007,-0.7085544563553576,12,prior-fbs-opponent-adjusted,fbs,false,,5.293273479978299,6.183022872651279,5.37533893331856,6.10031450115196,0.3716098387397065,0.46990382447148366,0.38120626107289385,0.460154569941605,-0.385022266087963,-0.6712976152977657,-0.13242579854284645,-0.7458112974129495,33.900000000000006,-0.37253105983636425,complete-current-cfbd-schedule
101,Wyoming,mountain-west,55.81884057971015,42.992753623188406,79.33333333333333,,,53.2536231884058,107,-0.49147878729855143,-1.4750379128359843,0.4920803382388814,11,prior-fbs-opponent-adjusted,fbs,false,,4.754217653856672,5.480042363832166,4.714220389987326,5.465272506883616,0.22703104802150023,0.3308732913212153,0.22588814634662546,0.33031398752742525,-1.3198560079535964,0.2714858292569889,-1.7820497217619948,0.7126748472207739,23,-0.7918033446396817,complete-current-cfbd-schedule
102,Tulsa,american,55.391304347826086,51.11594202898551,63.08695652173913,,,45.98550724637681,124,-0.5044519207921925,-0.7532654605320729,-0.25563838105231196,11,prior-fbs-opponent-adjusted,fbs,false,,5.265519975139094,5.6625191729149345,5.227953628358816,5.684896500050881,0.29920015480975876,0.4307823421176307,0.29378091456600935,0.4344174453059129,-0.5934277896076601,-0.054567985536256906,-1.0609649026109764,-0.456708776568367,41.3,-0.08788749033686481,complete-current-cfbd-schedule
103,Northern Illinois,mountain-west,54.96376811594203,44.27536231884058,71.6376811594203,,,54.53623188405797,104,-0.5198007889627128,-1.1609191074934695,0.12131752956804409,11,prior-fbs-opponent-adjusted,fbs,false,,4.651909590297015,5.532722054661944,4.681934340258152,5.589078751201167,0.27584626327019834,0.3729794540816572,0.27925012887574663,0.3799648255687352,-1.3655090742347238,0.08768305947391535,-1.2152954630872803,0.15495199966217285,43.7,0.004429343014324528,complete-current-cfbd-schedule
104,Florida Atlantic,american,54.53623188405797,69.07246376811594,46.41304347826087,,,66.93478260869566,75,-0.5212024379931992,0.028340888224048663,-1.070745764210447,11,prior-fbs-opponent-adjusted,fbs,false,,5.724045916965909,6.1319773088474925,5.712013645029128,6.081769214690443,0.3715283220690244,0.5311793624259232,0.37106094962446573,0.5270932073163543,0.09104194919488397,-0.6437652801006454,-0.24017851304966015,-1.4977262483202485,68.4,0.9545234195869794,complete-current-cfbd-schedule
105,Middle Tennessee,conference-usa,54.108695652173914,62.65942028985507,51.54347826086956,,,41.710144927536234,134,-0.5412744325591083,-0.25834039534916325,-0.8242084697690534,11,prior-fbs-opponent-adjusted,fbs,false,,5.767354516489302,6.165062278487622,5.714827774832972,6.196007948317918,0.3449833756930337,0.46286429546964347,0.3395966112645763,0.46809922611134813,0.09502118033453302,-0.813364122008687,-0.5743592708975865,-0.8350528175294197,32.5,-0.4263825459578915,complete-current-cfbd-schedule
106,Appalachian State,sun-belt,53.68115942028986,54.108695652173914,57.95652173913044,,,44.70289855072464,127,-0.5723279697567218,-0.6357140107074148,-0.5089419288060287,12,prior-fbs-opponent-adjusted,fbs,false,,5.178676345558617,5.997314489946299,5.1266255128955045,6.011041010147303,0.3397312283627005,0.43237421988335484,0.334602921219066,0.4364127365114566,-0.7367076027217526,-0.5387621765134871,-0.6273969386463435,-0.4791216810985704,37.9,-0.218669670917716,complete-current-cfbd-schedule
107,Michigan State,big-ten,53.2536231884058,57.95652173913044,54.108695652173914,,,87.02898550724638,28,-0.5867601452213023,-0.42239130874230896,-0.7511289817002955,11,prior-fbs-opponent-adjusted,fbs,false,,5.254318401566417,6.057313216713234,5.304256226381747,6.019537887041677,0.3598942696532768,0.48712958751571755,0.36926943834856063,0.478410767671547,-0.48553451699662736,-0.5513766412870572,-0.2592060415813987,-0.9508813221135337,20.9,-0.8725805738219723,complete-current-cfbd-schedule
108,UTEP,mountain-west,52.826086956521735,45.98550724637681,65.65217391304347,,,58.81159420289855,94,-0.6010447747172716,-1.0147625725144613,-0.1873269769200818,11,prior-fbs-opponent-adjusted,fbs,false,,4.7848620390500365,5.51065677449975,4.748658609971692,5.506742687647758,0.32596225911199544,0.4447841308874345,0.32227176136209,0.44580047029096503,-1.2711597334716287,0.20991919237312057,-0.7583654115572939,-0.5845731462132842,,,complete-current-cfbd-schedule
109,New Mexico State,conference-usa,52.39855072463768,46.41304347826087,63.51449275362319,,,55.391304347826086,102,-0.6145012957523429,-0.9937961143233907,-0.23520647718129511,11,prior-fbs-opponent-adjusted,fbs,false,,4.804028113445688,5.7852640876201535,4.772638742095978,5.7798789525436005,0.32035435727109135,0.41787585970518676,0.3176742659775691,0.41822618674355205,-1.237251386972645,-0.19557894944348014,-0.8071951207419666,-0.2748340049191101,24.4,-0.7379518585181548,complete-current-cfbd-schedule
110,Nevada,mountain-west,51.971014492753625,47.69565217391305,62.65942028985507,,,47.69565217391305,120,-0.6171289267796098,-0.9668133502525306,-0.267444503306689,11,prior-fbs-opponent-adjusted,fbs,false,,4.87929157123428,5.722593310910799,4.907992067580613,5.692312271174718,0.28963088707110046,0.43838907795906734,0.29636620490712273,0.4355393987361298,-1.0458593030368555,-0.06557744051287717,-1.0335066965756778,-0.46931156610050084,35.5,-0.31098650426890506,complete-current-cfbd-schedule
111,Colorado,big-12,51.54347826086956,52.39855072463768,56.67391304347826,,,83.6086956521739,36,-0.6378855851335483,-0.6691309409011797,-0.6066402293659168,12,prior-fbs-opponent-adjusted,fbs,false,,5.149773467019309,6.184677670901671,5.187719132823168,6.147447273459892,0.32989017397102594,0.4405140451274237,0.33895383165323084,0.4357795821616379,-0.6503201039937371,-0.7412709364780181,-0.5811861927032093,-0.4720095222538154,13.700000000000001,-1.1495310738755395,complete-current-cfbd-schedule
112,Bowling Green,mac,51.11594202898551,49.83333333333333,58.81159420289855,,,70.78260869565217,66,-0.6414807706173526,-0.7980701011606951,-0.4848914400740101,11,prior-fbs-opponent-adjusted,fbs,false,,4.9774506418817275,5.928429276017486,4.992486328581623,5.943866100662883,0.33016074762286857,0.4369374697302367,0.33061453539280516,0.4410087810278418,-0.9263828687808426,-0.43903429532928034,-0.6697573335405476,-0.5307485848187399,,,complete-current-cfbd-schedule
113,San Jose State,mountain-west,50.68840579710145,59.23913043478261,49.405797101449274,,,65.65217391304347,78,-0.6452525980531711,-0.40210331671278676,-0.8884018793935555,11,prior-fbs-opponent-adjusted,fbs,false,,5.886814151616412,6.059467017610032,5.908615905368087,6.081582140960975,0.30021462992399855,0.49369228468152143,0.306815163732441,0.49465188999688586,0.36904115001268367,-0.6434875504124596,-0.922528962385722,-1.1333162083746515,3.8,-1.530338011449195,complete-current-cfbd-schedule
114,Temple,american,50.26086956521739,64.36956521739131,45.55797101449275,,,77.19565217391305,51,-0.6585188806975926,-0.22558136991717773,-1.0914563914780073,11,prior-fbs-opponent-adjusted,fbs,false,,5.21271689965602,6.427030915625463,5.22002535598616,6.41128368169601,0.406718306586502,0.48934036722214036,0.40870465458280564,0.48723030316816557,-0.6046385121073106,-1.1329625096351372,0.15963290860789608,-1.0499502733208776,37,-0.2532884834244119,complete-current-cfbd-schedule
115,Arkansas State,sun-belt,49.83333333333333,50.68840579710145,57.10144927536232,,,45.55797101449275,125,-0.6716401275787449,-0.7891418285932879,-0.554138426564202,12,prior-fbs-opponent-adjusted,fbs,false,,5.075250089933642,6.259256705716653,5.02410288603319,6.238403003032659,0.3283956159575547,0.41527109230324055,0.3225085290445474,0.41441052181099486,-0.8816764768553781,-0.8763038269050555,-0.7558507169003621,-0.23197302622334848,30,-0.5225459140320469,complete-current-cfbd-schedule
116,Virginia Tech,acc,49.405797101449274,56.2463768115942,48.55072463768116,,,83.18115942028986,37,-0.6983852013447875,-0.4872352683584479,-0.9095351343311272,11,prior-fbs-opponent-adjusted,fbs,false,,5.3645038929670426,6.232033042157109,5.454713627949567,6.126957868372416,0.30951314904236443,0.5039638757463609,0.3229549449067411,0.49241753337713967,-0.2727849925462814,-0.7108523624630756,-0.7511093621184227,-1.1082179061991788,36.7,-0.2648280875933104,complete-current-cfbd-schedule
117,Stanford,acc,48.97826086956522,44.70289855072464,62.231884057971016,,,91.73188405797102,17,-0.700844042745278,-1.0632538420652138,-0.33843424342534234,12,prior-fbs-opponent-adjusted,fbs,false,,4.7268950867239985,5.9570633826662975,4.797655598563838,5.89523968200682,0.2930590687061026,0.430300906187082,0.3023058998583284,0.4213590356613397,-1.2018770932435276,-0.3668435065457076,-0.9704215702502569,-0.3100249803049771,21.3,-0.8571944349301074,complete-current-cfbd-schedule
118,Georgia Southern,sun-belt,48.55072463768116,65.65217391304347,45.130434782608695,,,66.07971014492753,77,-0.7356102062200659,-0.1666013503128118,-1.30461906212732,12,prior-fbs-opponent-adjusted,fbs,false,,5.675873848248159,6.836225822546479,5.683641904085345,6.809315450266905,0.3832572239503727,0.47522125473616933,0.3844316066193258,0.47257756879078294,0.05092378730507253,-1.7238805358482512,-0.09816960644690532,-0.8853575884063888,5.800000000000001,-1.4534073169898705,complete-current-cfbd-schedule
119,UCLA,big-ten,48.1231884057971,51.971014492753625,49.83333333333333,,,72.06521739130434,63,-0.7902506490570111,-0.6952244946076961,-0.8852768035063263,12,prior-fbs-opponent-adjusted,fbs,false,,5.140342306386312,6.118029111357939,5.206853141904755,6.002110801653609,0.2824721793333877,0.5229677131975335,0.29609851387643193,0.5045988334657106,-0.6232642643306989,-0.5255043875794233,-1.0363498261683657,-1.2450492194332292,56.99999999999999,0.5160184611688305,complete-current-cfbd-schedule
120,Colorado State,pac-12,47.69565217391305,53.2536231884058,47.268115942028984,,,82.7536231884058,38,-0.8156902072130257,-0.6518127043205258,-0.9795677101055256,11,prior-fbs-opponent-adjusted,fbs,false,,5.207883224971926,6.506437012777308,5.2412961777552,6.470328815209483,0.3084414002822072,0.4663973925802919,0.31459972854632723,0.45950497793913414,-0.5745611801257966,-1.2206209241344232,-0.8398495893359739,-0.7385144960766278,39.6,-0.15327858062729027,provisional-pac-12-week-13-flex-unassigned
121,Coastal Carolina,sun-belt,47.268115942028984,49.405797101449274,47.69565217391305,,,42.13768115942029,133,-0.8837866083824272,-0.8051496878578401,-0.9624235289070142,12,prior-fbs-opponent-adjusted,fbs,false,,4.847319526119687,6.305939693505263,4.85772461250658,6.288534920862298,0.35145769468711213,0.47995250804960027,0.3530602203437383,0.48047933926302916,-1.116938406164322,-0.9507296799984664,-0.43136312605640864,-0.974117377815562,15.4,-1.084139983585114,complete-current-cfbd-schedule
122,West Virginia,big-12,46.84057971014493,43.84782608695652,58.38405797101449,,,85.31884057971014,32,-0.8897356645761635,-1.2750784593306523,-0.5043928698216746,11,prior-fbs-opponent-adjusted,fbs,false,,4.602206757418362,5.969420666152083,4.677288147604287,5.913781538940526,0.2680861571769302,0.4566812371026144,0.27988600918847195,0.44845711691807355,-1.372078875835139,-0.39437075026530033,-1.2085418182981682,-0.6144149893780491,14.000000000000002,-1.137991469706641,complete-current-cfbd-schedule
123,Akron,mac,46.41304347826087,47.268115942028984,50.68840579710145,,,61.80434782608695,87,-0.8997109690560263,-0.9711485467271209,-0.8282733913849318,11,prior-fbs-opponent-adjusted,fbs,false,,4.785049133603777,6.102653266320714,4.792667826402955,6.1947977614543746,0.2684842969030536,0.45794497597379186,0.26550194036690444,0.468982923798387,-1.2089298945297198,-0.8115674784007613,-1.361314108144121,-0.8449793043691023,91.8,1.8546125447610728,complete-current-cfbd-schedule
124,UAB,american,45.98550724637681,66.5072463768116,42.565217391304344,,,74.20289855072464,58,-0.902047637306632,-0.1347943470887076,-1.6693009275245563,11,prior-fbs-opponent-adjusted,fbs,false,,5.623217928891427,6.510793714364943,5.609471222551447,6.4455394123617875,0.3429282333867685,0.5953185611383475,0.3415662023401075,0.5855871932089508,-0.05395491630182195,-1.1838185727684594,-0.5534403680195717,-2.154783282280653,79.60000000000001,1.3853353085591953,complete-current-cfbd-schedule
125,UL Monroe,sun-belt,45.55797101449275,46.84057971014493,48.1231884057971,,,40.85507246376812,136,-0.9594335307042006,-0.9897821302751212,-0.9290849311332798,11,prior-fbs-opponent-adjusted,fbs,false,,5.120805756968978,5.947923402253531,5.135090386909344,5.976555076075603,0.2567993066993579,0.5166580069655218,0.2587503096505248,0.5157763834273502,-0.7247381156628884,-0.4875643533675317,-1.4330227531409392,-1.370605508899028,38.7,-0.18789739313398615,complete-current-cfbd-schedule
126,Air Force,mountain-west,45.130434782608695,78.90579710144928,40.427536231884055,,,65.22463768115942,79,-0.9828766810435582,0.32486342109366606,-2.2906167831807824,11,prior-fbs-opponent-adjusted,fbs,false,,5.968068983578775,7.604419498709901,5.939361041850251,7.55966541735979,0.410227748461476,0.5529308447288908,0.4116874946912963,0.5489626377881971,0.41251533670992574,-2.837850214991154,0.1913134657069553,-1.7433833513704107,57.4,0.5314046000606956,complete-current-cfbd-schedule
127,Purdue,big-ten,44.70289855072464,52.826086956521735,43.42028985507246,,,94.72463768115942,10,-1.0583319761024597,-0.6528299144324138,-1.4638340377725054,11,prior-fbs-opponent-adjusted,fbs,false,,5.32657092049892,6.837597465896343,5.392092416154385,6.744306801557144,0.2744090049466012,0.5256173909757842,0.28795262906095875,0.5095174364463095,-0.3613325341833349,-1.6273686857507594,-1.1228667562191492,-1.3002993897942514,47.5,0.15059766248704054,complete-current-cfbd-schedule
128,Boston College,acc,44.27536231884058,54.96376811594203,42.992753623188406,,,82.32608695652173,39,-1.0823886762815194,-0.5116633757382414,-1.6531139768247973,11,prior-fbs-opponent-adjusted,fbs,false,,5.467546725178038,6.993217077845145,5.493233585651665,6.943609599818541,0.3257415506329244,0.5263245821073688,0.3296970175885229,0.5168775055322525,-0.2183170660928608,-1.9232536513911294,-0.6795022324056351,-1.3829743022584653,15.6,-1.0764469141391815,complete-current-cfbd-schedule
129,Oregon State,pac-12,43.84782608695652,43.42028985507246,46.84057971014493,,,85.7463768115942,31,-1.1578040743401732,-1.2858303957170678,-1.0297777529632786,11,prior-fbs-opponent-adjusted,fbs,false,,4.709932405703076,6.20931010895281,4.7968690862498296,6.2159621877355535,0.21921976228855636,0.5034647430008156,0.22638473528551278,0.502063254487794,-1.2029892360762235,-0.8429881889860261,-1.7767754818895996,-1.2165673169405309,57.9,0.5506372736755266,provisional-pac-12-week-13-flex-unassigned
130,Georgia State,sun-belt,43.42028985507246,48.55072463768116,42.13768115942029,,,47.268115942028984,121,-1.3014933663391486,-0.9295309047981632,-1.6734558278801341,11,prior-fbs-opponent-adjusted,fbs,false,,5.203080143624019,6.733171311267039,5.211461913049149,6.669301652863011,0.2522113550919983,0.5668267520899547,0.2549114398500538,0.5567533491984002,-0.6167473774307993,-1.516016030204462,-1.4737951477334255,-1.8308956255558062,46.5,0.11213231525737839,complete-current-cfbd-schedule
131,Rutgers,big-ten,42.992753623188406,68.64492753623188,40,,,68.21739130434783,72,-1.3518572742730612,0.02385495644124916,-2.727569504987372,11,prior-fbs-opponent-adjusted,fbs,false,,5.636829357236966,7.964269661074325,5.736608734219547,7.919082743401864,0.3718213330367481,0.5883808429730515,0.3861633716663807,0.5792588619169889,0.12581985626060505,-3.3714412337536386,-0.07977663885229311,-2.0836977762211055,44.4,0.03135508607508786,complete-current-cfbd-schedule
132,Ball State,mac,42.565217391304344,40.427536231884055,51.971014492753625,,,68.64492753623188,71,-1.377132625242242,-1.9354945046636773,-0.8187707458208068,11,prior-fbs-opponent-adjusted,fbs,false,,4.074838347914141,6.227945973446657,4.098381517273561,6.24307083480913,0.2207480613786916,0.4569968092234662,0.22545960385320873,0.4609109644890787,-2.190663465364273,-0.8832336906944466,-1.786601244618824,-0.754307800947167,5.7,-1.4572538517128366,complete-current-cfbd-schedule
133,Rice,american,42.13768115942029,42.13768115942029,43.84782608695652,,,86.60144927536231,29,-1.4406517235845464,-1.5099521533834688,-1.3713512937856238,12,prior-fbs-opponent-adjusted,fbs,false,,4.36160423379431,6.559022018559275,4.3383063043875225,6.462460079095075,0.2604858991595312,0.5434054032634646,0.2554314328710128,0.5303014033556398,-1.8514054173689587,-1.2089389972615685,-1.4682723345780337,-1.5337635903096791,39.4,-0.1609716500732228,complete-current-cfbd-schedule
134,Charlotte,american,41.710144927536234,40.85507246376812,45.98550724637681,,,72.4927536231884,62,-1.479720666955916,-1.882683884069623,-1.076757449842209,11,prior-fbs-opponent-adjusted,fbs,false,,4.208906538871729,6.39514160797354,4.229971168528223,6.368263697701843,0.18652600529202984,0.4986938514234945,0.19066062743837506,0.49029893147323084,-2.004593285796557,-1.069095034632259,-2.1561989834184425,-1.084419865052159,40.9,-0.10327362922872961,complete-current-cfbd-schedule
135,Sam Houston,conference-usa,41.28260869565217,48.1231884057971,40.85507246376812,,,54.108695652173914,105,-1.5008843091490247,-0.9587211609123536,-2.043047457385696,12,prior-fbs-opponent-adjusted,fbs,false,,4.907939238954727,7.092498180095505,4.881622870135914,7.094541450648474,0.28564259539252607,0.5669366717470579,0.2837031783714736,0.5663565859606129,-1.0831458317023683,-2.1473271008681407,-1.1679999045983271,-1.9387678139032514,57.699999999999996,0.5429442042295941,complete-current-cfbd-schedule
136,Oklahoma State,big-12,40.85507246376812,41.28260869565217,44.27536231884058,,,75.91304347826087,54,-1.5255241677415983,-1.725887685118952,-1.3251606503642446,11,prior-fbs-opponent-adjusted,fbs,false,,4.450375750338723,6.492822553572027,4.533548668840741,6.4170683737566865,0.2061006274869888,0.5374379272994662,0.21596716218826428,0.5280764430828615,-1.5753291342672613,-1.1415504643780934,-1.8874198702366523,-1.508770836350396,0,-1.6765063309219108,complete-current-cfbd-schedule
137,Syracuse,acc,40.427536231884055,41.710144927536234,41.28260869565217,,,89.59420289855072,22,-1.7821344550186562,-1.5444690696262984,-2.019799840411014,11,prior-fbs-opponent-adjusted,fbs,false,,4.448540768703387,6.897765355321118,4.484745229598626,6.78722760443125,0.2229666280843511,0.6198458222233345,0.23225447399900093,0.6028336300004759,-1.6443380921656943,-1.6910889164471972,-1.714433356363027,-2.3485107643748306,35,-0.33021917788373617,complete-current-cfbd-schedule
138,UMass,mac,40,40,41.710144927536234,,,50.26086956521739,114,-2.195625089404791,-2.58338973240312,-1.807860446406462,11,prior-fbs-opponent-adjusted,fbs,false,,3.7040147993461883,6.46741495650197,3.74210015737526,6.53350403050302,0.15622579688056254,0.5946765729304214,0.1608959618101472,0.5986316220970522,-2.6944518406720777,-1.3144108586938708,-2.4723276241341616,-2.3013100341190533,,,complete-current-cfbd-schedule
