rank,teamId,team,conference,jkbPower,jkbOffense,jkbDefense,sosPlayedRating,sosPlayedRank,sosRemainingRating,sosRemainingRank,apRank,rawPower,rawOffense,rawDefense,games,priorPerformanceSource,sourceClassification,transitionShrinkageApplied,transitionPriorPerformanceWeight,rawYppOffense,rawYppDefenseAllowed,adjustedYppOffense,adjustedYppDefenseAllowed,rawPointsPerPlayOffense,rawPointsPerPlayDefenseAllowed,adjustedPointsPerPlayOffense,adjustedPointsPerPlayDefenseAllowed,standardizedYppOffense,standardizedYppDefense,standardizedPointsPerPlayOffense,standardizedPointsPerPlayDefense,returningProduction,standardizedReturningProduction,sosProvenance,modelVersion,provenance
1,osu,Ohio State,big-ten,98.57,92.16,98.14,,,88.74,24,,2.29506853,1.1542203,2.46480233,13,prior-fbs-opponent-adjusted,fbs,false,,6.48934911,4.0389238,6.52886465,4.00323362,0.48880706,0.17856778,0.49795811,0.17230484,1.24608425,2.44202899,1.10758822,2.48757566,68.3,0.95067688,complete-current-cfbd-schedule,cfb-preseason-v1.1-market-anchor,JKB Preseason Power combines a market-informed preseason strength baseline with JoeKnowsBall efficiency data.
2,nd,Notre Dame,independents,98.14,98.57,95.15,,,68.64,71,,2.29381191,2.77288746,1.57495836,12,prior-fbs-opponent-adjusted,fbs,false,,7.58193496,4.65047501,7.55341633,4.58420348,0.71681747,0.26041784,0.71399099,0.25395607,2.69481911,1.57952104,3.40205981,1.57039568,51.2,0.29291945,complete-current-cfbd-schedule,cfb-preseason-v1.1-market-anchor,JKB Preseason Power combines a market-informed preseason strength baseline with JoeKnowsBall efficiency data.
3,ore,Oregon,big-ten,97.72,96.86,96.01,,,90.88,19,,2.12283997,1.80652862,1.6264866,14,prior-fbs-opponent-adjusted,fbs,false,,6.95135386,4.38703823,7.01330703,4.34833187,0.55220272,0.28654729,0.56431088,0.2759556,1.93109466,1.92969607,1.81231687,1.32327713,75.3,1.21993432,complete-current-cfbd-schedule,cfb-preseason-v1.1-market-anchor,JKB Preseason Power combines a market-informed preseason strength baseline with JoeKnowsBall efficiency data.
4,ind,Indiana,big-ten,97.29,96.43,95.58,,,82.75,38,,1.9936669,1.74030094,1.58910526,15,prior-fbs-opponent-adjusted,fbs,false,,6.7556432,4.94084232,6.85804654,4.88602919,0.60492414,0.21967655,0.6183671,0.21154633,1.71155347,1.13143055,2.38644451,2.04677998,16.6,-1.03798157,complete-current-cfbd-schedule,cfb-preseason-v1.1-market-anchor,JKB Preseason Power combines a market-informed preseason strength baseline with JoeKnowsBall efficiency data.
5,uga,Georgia,sec,96.86,82.33,93.44,,,96.43,6,,1.77312157,0.44456313,1.20600872,13,prior-fbs-opponent-adjusted,fbs,false,,5.66707968,4.92387248,5.69538029,4.88112032,0.45386925,0.28703253,0.46012031,0.28040485,0.06752208,1.13871826,0.70571532,1.27329917,68.7,0.96606302,complete-current-cfbd-schedule,cfb-preseason-v1.1-market-anchor,JKB Preseason Power combines a market-informed preseason strength baseline with JoeKnowsBall efficiency data.
6,tex,Texas,sec,96.43,88.74,93.87,,,96.86,5,,1.73688767,0.73816229,1.2498728,13,prior-fbs-opponent-adjusted,fbs,false,,5.99765671,4.86196067,6.04324179,4.80437295,0.46755352,0.28864544,0.47250126,0.28273826,0.55940462,1.25265742,0.83721265,1.24708818,72.1,1.0968452,complete-current-cfbd-schedule,cfb-preseason-v1.1-market-anchor,JKB Preseason Power combines a market-informed preseason strength baseline with JoeKnowsBall efficiency data.
7,ttu,Texas Tech,big-12,96.01,88.31,98.57,,,69.5,69,,1.6655297,0.73792638,2.48264223,13,prior-fbs-opponent-adjusted,fbs,false,,5.94853495,3.98708949,5.98588325,3.96721778,0.49071022,0.17654145,0.49513831,0.17388852,0.4782986,2.49549812,1.0776393,2.46978635,53.4,0.37754321,complete-current-cfbd-schedule,cfb-preseason-v1.1-market-anchor,JKB Preseason Power combines a market-informed preseason strength baseline with JoeKnowsBall efficiency data.
8,mia,Miami,acc,95.58,84.04,96.43,,,75.49,55,,1.62532182,0.58311131,1.72550432,15,prior-fbs-opponent-adjusted,fbs,false,,5.99862982,4.68298038,6.0756187,4.57628016,0.45228617,0.24300636,0.46407877,0.22819878,0.60518616,1.59128401,0.74775787,1.85972463,36.9,-0.25713502,complete-current-cfbd-schedule,cfb-preseason-v1.1-market-anchor,JKB Preseason Power combines a market-informed preseason strength baseline with JoeKnowsBall efficiency data.
9,tamu,Texas A&M,sec,95.15,92.59,83.61,,,93.44,13,,1.50023531,1.16157732,0.61098128,12,prior-fbs-opponent-adjusted,fbs,false,,6.46517053,5.26404571,6.5437491,5.18326566,0.48341954,0.35799633,0.49389412,0.3464154,1.26713114,0.69015324,1.06442491,0.53180932,72.8,1.12377095,complete-current-cfbd-schedule,cfb-preseason-v1.1-market-anchor,JKB Preseason Power combines a market-informed preseason strength baseline with JoeKnowsBall efficiency data.
10,usc,USC,big-ten,94.72,97.29,76.34,,,79.33,46,,1.4442267,1.92425302,0.32686229,13,prior-fbs-opponent-adjusted,fbs,false,,7.24244158,5.56452409,7.27422421,5.50286918,0.56322206,0.36409944,0.56716266,0.35476182,2.30003633,0.2156698,1.84260544,0.43805479,59.2,0.60064223,complete-current-cfbd-schedule,cfb-preseason-v1.1-market-anchor,JKB Preseason Power combines a market-informed preseason strength baseline with JoeKnowsBall efficiency data.
11,miss,Ole Miss,sec,94.3,93.87,83.18,,,95.58,8,,1.40945966,1.27252685,0.58614887,14,prior-fbs-opponent-adjusted,fbs,false,,6.66312537,5.37109027,6.72822447,5.34945429,0.50068078,0.330934,0.51065627,0.32887239,1.52798269,0.44342957,1.24245461,0.72886818,50.3,0.25830063,complete-current-cfbd-schedule,cfb-preseason-v1.1-market-anchor,JKB Preseason Power combines a market-informed preseason strength baseline with JoeKnowsBall efficiency data.
12,ou,Oklahoma,sec,93.87,65.22,97.72,,,92.59,15,,1.39009267,-0.16821927,1.91664704,12,prior-fbs-opponent-adjusted,fbs,false,,5.14256747,4.26318042,5.23865074,4.22488076,0.38581275,0.24932164,0.39714079,0.24060895,-0.57830187,2.11297161,0.03681381,1.72032246,63.2,0.75450361,complete-current-cfbd-schedule,cfb-preseason-v1.1-market-anchor,JKB Preseason Power combines a market-informed preseason strength baseline with JoeKnowsBall efficiency data.
13,ala,Alabama,sec,93.44,73.78,87.03,,,96.01,7,,1.30689634,0.15688782,0.85060238,14,prior-fbs-opponent-adjusted,fbs,false,,5.48800227,5.08549817,5.62369777,5.04487618,0.42653461,0.32971683,0.44351689,0.32204153,-0.03383832,0.89560629,0.52937152,0.80559848,26.4,-0.66102116,complete-current-cfbd-schedule,cfb-preseason-v1.1-market-anchor,JKB Preseason Power combines a market-informed preseason strength baseline with JoeKnowsBall efficiency data.
14,mich,Michigan,big-ten,93.01,84.46,90.45,,,87.46,27,,1.27278108,0.61005316,1.0975126,13,prior-fbs-opponent-adjusted,fbs,false,,6.12370547,4.90009901,6.1999117,4.87397341,0.4156443,0.30478284,0.42717265,0.30066698,0.78093874,1.14932856,0.35578034,1.04569664,69.2,0.9852957,complete-current-cfbd-schedule,cfb-preseason-v1.1-market-anchor,JKB Preseason Power combines a market-informed preseason strength baseline with JoeKnowsBall efficiency data.
15,uw,Washington,big-ten,92.59,91.3,92.59,,,88.31,25,,1.2155067,1.01847908,1.19354548,12,prior-fbs-opponent-adjusted,fbs,false,,6.32002906,4.8005647,6.34402865,4.77773095,0.50118009,0.29598995,0.50535195,0.2962884,0.98472276,1.29221013,1.18611773,1.09488084,54.4,0.41600856,complete-current-cfbd-schedule,cfb-preseason-v1.1-market-anchor,JKB Preseason Power combines a market-informed preseason strength baseline with JoeKnowsBall efficiency data.
16,lsu,LSU,sec,92.16,55.39,88.74,,,94.3,11,,1.19256318,-0.50154216,1.00552,12,prior-fbs-opponent-adjusted,fbs,false,,5.25965983,5.08377712,5.31230629,4.99515635,0.34035489,0.31183694,0.35139549,0.30102994,-0.47415158,0.96942035,-0.44904411,1.04161964,21.2,-0.86104097,complete-current-cfbd-schedule,cfb-preseason-v1.1-market-anchor,JKB Preseason Power combines a market-informed preseason strength baseline with JoeKnowsBall efficiency data.
17,byu,BYU,big-12,91.73,83.18,86.6,,,85.32,32,,1.11657846,0.48958328,0.83712799,13,prior-fbs-opponent-adjusted,fbs,false,,5.78202574,5.28078887,5.85132485,5.23676477,0.42719925,0.30537901,0.44089105,0.2990796,0.28803055,0.61072846,0.50148264,1.06352752,78.5,1.34302343,complete-current-cfbd-schedule,cfb-preseason-v1.1-market-anchor,JKB Preseason Power combines a market-informed preseason strength baseline with JoeKnowsBall efficiency data.
18,utah,Utah,big-12,91.3,96.01,86.17,,,76.77,52,,1.1149705,1.55480271,0.78570015,12,prior-fbs-opponent-adjusted,fbs,false,,6.67051607,5.41288825,6.70476204,5.39663199,0.55427842,0.28853833,0.55867593,0.28710734,1.49480638,0.37338955,1.75246836,1.19801076,67.9,0.93529075,complete-current-cfbd-schedule,cfb-preseason-v1.1-market-anchor,JKB Preseason Power combines a market-informed preseason strength baseline with JoeKnowsBall efficiency data.
19,smu,SMU,acc,90.88,90.45,87.88,,,71.64,64,,1.09717618,0.89046675,0.96371776,12,prior-fbs-opponent-adjusted,fbs,false,,6.31347063,5.27838328,6.34048249,5.27345145,0.47609533,0.27255144,0.47702798,0.27169179,0.97970841,0.5562634,0.88529061,1.37117211,56.9,0.51217193,complete-current-cfbd-schedule,cfb-preseason-v1.1-market-anchor,JKB Preseason Power combines a market-informed preseason strength baseline with JoeKnowsBall efficiency data.
20,tenn,Tennessee,sec,90.45,93.44,64.8,,,94.72,10,,1.08823708,1.25660436,-0.18826651,12,prior-fbs-opponent-adjusted,fbs,false,,6.50949662,5.76823305,6.51901957,5.75641375,0.54824241,0.416305,0.54724947,0.41296989,1.23216312,-0.16074251,1.63110869,-0.2157905,35.3,-0.31867957,complete-current-cfbd-schedule,cfb-preseason-v1.1-market-anchor,JKB Preseason Power combines a market-informed preseason strength baseline with JoeKnowsBall efficiency data.
21,psu,Penn State,big-ten,90.02,81.9,79.76,,,70.36,67,,1.07069491,0.43090649,0.4953387,12,prior-fbs-opponent-adjusted,fbs,false,,5.79389269,5.42694428,5.83235303,5.38755396,0.4810693,0.34850186,0.48820106,0.34000554,0.26120405,0.3868668,1.0039592,0.6038106,7.6,-1.38416969,complete-current-cfbd-schedule,cfb-preseason-v1.1-market-anchor,JKB Preseason Power combines a market-informed preseason strength baseline with JoeKnowsBall efficiency data.
22,iowa,Iowa,big-ten,89.59,75.06,94.3,,,77.2,51,,1.06568769,0.20401248,1.42219363,12,prior-fbs-opponent-adjusted,fbs,false,,5.31292056,4.79089288,5.31445825,4.74050031,0.48508424,0.2700705,0.48826987,0.26049856,-0.47110867,1.34748274,1.00469005,1.49690451,34.2,-0.36099146,complete-current-cfbd-schedule,cfb-preseason-v1.1-market-anchor,JKB Preseason Power combines a market-informed preseason strength baseline with JoeKnowsBall efficiency data.
23,van,Vanderbilt,sec,89.17,97.72,69.93,,,91.3,18,,0.94469218,2.1371538,0.06713542,12,prior-fbs-opponent-adjusted,fbs,false,,7.38526194,5.70731082,7.45403129,5.70124913,0.59902333,0.37816331,0.60692387,0.37478683,2.55428685,-0.0788451,2.26490673,0.21311595,35.4,-0.31483304,complete-current-cfbd-schedule,cfb-preseason-v1.1-market-anchor,JKB Preseason Power combines a market-informed preseason strength baseline with JoeKnowsBall efficiency data.
24,mizz,Missouri,sec,88.74,71.21,92.16,,,93.87,12,,0.94280329,0.07539639,1.18571843,12,prior-fbs-opponent-adjusted,fbs,false,,5.7210947,4.57419182,5.75783671,4.54568549,0.39250642,0.33402216,0.39605276,0.32835037,0.1558366,1.63670486,0.02525798,0.73473201,42,-0.06096175,complete-current-cfbd-schedule,cfb-preseason-v1.1-market-anchor,JKB Preseason Power combines a market-informed preseason strength baseline with JoeKnowsBall efficiency data.
25,lou,Louisville,acc,88.31,79.76,88.31,,,83.18,37,,0.90803167,0.36483875,1.00051531,12,prior-fbs-opponent-adjusted,fbs,false,,5.81524521,4.85740878,5.88706504,4.83709282,0.43630052,0.32721972,0.44520272,0.32281154,0.33856783,1.2040815,0.54727656,0.79694913,34.8,-0.33791225,complete-current-cfbd-schedule,cfb-preseason-v1.1-market-anchor,JKB Preseason Power combines a market-informed preseason strength baseline with JoeKnowsBall efficiency data.
26,arz,Arizona,big-12,87.88,81.47,91.73,,,78.05,49,,0.86620157,0.4227068,1.185581,12,prior-fbs-opponent-adjusted,fbs,false,,5.72587297,4.76120652,5.72561889,4.7181849,0.45129395,0.30984298,0.45457977,0.30557639,0.11028002,1.38061221,0.6468696,0.99054978,64.9,0.8198947,complete-current-cfbd-schedule,cfb-preseason-v1.1-market-anchor,JKB Preseason Power combines a market-informed preseason strength baseline with JoeKnowsBall efficiency data.
27,clem,Clemson,acc,87.46,67.36,82.75,,,79.76,45,,0.79732976,-0.06805395,0.58315466,12,prior-fbs-opponent-adjusted,fbs,false,,5.63792521,5.46516683,5.65445007,5.45290265,0.37550632,0.31794193,0.38028587,0.31573321,0.009646,0.28985012,-0.14220124,0.8764592,41.4,-0.08404096,complete-current-cfbd-schedule,cfb-preseason-v1.1-market-anchor,JKB Preseason Power combines a market-informed preseason strength baseline with JoeKnowsBall efficiency data.
28,sc,South Carolina,sec,87.03,66.08,82.33,,,92.16,16,,0.76212522,-0.16014252,0.57174661,11,prior-fbs-opponent-adjusted,fbs,false,,5.48778665,5.35370726,5.57013458,5.30900883,0.34003129,0.34424011,0.35003068,0.33678218,-0.10957764,0.5034749,-0.46353966,0.64001832,69,0.97760263,complete-current-cfbd-schedule,cfb-preseason-v1.1-market-anchor,JKB Preseason Power combines a market-informed preseason strength baseline with JoeKnowsBall efficiency data.
29,fla,Florida,sec,86.6,57.1,68.22,,,97.72,3,,0.7116083,-0.45624673,-0.02530236,11,prior-fbs-opponent-adjusted,fbs,false,,5.29349162,5.95427124,5.39316967,5.85398603,0.29751541,0.38589428,0.31155644,0.3710587,-0.35980928,-0.30559833,-0.87217215,0.25499361,69.1,0.98144916,complete-current-cfbd-schedule,cfb-preseason-v1.1-market-anchor,JKB Preseason Power combines a market-informed preseason strength baseline with JoeKnowsBall efficiency data.
30,ksu,Kansas State,big-12,86.17,87.03,78.48,,,74.2,58,,0.70618069,0.69905172,0.44719523,11,prior-fbs-opponent-adjusted,fbs,false,,5.90664874,5.4004605,5.95051864,5.38117512,0.46962484,0.35329004,0.47722621,0.34942047,0.42829239,0.39633682,0.887396,0.49805364,71.4,1.06991946,complete-current-cfbd-schedule,cfb-preseason-v1.1-market-anchor,JKB Preseason Power combines a market-informed preseason strength baseline with JoeKnowsBall efficiency data.
31,fsu,Florida State,acc,85.75,85.75,85.32,,,90.02,21,,0.69417991,0.65071163,0.68416443,11,prior-fbs-opponent-adjusted,fbs,false,,6.3940742,5.0856425,6.45504424,5.09072872,0.41703584,0.34815565,0.42513259,0.34561543,1.14170083,0.8275336,0.33411298,0.54079526,40.1,-0.13404591,complete-current-cfbd-schedule,cfb-preseason-v1.1-market-anchor,JKB Preseason Power combines a market-informed preseason strength baseline with JoeKnowsBall efficiency data.
32,hou,Houston,big-12,85.32,78.05,70.78,,,70.78,66,,0.69302247,0.25627126,0.10243728,12,prior-fbs-opponent-adjusted,fbs,false,,5.65024298,5.50703641,5.68579441,5.55599725,0.41091527,0.38038991,0.41194,0.38769865,0.05396748,0.13679586,0.19399536,0.0680787,81.2,1.44687986,complete-current-cfbd-schedule,cfb-preseason-v1.1-market-anchor,JKB Preseason Power combines a market-informed preseason strength baseline with JoeKnowsBall efficiency data.
33,aub,Auburn,sec,84.89,53.68,87.46,,,93.01,14,,0.68368752,-0.63963847,0.94896464,11,prior-fbs-opponent-adjusted,fbs,false,,5.13515379,5.02416472,5.19871938,4.97545731,0.33907341,0.32169562,0.34309666,0.31370306,-0.63476556,0.99866555,-0.53718542,0.89926372,14.4,-1.12260533,complete-current-cfbd-schedule,cfb-preseason-v1.1-market-anchor,JKB Preseason Power combines a market-informed preseason strength baseline with JoeKnowsBall efficiency data.
34,pitt,Pittsburgh,acc,84.46,77.2,84.46,,,73.35,60,,0.65199644,0.24072947,0.66236561,12,prior-fbs-opponent-adjusted,fbs,false,,5.57326898,4.95656385,5.5842255,4.91932348,0.45107443,0.37665992,0.45561025,0.37215051,-0.08965283,1.08200184,0.65781433,0.24272938,39.7,-0.14943205,complete-current-cfbd-schedule,cfb-preseason-v1.1-market-anchor,JKB Preseason Power combines a market-informed preseason strength baseline with JoeKnowsBall efficiency data.
35,tcu,TCU,big-12,84.04,78.48,74.63,,,86.6,29,,0.64087956,0.31863833,0.23069268,12,prior-fbs-opponent-adjusted,fbs,false,,5.95147123,5.54445611,5.98356751,5.49323948,0.42620658,0.37837987,0.432668,0.37315738,0.4750241,0.22996606,0.41414609,0.2314193,22.4,-0.81488255,complete-current-cfbd-schedule,cfb-preseason-v1.1-market-anchor,JKB Preseason Power combines a market-informed preseason strength baseline with JoeKnowsBall efficiency data.
36,uva,Virginia,acc,83.61,63.09,89.17,,,72.07,63,,0.64006653,-0.25627,1.00700118,13,prior-fbs-opponent-adjusted,fbs,false,,5.41613496,4.9521408,5.44823273,4.95249428,0.39237943,0.30923041,0.3940336,0.30640466,-0.28194911,1.03275647,0.00381257,0.98124589,9.5,-1.31108553,complete-current-cfbd-schedule,cfb-preseason-v1.1-market-anchor,JKB Preseason Power combines a market-informed preseason strength baseline with JoeKnowsBall efficiency data.
37,ill,Illinois,big-ten,83.18,73.35,76.77,,,74.63,57,,0.63317416,0.15518981,0.35603502,12,prior-fbs-opponent-adjusted,fbs,false,,5.70962074,5.41894107,5.72834401,5.34486749,0.42431393,0.38070401,0.43349504,0.37045001,0.11413339,0.45023914,0.42293008,0.26183091,21.1,-0.8648875,complete-current-cfbd-schedule,cfb-preseason-v1.1-market-anchor,JKB Preseason Power combines a market-informed preseason strength baseline with JoeKnowsBall efficiency data.
38,bsu,Boise State,pac-12,82.75,74.2,72.49,,,67.36,74,,0.54746838,0.17308534,0.16328921,13,prior-fbs-opponent-adjusted,fbs,false,,5.69919512,5.54516096,5.71081559,5.45482624,0.39755402,0.40412228,0.40319549,0.39023537,0.08934788,0.28699436,0.10112038,0.03958406,66.3,0.87374619,provisional-pac-12-week-13-flex-unassigned,cfb-preseason-v1.1-market-anchor,JKB Preseason Power combines a market-informed preseason strength baseline with JoeKnowsBall efficiency data.
39,gt,Georgia Tech,acc,82.33,90.02,61.38,,,86.17,30,,0.52234571,0.84569124,-0.38488098,12,prior-fbs-opponent-adjusted,fbs,false,,6.71164191,6.1694236,6.68787202,6.17636631,0.45838466,0.3952854,0.45706304,0.3924736,1.47092358,-0.78420415,0.67324427,0.01444219,12.6,-1.19184296,complete-current-cfbd-schedule,cfb-preseason-v1.1-market-anchor,JKB Preseason Power combines a market-informed preseason strength baseline with JoeKnowsBall efficiency data.
40,neb,Nebraska,big-ten,81.9,74.63,65.22,,,83.61,36,,0.50766959,0.17603297,-0.18738943,12,prior-fbs-opponent-adjusted,fbs,false,,5.65071566,5.711233,5.67962666,5.67955074,0.41753728,0.42919367,0.42406079,0.42297235,0.04524616,-0.04663167,0.32272949,-0.32814718,46.3,0.10443925,complete-current-cfbd-schedule,cfb-preseason-v1.1-market-anchor,JKB Preseason Power combines a market-informed preseason strength baseline with JoeKnowsBall efficiency data.
41,asu,Arizona State,big-12,81.47,61.8,80.19,,,87.88,26,,0.50027132,-0.26296292,0.51606886,12,prior-fbs-opponent-adjusted,fbs,false,,5.73097658,5.25538664,5.7601767,5.20345937,0.34127156,0.37055643,0.34627371,0.3606455,0.15914539,0.66017365,-0.50344222,0.37196407,15.5,-1.08029345,complete-current-cfbd-schedule,cfb-preseason-v1.1-market-anchor,JKB Preseason Power combines a market-informed preseason strength baseline with JoeKnowsBall efficiency data.
42,wake,Wake Forest,acc,81.04,72.07,90.02,,,75.06,56,,0.45669202,0.09143882,1.01796291,12,prior-fbs-opponent-adjusted,fbs,false,,5.80848342,4.80021606,5.79317193,4.76560365,0.41665783,0.33156379,0.41707874,0.32915341,0.20580126,1.31021432,0.24857354,0.72571149,14.2,-1.1302984,complete-current-cfbd-schedule,cfb-preseason-v1.1-market-anchor,JKB Preseason Power combines a market-informed preseason strength baseline with JoeKnowsBall efficiency data.
43,jmu,James Madison,sun-belt,80.62,91.73,93.01,,,47.7,120,,0.34456582,1.02357229,1.19789136,13,prior-fbs-opponent-adjusted,fbs,false,,6.50218267,4.61363159,6.50762241,4.59035768,0.52175526,0.3239543,0.52198081,0.32027888,1.21604732,1.57038452,1.36273188,0.82539821,8,-1.36878355,complete-current-cfbd-schedule,cfb-preseason-v1.1-market-anchor,JKB Preseason Power combines a market-informed preseason strength baseline with JoeKnowsBall efficiency data.
44,ncsu,NC State,acc,80.19,81.04,59.24,,,72.49,62,,0.34408294,0.40369353,-0.468792,12,prior-fbs-opponent-adjusted,fbs,false,,5.7472513,6.28416186,5.83567271,6.20194353,0.42862981,0.41640525,0.43997366,0.4040334,0.26589814,-0.82217608,0.49173905,-0.11540791,59.9,0.62756797,complete-current-cfbd-schedule,cfb-preseason-v1.1-market-anchor,JKB Preseason Power combines a market-informed preseason strength baseline with JoeKnowsBall efficiency data.
45,sdsu,San Diego State,pac-12,79.76,75.91,96.86,,,66.51,76,,0.32792341,0.22499964,1.76929434,12,prior-fbs-opponent-adjusted,fbs,false,,5.55387823,4.46472663,5.57795128,4.48115663,0.40354017,0.23063985,0.40567052,0.23297407,-0.0985247,1.73250441,0.12740758,1.80608427,98.7,2.12002344,provisional-pac-12-week-13-flex-unassigned,cfb-preseason-v1.1-market-anchor,JKB Preseason Power combines a market-informed preseason strength baseline with JoeKnowsBall efficiency data.
46,vt,Virginia Tech,acc,79.33,56.25,48.55,,,81.04,42,,0.3222825,-0.48723527,-0.90953513,11,prior-fbs-opponent-adjusted,fbs,false,,5.36450389,6.23203304,5.45471363,6.12695787,0.30951315,0.50396388,0.32295494,0.49241753,-0.27278499,-0.71085236,-0.75110936,-1.10821791,36.7,-0.26482809,complete-current-cfbd-schedule,cfb-preseason-v1.1-market-anchor,JKB Preseason Power combines a market-informed preseason strength baseline with JoeKnowsBall efficiency data.
47,usf,South Florida,american,78.91,95.15,85.75,,,53.25,107,,0.31451383,1.47285268,0.71857779,12,prior-fbs-opponent-adjusted,fbs,false,,6.93304921,5.2709299,6.9347368,5.22270204,0.55701449,0.32715034,0.5554179,0.32204589,1.81999491,0.63160599,1.71786503,0.80554959,12.6,-1.19184296,complete-current-cfbd-schedule,cfb-preseason-v1.1-market-anchor,JKB Preseason Power combines a market-informed preseason strength baseline with JoeKnowsBall efficiency data.
48,cin,Cincinnati,big-12,78.48,89.17,66.93,,,81.9,40,,0.27939322,0.75486861,-0.1192179,12,prior-fbs-opponent-adjusted,fbs,false,,6.56502424,5.92366328,6.58349647,5.88477477,0.45200195,0.38880552,0.45541692,0.38371101,1.32333464,-0.3513073,0.65576093,0.1128715,8.3,-1.35724395,complete-current-cfbd-schedule,cfb-preseason-v1.1-market-anchor,JKB Preseason Power combines a market-informed preseason strength baseline with JoeKnowsBall efficiency data.
49,minn,Minnesota,big-ten,78.05,50.26,69.5,,,82.33,39,,0.27723632,-0.79643471,0.05010884,12,prior-fbs-opponent-adjusted,fbs,false,,4.65816269,5.59539903,4.69303999,5.59508986,0.33116602,0.39478361,0.33697076,0.39184896,-1.34980548,0.07875896,-0.60224825,0.02145872,64.9,0.8198947,complete-current-cfbd-schedule,cfb-preseason-v1.1-market-anchor,JKB Preseason Power combines a market-informed preseason strength baseline with JoeKnowsBall efficiency data.
50,duke,Duke,acc,77.62,84.89,52.4,,,81.47,41,,0.27090829,0.62882412,-0.78942263,13,prior-fbs-opponent-adjusted,fbs,false,,5.99389563,6.3617214,6.03060942,6.34321756,0.49002423,0.44456225,0.49557086,0.44244965,0.54154222,-1.03191153,1.08223336,-0.54693373,17.1,-1.01874889,complete-current-cfbd-schedule,cfb-preseason-v1.1-market-anchor,JKB Preseason Power combines a market-informed preseason strength baseline with JoeKnowsBall efficiency data.
51,ku,Kansas,big-12,77.2,82.75,60.09,,,77.62,50,,0.26379742,0.44464009,-0.42929218,11,prior-fbs-opponent-adjusted,fbs,false,,5.9807163,6.02205959,6.07062993,6.00266255,0.43908233,0.42695795,0.45090103,0.42333857,0.59813196,-0.52632352,0.60779791,-0.33226084,18.1,-0.98028355,complete-current-cfbd-schedule,cfb-preseason-v1.1-market-anchor,JKB Preseason Power combines a market-informed preseason strength baseline with JoeKnowsBall efficiency data.
52,ark,Arkansas,sec,76.77,94.3,44.7,,,98.57,1,,0.24559171,1.29348145,-1.30964544,11,prior-fbs-opponent-adjusted,fbs,false,,6.96746275,6.52791598,7.05914506,6.43938782,0.48734585,0.53722297,0.49979576,0.52236413,1.99591047,-1.17468591,1.12710581,-1.44460497,14.5,-1.1187588,complete-current-cfbd-schedule,cfb-preseason-v1.1-market-anchor,JKB Preseason Power combines a market-informed preseason strength baseline with JoeKnowsBall efficiency data.
53,baylor,Baylor,big-12,76.34,80.19,53.25,,,84.46,34,,0.23235965,0.36505789,-0.76384604,11,prior-fbs-opponent-adjusted,fbs,false,,5.94605888,5.90271055,6.00946323,5.85222379,0.39843411,0.50839919,0.40851087,0.50278815,0.51164111,-0.3029821,0.15757473,-1.22470998,60.2,0.63910757,complete-current-cfbd-schedule,cfb-preseason-v1.1-market-anchor,JKB Preseason Power combines a market-informed preseason strength baseline with JoeKnowsBall efficiency data.
54,nav,Navy,american,75.91,87.88,66.08,,,59.24,93,,0.23019196,0.72304073,-0.18614584,12,prior-fbs-opponent-adjusted,fbs,false,,6.46292904,5.93345245,6.42694826,5.85404836,0.46938603,0.41162651,0.46517314,0.39968839,1.1019726,-0.30569086,0.75938115,-0.06660082,13.8,-1.14568454,complete-current-cfbd-schedule,cfb-preseason-v1.1-market-anchor,JKB Preseason Power combines a market-informed preseason strength baseline with JoeKnowsBall efficiency data.
55,unlv,UNLV,mountain-west,75.49,93.01,51.12,,,53.68,106,,0.21628265,1.22123681,-0.82439909,13,prior-fbs-opponent-adjusted,fbs,false,,6.80068233,6.38220028,6.75499272,6.39964065,0.52739972,0.43742362,0.52444898,0.44121998,1.56583349,-1.11567727,1.38894609,-0.53312091,15.4,-1.08413998,complete-current-cfbd-schedule,cfb-preseason-v1.1-market-anchor,JKB Preseason Power combines a market-informed preseason strength baseline with JoeKnowsBall efficiency data.
56,tulane,Tulane,american,75.06,80.62,78.05,,,61.8,87,,0.17231964,0.38200728,0.43669916,14,prior-fbs-opponent-adjusted,fbs,false,,6.20371474,5.54425638,6.1939698,5.50280456,0.41920824,0.34285518,0.41904154,0.33521408,0.77253679,0.21576574,0.26942029,0.65763258,21,-0.86873404,complete-current-cfbd-schedule,cfb-preseason-v1.1-market-anchor,JKB Preseason Power combines a market-informed preseason strength baseline with JoeKnowsBall efficiency data.
57,wisc,Wisconsin,big-ten,74.63,42.57,81.04,,,73.78,59,,0.16314466,-1.50085215,0.53106309,12,prior-fbs-opponent-adjusted,fbs,false,,4.39928955,5.37880588,4.53405462,5.309425,0.21974505,0.35712448,0.2380349,0.34397081,-1.57461372,0.50285707,-1.65303982,0.55926912,31,-0.48408057,complete-current-cfbd-schedule,cfb-preseason-v1.1-market-anchor,JKB Preseason Power combines a market-informed preseason strength baseline with JoeKnowsBall efficiency data.
58,uk,Kentucky,sec,74.2,48.98,67.79,,,98.14,2,,0.16246197,-0.83325671,-0.06720164,11,prior-fbs-opponent-adjusted,fbs,false,,4.88450856,5.7142911,4.97637755,5.61650046,0.31421675,0.42233571,0.32824376,0.40990617,-0.94916098,0.04697278,-0.69493723,-0.18137607,19.3,-0.93412513,complete-current-cfbd-schedule,cfb-preseason-v1.1-market-anchor,JKB Preseason Power combines a market-informed preseason strength baseline with JoeKnowsBall efficiency data.
59,nw,Northwestern,big-ten,73.78,60.52,73.35,,,85.75,31,,0.15376872,-0.29566803,0.16803878,12,prior-fbs-opponent-adjusted,fbs,false,,5.22484877,5.77293923,5.25945675,5.72476166,0.34405025,0.35852594,0.3473429,0.3537136,-0.5488818,-0.1137518,-0.49208647,0.44982936,88.5,1.7276769,complete-current-cfbd-schedule,cfb-preseason-v1.1-market-anchor,JKB Preseason Power combines a market-informed preseason strength baseline with JoeKnowsBall efficiency data.
60,msst,Mississippi State,sec,73.35,61.38,54.54,,,97.29,4,,0.15060586,-0.27010474,-0.70855446,12,prior-fbs-opponent-adjusted,fbs,false,,5.29327348,6.18302287,5.37533893,6.1003145,0.37160984,0.46990382,0.38120626,0.46015457,-0.38502227,-0.67129762,-0.1324258,-0.7458113,33.9,-0.37253106,complete-current-cfbd-schedule,cfb-preseason-v1.1-market-anchor,JKB Preseason Power combines a market-informed preseason strength baseline with JoeKnowsBall efficiency data.
61,md,Maryland,big-ten,72.92,58.81,68.64,,,80.62,43,,0.12998475,-0.41444795,-0.00396181,11,prior-fbs-opponent-adjusted,fbs,false,,5.42681406,5.74924816,5.43727666,5.73393284,0.32521184,0.3862966,0.32658249,0.38312592,-0.29744119,-0.12736734,-0.71258146,0.11944372,54,0.40062242,complete-current-cfbd-schedule,cfb-preseason-v1.1-market-anchor,JKB Preseason Power combines a market-informed preseason strength baseline with JoeKnowsBall efficiency data.
62,ucf,UCF,big-12,72.49,54.54,77.2,,,72.92,61,,0.11643812,-0.59730884,0.38127657,11,prior-fbs-opponent-adjusted,fbs,false,,5.41694351,5.28713289,5.45343035,5.27191784,0.3057557,0.37830024,0.30967232,0.37559721,-0.27459958,0.5585402,-0.89218324,0.20401294,24.8,-0.72256572,complete-current-cfbd-schedule,cfb-preseason-v1.1-market-anchor,JKB Preseason Power combines a market-informed preseason strength baseline with JoeKnowsBall efficiency data.
63,unm,New Mexico,mountain-west,72.07,76.77,81.9,,,55.39,102,,0.11440937,0.24072489,0.56955485,12,prior-fbs-opponent-adjusted,fbs,false,,5.70703704,5.29399817,5.6790347,5.28907786,0.43021792,0.33889108,0.42809786,0.3398066,0.04440911,0.53306443,0.36560689,0.60604527,58.2,0.56217688,complete-current-cfbd-schedule,cfb-preseason-v1.1-market-anchor,JKB Preseason Power combines a market-informed preseason strength baseline with JoeKnowsBall efficiency data.
64,fres,Fresno State,pac-12,71.64,57.53,89.59,,,62.23,86,,0.11211748,-0.42986781,1.01651737,12,prior-fbs-opponent-adjusted,fbs,false,,5.25337396,4.78535128,5.23406688,4.80020293,0.3634212,0.31981407,0.36304606,0.32483796,-0.58478354,1.25884822,-0.32530414,0.77418652,38.3,-0.20328353,provisional-pac-12-week-13-flex-unassigned,cfb-preseason-v1.1-market-anchor,JKB Preseason Power combines a market-informed preseason strength baseline with JoeKnowsBall efficiency data.
65,ucla,UCLA,big-ten,71.21,51.97,49.83,,,75.91,54,,0.09715177,-0.69522449,-0.8852768,12,prior-fbs-opponent-adjusted,fbs,false,,5.14034231,6.11802911,5.20685314,6.0021108,0.28247218,0.52296771,0.29609851,0.50459883,-0.62326426,-0.52550439,-1.03634983,-1.24504922,57,0.51601846,complete-current-cfbd-schedule,cfb-preseason-v1.1-market-anchor,JKB Preseason Power combines a market-informed preseason strength baseline with JoeKnowsBall efficiency data.
66,cal,California,acc,70.78,59.67,60.95,,,80.19,44,,0.07212471,-0.38841804,-0.39529617,12,prior-fbs-opponent-adjusted,fbs,false,,5.12761192,5.72857385,5.14420291,5.75565917,0.36437859,0.44822205,0.36758642,0.44993092,-0.71185285,-0.15962225,-0.27708132,-0.63097008,58.3,0.56602341,complete-current-cfbd-schedule,cfb-preseason-v1.1-market-anchor,JKB Preseason Power combines a market-informed preseason strength baseline with JoeKnowsBall efficiency data.
67,mem,Memphis,american,70.36,79.33,75.91,,,66.08,77,,0.0667387,0.36080955,0.29359907,12,prior-fbs-opponent-adjusted,fbs,false,,6.00150621,5.51812016,5.95644338,5.48335271,0.46507587,0.36453789,0.45862351,0.36326369,0.43667008,0.24464396,0.68981789,0.34255418,5.6,-1.46110039,complete-current-cfbd-schedule,cfb-preseason-v1.1-market-anchor,JKB Preseason Power combines a market-informed preseason strength baseline with JoeKnowsBall efficiency data.
68,ndsu,North Dakota State,mountain-west,69.93,94.72,90.88,,,44.7,127,,0.05981068,1.29765561,1.09763955,13,prior-fcs-fallback,fcs,true,0.5,7.2781346,4.16943991,,,0.66531326,,,,1.15278284,1.09763955,1.44252837,,,,complete-current-cfbd-schedule,cfb-preseason-v1.1-market-anchor,JKB Preseason Power combines a market-informed preseason strength baseline with JoeKnowsBall efficiency data.
69,unc,North Carolina,acc,69.5,45.13,78.91,,,90.45,20,,0.05538925,-1.03419218,0.47774773,11,prior-fbs-opponent-adjusted,fbs,false,,4.85477823,5.05517477,4.85061278,5.0967682,0.29647461,0.37771761,0.29610475,0.38156939,-1.12699466,0.81856738,-1.03628358,0.13692808,27.8,-0.60716968,complete-current-cfbd-schedule,cfb-preseason-v1.1-market-anchor,JKB Preseason Power combines a market-informed preseason strength baseline with JoeKnowsBall efficiency data.
70,odu,Old Dominion,sun-belt,69.07,86.6,94.72,,,55.82,101,,0.05067541,0.68597337,1.42602284,12,prior-fbs-opponent-adjusted,fbs,false,,6.59251847,4.75084093,6.5714362,4.73064438,0.4443812,0.26426405,0.44188326,0.26111939,1.30628119,1.36211487,0.51202077,1.48993081,9.2,-1.32262514,complete-current-cfbd-schedule,cfb-preseason-v1.1-market-anchor,JKB Preseason Power combines a market-informed preseason strength baseline with JoeKnowsBall efficiency data.
71,ecu,East Carolina,american,68.64,68.22,84.89,,,57.96,96,,0.02065396,-0.044877,0.67326495,12,prior-fbs-opponent-adjusted,fbs,false,,5.75767691,5.35461996,5.74497727,5.37063125,0.39696476,0.31288198,0.39545662,0.31056265,0.13765311,0.41199025,0.01892636,0.93453965,13.6,-1.15337761,complete-current-cfbd-schedule,cfb-preseason-v1.1-market-anchor,JKB Preseason Power combines a market-informed preseason strength baseline with JoeKnowsBall efficiency data.
72,utsa,UTSA,american,68.22,90.88,57.53,,,65.65,78,,0.00046242,0.9347722,-0.51832484,12,prior-fbs-opponent-adjusted,fbs,false,,6.14413524,5.85491366,6.12614533,5.81182917,0.50685712,0.47111319,0.50678568,0.46441225,0.67663174,-0.24301225,1.20134529,-0.79363744,66.9,0.8968254,complete-current-cfbd-schedule,cfb-preseason-v1.1-market-anchor,JKB Preseason Power combines a market-informed preseason strength baseline with JoeKnowsBall efficiency data.
73,tolu,Toledo,mac,67.79,87.46,97.29,,,42.14,133,,-0.00803308,0.71907053,1.84093309,12,prior-fbs-opponent-adjusted,fbs,false,,6.22286409,4.24320488,6.24913321,4.33061529,0.44231378,0.23181243,0.44576324,0.24011526,0.85053887,1.95599811,0.55322982,1.72586807,66.3,0.87374619,complete-current-cfbd-schedule,cfb-preseason-v1.1-market-anchor,JKB Preseason Power combines a market-informed preseason strength baseline with JoeKnowsBall efficiency data.
74,isu,Iowa State,big-12,67.36,60.09,74.2,,,78.91,47,,-0.02867634,-0.31490226,0.20176757,11,prior-fbs-opponent-adjusted,fbs,false,,5.57472841,5.8320145,5.60372698,5.81670867,0.36085242,0.34009638,0.36734176,0.33555603,-0.06207739,-0.25025635,-0.27967981,0.65379149,1.7,-1.61111524,complete-current-cfbd-schedule,cfb-preseason-v1.1-market-anchor,JKB Preseason Power combines a market-informed preseason strength baseline with JoeKnowsBall efficiency data.
75,northtx,North Texas,american,66.93,98.14,71.21,,,63.09,84,,-0.03693119,2.20911467,0.11847864,13,prior-fbs-opponent-adjusted,fbs,false,,7.43812872,5.55595867,7.44516681,5.56699226,0.64964019,0.38392237,0.64963875,0.38338935,2.5417523,0.12047266,2.71857874,0.11648461,2.5,-1.58034296,complete-current-cfbd-schedule,cfb-preseason-v1.1-market-anchor,JKB Preseason Power combines a market-informed preseason strength baseline with JoeKnowsBall efficiency data.
76,txst,Texas State,pac-12,66.51,95.58,61.8,,,68.22,72,,-0.09470642,1.50912245,-0.35788578,12,prior-fbs-opponent-adjusted,fbs,false,,6.86348419,5.70957683,6.84769133,5.73422989,0.52835583,0.44468213,0.52357037,0.44610227,1.69691102,-0.12780835,1.37961441,-0.5879632,76,1.24686006,provisional-pac-12-week-13-flex-unassigned,cfb-preseason-v1.1-market-anchor,JKB Preseason Power combines a market-informed preseason strength baseline with JoeKnowsBall efficiency data.
77,wvu,West Virginia,big-12,66.08,43.85,58.38,,,84.04,35,,-0.09546494,-1.27507846,-0.50439287,11,prior-fbs-opponent-adjusted,fbs,false,,4.60220676,5.96942067,4.67728815,5.91378154,0.26808616,0.45668124,0.27988601,0.44845712,-1.37207888,-0.39437075,-1.20854182,-0.61441499,14,-1.13799147,complete-current-cfbd-schedule,cfb-preseason-v1.1-market-anchor,JKB Preseason Power combines a market-informed preseason strength baseline with JoeKnowsBall efficiency data.
78,colo,Colorado,big-12,65.65,52.4,56.67,,,89.17,23,,-0.12884984,-0.66913094,-0.60664023,12,prior-fbs-opponent-adjusted,fbs,false,,5.14977347,6.18467767,5.18771913,6.14744727,0.32989017,0.44051405,0.33895383,0.43577958,-0.6503201,-0.74127094,-0.58118619,-0.47200952,13.7,-1.14953107,complete-current-cfbd-schedule,cfb-preseason-v1.1-market-anchor,JKB Preseason Power combines a market-informed preseason strength baseline with JoeKnowsBall efficiency data.
79,msu,Michigan State,big-ten,65.22,57.96,54.11,,,84.89,33,,-0.14390961,-0.42239131,-0.75112898,11,prior-fbs-opponent-adjusted,fbs,false,,5.2543184,6.05731322,5.30425623,6.01953789,0.35989427,0.48712959,0.36926944,0.47841077,-0.48553452,-0.55137664,-0.25920604,-0.95088132,20.9,-0.87258057,complete-current-cfbd-schedule,cfb-preseason-v1.1-market-anchor,JKB Preseason Power combines a market-informed preseason strength baseline with JoeKnowsBall efficiency data.
80,army,Army,american,64.8,55.82,77.62,,,62.66,85,,-0.16811051,-0.49373634,0.41234485,12,prior-fbs-opponent-adjusted,fbs,false,,4.99753339,5.62655588,4.94568831,5.56245486,0.35905514,0.33998772,0.35435449,0.33166663,-0.99255613,0.12720889,-0.41761674,0.6974808,80.2,1.40841452,complete-current-cfbd-schedule,cfb-preseason-v1.1-market-anchor,JKB Preseason Power combines a market-informed preseason strength baseline with JoeKnowsBall efficiency data.
81,wmu,Western Michigan,mac,64.37,63.51,91.3,,,51.12,112,,-0.18619441,-0.25313436,1.09936602,13,prior-fbs-opponent-adjusted,fbs,false,,5.21808356,4.94652577,5.23195563,4.96679529,0.34902495,0.28559866,0.3508897,0.28806915,-0.58776888,1.01152518,-0.4544161,1.18720686,99.7,2.15848879,complete-current-cfbd-schedule,cfb-preseason-v1.1-market-anchor,JKB Preseason Power combines a market-informed preseason strength baseline with JoeKnowsBall efficiency data.
82,okst,Oklahoma State,big-12,63.94,41.28,44.28,,,78.48,48,,-0.19693753,-1.72588769,-1.32516065,11,prior-fbs-opponent-adjusted,fbs,false,,4.45037575,6.49282255,4.53354867,6.41706837,0.20610063,0.53743793,0.21596716,0.52807644,-1.57532913,-1.14155046,-1.88741987,-1.50877084,0,-1.67650633,complete-current-cfbd-schedule,cfb-preseason-v1.1-market-anchor,JKB Preseason Power combines a market-informed preseason strength baseline with JoeKnowsBall efficiency data.
83,wsu,Washington State,pac-12,63.51,64.8,81.47,,,71.21,65,,-0.21774517,-0.17201617,0.56768508,12,prior-fbs-opponent-adjusted,fbs,false,,5.27432344,5.21325508,5.34242241,5.14680786,0.35025509,0.36749175,0.35991551,0.35894268,-0.43156683,0.74427849,-0.35855351,0.39109168,91.3,1.83537987,provisional-pac-12-week-13-flex-unassigned,cfb-preseason-v1.1-market-anchor,JKB Preseason Power combines a market-informed preseason strength baseline with JoeKnowsBall efficiency data.
84,haw,Hawaii,mountain-west,63.09,76.34,59.67,,,47.27,121,,-0.25654409,0.23845756,-0.45628855,12,prior-fbs-opponent-adjusted,fbs,false,,5.73976151,6.02306894,5.70624404,6.03471303,0.42033834,0.42165427,0.41893063,0.42390926,0.08288362,-0.57390566,0.26824239,-0.33867144,64.5,0.80450857,complete-current-cfbd-schedule,cfb-preseason-v1.1-market-anchor,JKB Preseason Power combines a market-informed preseason strength baseline with JoeKnowsBall efficiency data.
85,usu,Utah State,pac-12,62.66,86.17,60.52,,,69.93,68,,-0.29632846,0.66679158,-0.39903001,12,prior-fbs-opponent-adjusted,fbs,false,,6.0845472,6.13461127,6.08356637,6.08080849,0.4581906,0.4139924,0.45775293,0.40762225,0.61642431,-0.64233899,0.68057157,-0.15572104,65.2,0.83143431,provisional-pac-12-week-13-flex-unassigned,cfb-preseason-v1.1-market-anchor,JKB Preseason Power combines a market-informed preseason strength baseline with JoeKnowsBall efficiency data.
86,miami-oh,Miami (OH),mac,62.23,58.38,84.04,,,46.84,122,,-0.32283139,-0.42220624,0.6152991,13,prior-fbs-opponent-adjusted,fbs,false,,5.39813612,5.11671386,5.40887031,5.16072043,0.35610001,0.34211919,0.36101405,0.34862632,-0.33760828,0.72362389,-0.34688602,0.50697431,13.9,-1.141838,complete-current-cfbd-schedule,cfb-preseason-v1.1-market-anchor,JKB Preseason Power combines a market-informed preseason strength baseline with JoeKnowsBall efficiency data.
87,wku,Western Kentucky,conference-usa,61.8,72.92,70.36,,,54.11,105,,-0.32923261,0.09560307,0.09814178,12,prior-fbs-opponent-adjusted,fbs,false,,5.60625553,5.83095296,5.59834092,5.84398055,0.38908547,0.34763825,0.38795443,0.35040204,-0.06969337,-0.29074419,-0.06075387,0.48702775,83.7,1.54304323,complete-current-cfbd-schedule,cfb-preseason-v1.1-market-anchor,JKB Preseason Power combines a market-informed preseason strength baseline with JoeKnowsBall efficiency data.
88,rut,Rutgers,big-ten,61.38,68.64,40,,,76.34,53,,-0.3841457,0.02385496,-2.7275695,11,prior-fbs-opponent-adjusted,fbs,false,,5.63682936,7.96426966,5.73660873,7.91908274,0.37182133,0.58838084,0.38616337,0.57925886,0.12581986,-3.37144123,-0.07977664,-2.08369778,44.4,0.03135509,complete-current-cfbd-schedule,cfb-preseason-v1.1-market-anchor,JKB Preseason Power combines a market-informed preseason strength baseline with JoeKnowsBall efficiency data.
89,stan,Stanford,acc,60.95,44.7,62.23,,,91.73,17,,-0.40026378,-1.06325384,-0.33843424,12,prior-fbs-opponent-adjusted,fbs,false,,4.72689509,5.95706338,4.7976556,5.89523968,0.29305907,0.43030091,0.3023059,0.42135904,-1.20187709,-0.36684351,-0.97042157,-0.31002498,21.3,-0.85719443,complete-current-cfbd-schedule,cfb-preseason-v1.1-market-anchor,JKB Preseason Power combines a market-informed preseason strength baseline with JoeKnowsBall efficiency data.
90,lib,Liberty,conference-usa,60.52,67.79,66.51,,,40,138,,-0.4817136,-0.04831111,-0.14747865,11,prior-fbs-opponent-adjusted,fbs,false,,5.72360931,5.68563876,5.73906709,5.67192573,0.37459561,0.41882262,0.3756461,0.41687406,0.12929602,-0.03531157,-0.19147993,-0.25964572,38.3,-0.20328353,complete-current-cfbd-schedule,cfb-preseason-v1.1-market-anchor,JKB Preseason Power combines a market-informed preseason strength baseline with JoeKnowsBall efficiency data.
91,jvst,Jacksonville State,conference-usa,60.09,72.49,67.36,,,40.43,137,,-0.48638778,0.09341295,-0.08983781,13,prior-fbs-opponent-adjusted,fbs,false,,5.82849031,5.72429493,5.78160882,5.74339337,0.39448258,0.39389417,0.39062139,0.39716565,0.1894508,-0.14141245,-0.03242832,-0.03826316,49.5,0.22752836,complete-current-cfbd-schedule,cfb-preseason-v1.1-market-anchor,JKB Preseason Power combines a market-informed preseason strength baseline with JoeKnowsBall efficiency data.
92,troy,Troy,sun-belt,59.67,45.56,75.06,,,49.41,116,,-0.49250689,-1.03141986,0.26699192,13,prior-fbs-opponent-adjusted,fbs,false,,4.47331195,5.58578907,4.4932252,5.55953352,0.33745168,0.35917508,0.33822951,0.35793259,-1.63234726,0.13154592,-0.58887919,0.40243792,35.3,-0.31867957,complete-current-cfbd-schedule,cfb-preseason-v1.1-market-anchor,JKB Preseason Power combines a market-informed preseason strength baseline with JoeKnowsBall efficiency data.
93,uconn,UConn,independents,59.24,89.59,64.37,,,57.1,98,,-0.50230733,0.81556605,-0.20870031,12,prior-fbs-opponent-adjusted,fbs,false,,6.54963561,5.88276621,6.43338596,5.94482455,0.50889711,0.38460351,0.49293049,0.39170671,1.11107563,-0.44045721,1.05419026,0.02305659,2.3,-1.58803603,complete-current-cfbd-schedule,cfb-preseason-v1.1-market-anchor,JKB Preseason Power combines a market-informed preseason strength baseline with JoeKnowsBall efficiency data.
94,lt,Louisiana Tech,sun-belt,58.81,69.5,75.49,,,57.53,97,,-0.50897738,0.03392359,0.2851505,12,prior-fbs-opponent-adjusted,fbs,false,,5.49063633,5.63496877,5.46969139,5.67342999,0.41092171,0.33557006,0.40811224,0.33964631,-0.25160616,-0.0375448,0.15334095,0.6078458,63.9,0.78142936,complete-current-cfbd-schedule,cfb-preseason-v1.1-market-anchor,JKB Preseason Power combines a market-informed preseason strength baseline with JoeKnowsBall efficiency data.
95,pur,Purdue,big-ten,58.38,52.83,43.42,,,95.15,9,,-0.51898783,-0.65282991,-1.46383404,11,prior-fbs-opponent-adjusted,fbs,false,,5.32657092,6.83759747,5.39209242,6.7443068,0.274409,0.52561739,0.28795263,0.50951744,-0.36133253,-1.62736869,-1.12286676,-1.30029939,47.5,0.15059766,complete-current-cfbd-schedule,cfb-preseason-v1.1-market-anchor,JKB Preseason Power combines a market-informed preseason strength baseline with JoeKnowsBall efficiency data.
96,mrsh,Marshall,sun-belt,57.96,83.61,50.26,,,45.99,124,,-0.56060162,0.52395479,-0.84593121,11,prior-fbs-opponent-adjusted,fbs,false,,5.93101771,6.28228884,5.9116592,6.24392876,0.42638348,0.46896432,0.42371233,0.46563345,0.37334443,-0.88450737,0.31902845,-0.80735506,98.8,2.12386998,complete-current-cfbd-schedule,cfb-preseason-v1.1-market-anchor,JKB Preseason Power combines a market-informed preseason strength baseline with JoeKnowsBall efficiency data.
97,syr,Syracuse,acc,57.53,41.71,41.28,,,87.03,28,,-0.56536468,-1.54446907,-2.01979984,11,prior-fbs-opponent-adjusted,fbs,false,,4.44854077,6.89776536,4.48474523,6.7872276,0.22296663,0.61984582,0.23225447,0.60283363,-1.64433809,-1.69108892,-1.71443336,-2.34851076,35,-0.33021918,complete-current-cfbd-schedule,cfb-preseason-v1.1-market-anchor,JKB Preseason Power combines a market-informed preseason strength baseline with JoeKnowsBall efficiency data.
98,ohio,Ohio,mac,57.1,75.49,72.92,,,42.57,132,,-0.58578613,0.21735168,0.16387966,12,prior-fbs-opponent-adjusted,fbs,false,,5.95687084,5.66895684,5.93597598,5.73446002,0.38685066,0.34547365,0.38553891,0.35317234,0.40772879,-0.12815,-0.08640904,0.45590932,62.5,0.72757787,complete-current-cfbd-schedule,cfb-preseason-v1.1-market-anchor,JKB Preseason Power combines a market-informed preseason strength baseline with JoeKnowsBall efficiency data.
99,bc,Boston College,acc,56.67,54.96,42.99,,,89.59,22,,-0.59345836,-0.51166338,-1.65311398,11,prior-fbs-opponent-adjusted,fbs,false,,5.46754673,6.99321708,5.49323359,6.9436096,0.32574155,0.52632458,0.32969702,0.51687751,-0.21831707,-1.92325365,-0.67950223,-1.3829743,15.6,-1.07644691,complete-current-cfbd-schedule,cfb-preseason-v1.1-market-anchor,JKB Preseason Power combines a market-informed preseason strength baseline with JoeKnowsBall efficiency data.
100,af,Air Force,mountain-west,56.25,78.91,40.43,,,56.25,100,,-0.60632596,0.32486342,-2.29061678,11,prior-fbs-opponent-adjusted,fbs,false,,5.96806898,7.6044195,5.93936104,7.55966542,0.41022775,0.55293084,0.41168749,0.54896264,0.41251534,-2.83785021,0.19131347,-1.74338335,57.4,0.5314046,complete-current-cfbd-schedule,cfb-preseason-v1.1-market-anchor,JKB Preseason Power combines a market-informed preseason strength baseline with JoeKnowsBall efficiency data.
101,kennesaw,Kennesaw State,conference-usa,55.82,70.36,63.94,,,42.99,131,,-0.63648165,0.042717,-0.21677008,13,prior-fbs-opponent-adjusted,fbs,false,,5.89321238,5.97797594,5.91234764,5.97481663,0.39375165,0.39050185,0.39753718,0.38917961,0.37431789,-0.48498346,0.04102383,0.0514433,6.1,-1.44186771,complete-current-cfbd-schedule,cfb-preseason-v1.1-market-anchor,JKB Preseason Power combines a market-informed preseason strength baseline with JoeKnowsBall efficiency data.
102,temple,Temple,american,55.39,64.37,45.56,,,64.8,80,,-0.68431931,-0.22558137,-1.09145639,11,prior-fbs-opponent-adjusted,fbs,false,,5.2127169,6.42703092,5.22002536,6.41128368,0.40671831,0.48934037,0.40870465,0.4872303,-0.60463851,-1.13296251,0.15963291,-1.04995027,37,-0.25328848,complete-current-cfbd-schedule,cfb-preseason-v1.1-market-anchor,JKB Preseason Power combines a market-informed preseason strength baseline with JoeKnowsBall efficiency data.
103,fau,Florida Atlantic,american,54.96,69.07,46.41,,,63.94,82,,-0.68878059,0.02834089,-1.07074576,11,prior-fbs-opponent-adjusted,fbs,false,,5.72404592,6.13197731,5.71201365,6.08176921,0.37152832,0.53117936,0.37106095,0.52709321,0.09104195,-0.64376528,-0.24017851,-1.49772625,68.4,0.95452342,complete-current-cfbd-schedule,cfb-preseason-v1.1-market-anchor,JKB Preseason Power combines a market-informed preseason strength baseline with JoeKnowsBall efficiency data.
104,gaso,Georgia Southern,sun-belt,54.54,65.65,45.13,,,63.51,83,,-0.716576,-0.16660135,-1.30461906,12,prior-fbs-opponent-adjusted,fbs,false,,5.67587385,6.83622582,5.6836419,6.80931545,0.38325722,0.47522125,0.38443161,0.47257757,0.05092379,-1.72388054,-0.09816961,-0.88535759,5.8,-1.45340732,complete-current-cfbd-schedule,cfb-preseason-v1.1-market-anchor,JKB Preseason Power combines a market-informed preseason strength baseline with JoeKnowsBall efficiency data.
105,arst,Arkansas State,sun-belt,54.11,50.69,57.1,,,45.56,125,,-0.72336198,-0.78914183,-0.55413843,12,prior-fbs-opponent-adjusted,fbs,false,,5.07525009,6.25925671,5.02410289,6.238403,0.32839562,0.41527109,0.32250853,0.41441052,-0.88167648,-0.87630383,-0.75585072,-0.23197303,30,-0.52254591,complete-current-cfbd-schedule,cfb-preseason-v1.1-market-anchor,JKB Preseason Power combines a market-informed preseason strength baseline with JoeKnowsBall efficiency data.
106,tulsa,Tulsa,american,53.68,51.12,63.09,,,58.81,94,,-0.73945995,-0.75326546,-0.25563838,11,prior-fbs-opponent-adjusted,fbs,false,,5.26551998,5.66251917,5.22795363,5.6848965,0.29920015,0.43078234,0.29378091,0.43441745,-0.59342779,-0.05456799,-1.0609649,-0.45670878,41.3,-0.08788749,complete-current-cfbd-schedule,cfb-preseason-v1.1-market-anchor,JKB Preseason Power combines a market-informed preseason strength baseline with JoeKnowsBall efficiency data.
107,ul,Louisiana,sun-belt,53.25,60.95,56.25,,,41.28,135,,-0.7456974,-0.27274551,-0.61433875,12,prior-fbs-opponent-adjusted,fbs,false,,5.09193716,6.11529592,5.08777876,6.11957884,0.37694611,0.44073547,0.37225897,0.44083353,-0.79163763,-0.69989746,-0.22745442,-0.52878004,91.9,1.85845908,complete-current-cfbd-schedule,cfb-preseason-v1.1-market-anchor,JKB Preseason Power combines a market-informed preseason strength baseline with JoeKnowsBall efficiency data.
108,cmu,Central Michigan,mac,52.83,56.67,69.07,,,49.83,115,,-0.78295135,-0.47872808,-0.00060437,12,prior-fbs-opponent-adjusted,fbs,false,,5.21142614,5.71304197,5.24366318,5.75671077,0.33825952,0.37309034,0.33890986,0.37951768,-0.5712142,-0.16118347,-0.58165318,0.15997472,54,0.40062242,complete-current-cfbd-schedule,cfb-preseason-v1.1-market-anchor,JKB Preseason Power combines a market-informed preseason strength baseline with JoeKnowsBall efficiency data.
109,del,Delaware,conference-usa,52.4,71.64,48.98,,,52.83,108,,-0.81398339,0.08138175,-0.89311908,12,prior-fbs-opponent-adjusted,fbs,false,,5.62297009,6.14580728,5.59077924,6.15688421,0.38740939,0.4850464,0.38501985,0.48553945,-0.08038572,-0.75528102,-0.09192188,-1.03095714,84.9,1.58920165,complete-current-cfbd-schedule,cfb-preseason-v1.1-market-anchor,JKB Preseason Power combines a market-informed preseason strength baseline with JoeKnowsBall efficiency data.
110,csu,Colorado State,pac-12,51.97,53.25,47.27,,,67.79,73,,-0.83122676,-0.6518127,-0.97956771,11,prior-fbs-opponent-adjusted,fbs,false,,5.20788322,6.50643701,5.24129618,6.47032882,0.3084414,0.46639739,0.31459973,0.45950498,-0.57456118,-1.22062092,-0.83984959,-0.7385145,39.6,-0.15327858,provisional-pac-12-week-13-flex-unassigned,cfb-preseason-v1.1-market-anchor,JKB Preseason Power combines a market-informed preseason strength baseline with JoeKnowsBall efficiency data.
111,wyo,Wyoming,mountain-west,51.54,42.99,79.33,,,50.69,113,,-0.8561648,-1.47503791,0.49208034,11,prior-fbs-opponent-adjusted,fbs,false,,4.75421765,5.48004236,4.71422039,5.46527251,0.22703105,0.33087329,0.22588815,0.33031399,-1.31985601,0.27148583,-1.78204972,0.71267485,23,-0.79180334,complete-current-cfbd-schedule,cfb-preseason-v1.1-market-anchor,JKB Preseason Power combines a market-informed preseason strength baseline with JoeKnowsBall efficiency data.
112,buff,Buffalo,mac,51.12,51.54,80.62,,,46.41,123,,-0.87218776,-0.69877536,0.52448146,11,prior-fbs-opponent-adjusted,fbs,false,,5.16145247,5.08470534,5.13440573,5.16509053,0.33366228,0.35664395,0.33041802,0.36421868,-0.72570624,0.71713604,-0.67184447,0.33182687,,,complete-current-cfbd-schedule,cfb-preseason-v1.1-market-anchor,JKB Preseason Power combines a market-informed preseason strength baseline with JoeKnowsBall efficiency data.
113,app,Appalachian State,sun-belt,50.69,54.11,57.96,,,48.98,117,,-0.9063268,-0.63571401,-0.50894193,12,prior-fbs-opponent-adjusted,fbs,false,,5.17867635,5.99731449,5.12662551,6.01104101,0.33973123,0.43237422,0.33460292,0.43641274,-0.7367076,-0.53876218,-0.62739694,-0.47912168,37.9,-0.21866967,complete-current-cfbd-schedule,cfb-preseason-v1.1-market-anchor,JKB Preseason Power combines a market-informed preseason strength baseline with JoeKnowsBall efficiency data.
114,fiu,FIU,conference-usa,50.26,66.93,55.39,,,41.71,134,,-0.91806808,-0.07079667,-0.64680809,12,prior-fbs-opponent-adjusted,fbs,false,,5.65481405,6.05805566,5.60132234,6.01522856,0.40087981,0.46434598,0.39467232,0.46040614,-0.06547758,-0.54497901,0.01059641,-0.74863717,31.6,-0.46100136,complete-current-cfbd-schedule,cfb-preseason-v1.1-market-anchor,JKB Preseason Power combines a market-informed preseason strength baseline with JoeKnowsBall efficiency data.
115,usa,South Alabama,sun-belt,49.83,63.94,55.82,,,48.55,118,,-0.94273337,-0.23505452,-0.62375851,11,prior-fbs-opponent-adjusted,fbs,false,,5.38495833,5.83097526,5.36553658,5.83023203,0.35630802,0.48193493,0.35386978,0.48075233,-0.39888297,-0.27033313,-0.42276484,-0.97718388,78.6,1.34686996,complete-current-cfbd-schedule,cfb-preseason-v1.1-market-anchor,JKB Preseason Power combines a market-informed preseason strength baseline with JoeKnowsBall efficiency data.
116,usm,Southern Miss,sun-belt,49.41,77.62,73.78,,,60.95,89,,-0.95454063,0.25474628,0.18993073,12,prior-fbs-opponent-adjusted,fbs,false,,5.7367618,5.46689679,5.68928256,5.49544916,0.40746847,0.37850181,0.40391323,0.38012294,0.05889978,0.22668557,0.10874351,0.15317589,90.2,1.79306799,complete-current-cfbd-schedule,cfb-preseason-v1.1-market-anchor,JKB Preseason Power combines a market-informed preseason strength baseline with JoeKnowsBall efficiency data.
117,emu,Eastern Michigan,mac,48.98,70.78,53.68,,,43.85,129,,-0.96985628,0.0566503,-0.75814583,11,prior-fbs-opponent-adjusted,fbs,false,,5.76500523,6.14332787,5.78370543,6.20703295,0.36122021,0.44855676,0.36446165,0.45487975,0.19241544,-0.82973183,-0.31026926,-0.68655982,72.1,1.0968452,complete-current-cfbd-schedule,cfb-preseason-v1.1-market-anchor,JKB Preseason Power combines a market-informed preseason strength baseline with JoeKnowsBall efficiency data.
118,orst,Oregon State,pac-12,48.55,43.42,46.84,,,69.07,70,,-0.98786817,-1.2858304,-1.02977775,11,prior-fbs-opponent-adjusted,fbs,false,,4.70993241,6.20931011,4.79686909,6.21596219,0.21921976,0.50346474,0.22638474,0.50206325,-1.20298924,-0.84298819,-1.77677548,-1.21656732,57.9,0.55063727,provisional-pac-12-week-13-flex-unassigned,cfb-preseason-v1.1-market-anchor,JKB Preseason Power combines a market-informed preseason strength baseline with JoeKnowsBall efficiency data.
119,nev,Nevada,mountain-west,48.12,47.7,62.66,,,54.96,103,,-1.04431878,-0.96681335,-0.2674445,11,prior-fbs-opponent-adjusted,fbs,false,,4.87929157,5.72259331,4.90799207,5.69231227,0.28963089,0.43838908,0.2963662,0.4355394,-1.0458593,-0.06557744,-1.0335067,-0.46931157,35.5,-0.3109865,complete-current-cfbd-schedule,cfb-preseason-v1.1-market-anchor,JKB Preseason Power combines a market-informed preseason strength baseline with JoeKnowsBall efficiency data.
120,sjsu,San Jose State,mountain-west,47.7,59.24,49.41,,,60.52,90,,-1.08291796,-0.40210332,-0.88840188,11,prior-fbs-opponent-adjusted,fbs,false,,5.88681415,6.05946702,5.90861591,6.08158214,0.30021463,0.49369228,0.30681516,0.49465189,0.36904115,-0.64348755,-0.92252896,-1.13331621,3.8,-1.53033801,complete-current-cfbd-schedule,cfb-preseason-v1.1-market-anchor,JKB Preseason Power combines a market-informed preseason strength baseline with JoeKnowsBall efficiency data.
121,ccu,Coastal Carolina,sun-belt,47.27,49.41,47.7,,,52.4,109,,-1.10957207,-0.80514969,-0.96242353,12,prior-fbs-opponent-adjusted,fbs,false,,4.84731953,6.30593969,4.85772461,6.28853492,0.35145769,0.47995251,0.35306022,0.48047934,-1.11693841,-0.95072968,-0.43136313,-0.97411738,15.4,-1.08413998,complete-current-cfbd-schedule,cfb-preseason-v1.1-market-anchor,JKB Preseason Power combines a market-informed preseason strength baseline with JoeKnowsBall efficiency data.
122,sac,Sacramento State,mac,46.84,85.32,72.07,,,43.42,130,,-1.11759489,0.64053489,0.14416718,12,prior-fcs-fallback,fcs,true,0.5,6.50164789,5.45392365,,,0.52120955,,,,0.60379963,0.14416718,0.67727015,,,,complete-current-cfbd-schedule,cfb-preseason-v1.1-market-anchor,JKB Preseason Power combines a market-informed preseason strength baseline with JoeKnowsBall efficiency data.
123,bg,Bowling Green,mac,46.41,49.83,58.81,,,54.54,104,,-1.13090621,-0.7980701,-0.48489144,11,prior-fbs-opponent-adjusted,fbs,false,,4.97745064,5.92842928,4.99248633,5.9438661,0.33016075,0.43693747,0.33061454,0.44100878,-0.92638287,-0.4390343,-0.66975733,-0.53074858,,,complete-current-cfbd-schedule,cfb-preseason-v1.1-market-anchor,JKB Preseason Power combines a market-informed preseason strength baseline with JoeKnowsBall efficiency data.
124,most,Missouri State,conference-usa,45.99,69.93,52.83,,,58.38,95,,-1.13145575,0.03475466,-0.78368143,12,prior-fbs-opponent-adjusted,fbs,false,,5.96777066,6.11665826,5.94894716,6.09323242,0.36898862,0.47747503,0.37071728,0.47446682,0.42607028,-0.66078356,-0.24382859,-0.9065793,31.3,-0.47254096,complete-current-cfbd-schedule,cfb-preseason-v1.1-market-anchor,JKB Preseason Power combines a market-informed preseason strength baseline with JoeKnowsBall efficiency data.
125,nmsu,New Mexico State,conference-usa,45.56,46.41,63.51,,,50.26,114,,-1.2172861,-0.99379611,-0.23520648,11,prior-fbs-opponent-adjusted,fbs,false,,4.80402811,5.78526409,4.77263874,5.77987895,0.32035436,0.41787586,0.31767427,0.41822619,-1.23725139,-0.19557895,-0.80719512,-0.274834,24.4,-0.73795186,complete-current-cfbd-schedule,cfb-preseason-v1.1-market-anchor,JKB Preseason Power combines a market-informed preseason strength baseline with JoeKnowsBall efficiency data.
126,uab,UAB,american,45.13,66.51,42.57,,,64.37,81,,-1.26584194,-0.13479435,-1.66930093,11,prior-fbs-opponent-adjusted,fbs,false,,5.62321793,6.51079371,5.60947122,6.44553941,0.34292823,0.59531856,0.3415662,0.58558719,-0.05395492,-1.18381857,-0.55344037,-2.15478328,79.6,1.38533531,complete-current-cfbd-schedule,cfb-preseason-v1.1-market-anchor,JKB Preseason Power combines a market-informed preseason strength baseline with JoeKnowsBall efficiency data.
127,kent,Kent State,mac,44.7,62.23,54.96,,,60.09,91,,-1.27956807,-0.25859109,-0.6983003,11,prior-fbs-opponent-adjusted,fbs,false,,5.12992166,5.83329756,5.20299514,5.91564217,0.37503412,0.47401416,0.38225494,0.48273612,-0.62871955,-0.39713304,-0.12128785,-0.99946756,64.1,0.78912243,complete-current-cfbd-schedule,cfb-preseason-v1.1-market-anchor,JKB Preseason Power combines a market-informed preseason strength baseline with JoeKnowsBall efficiency data.
128,rice,Rice,american,44.28,42.14,43.85,,,66.93,75,,-1.33637193,-1.50995215,-1.37135129,12,prior-fbs-opponent-adjusted,fbs,false,,4.36160423,6.55902202,4.3383063,6.46246008,0.2604859,0.5434054,0.25543143,0.5303014,-1.85140542,-1.208939,-1.46827233,-1.53376359,39.4,-0.16097165,complete-current-cfbd-schedule,cfb-preseason-v1.1-market-anchor,JKB Preseason Power combines a market-informed preseason strength baseline with JoeKnowsBall efficiency data.
129,akron,Akron,mac,43.85,47.27,50.69,,,56.67,99,,-1.34734778,-0.97114855,-0.82827339,11,prior-fbs-opponent-adjusted,fbs,false,,4.78504913,6.10265327,4.79266783,6.19479776,0.2684843,0.45794498,0.26550194,0.46898292,-1.20892989,-0.81156748,-1.36131411,-0.8449793,91.8,1.85461254,complete-current-cfbd-schedule,cfb-preseason-v1.1-market-anchor,JKB Preseason Power combines a market-informed preseason strength baseline with JoeKnowsBall efficiency data.
130,ute,UTEP,mountain-west,43.42,45.99,65.65,,,61.38,88,,-1.35930961,-1.01476257,-0.18732698,11,prior-fbs-opponent-adjusted,fbs,false,,4.78486204,5.51065677,4.74865861,5.50674269,0.32596226,0.44478413,0.32227176,0.44580047,-1.27115973,0.20991919,-0.75836541,-0.58457315,,,complete-current-cfbd-schedule,cfb-preseason-v1.1-market-anchor,JKB Preseason Power combines a market-informed preseason strength baseline with JoeKnowsBall efficiency data.
131,niu,Northern Illinois,mountain-west,42.99,44.28,71.64,,,59.67,92,,-1.41446754,-1.16091911,0.12131753,11,prior-fbs-opponent-adjusted,fbs,false,,4.65190959,5.53272205,4.68193434,5.58907875,0.27584626,0.37297945,0.27925013,0.37996483,-1.36550907,0.08768306,-1.21529546,0.154952,43.7,0.00442934,complete-current-cfbd-schedule,cfb-preseason-v1.1-market-anchor,JKB Preseason Power combines a market-informed preseason strength baseline with JoeKnowsBall efficiency data.
132,mtsu,Middle Tennessee,conference-usa,42.57,62.66,51.54,,,45.13,126,,-1.42856805,-0.2583404,-0.82420847,11,prior-fbs-opponent-adjusted,fbs,false,,5.76735452,6.16506228,5.71482777,6.19600795,0.34498338,0.4628643,0.33959661,0.46809923,0.09502118,-0.81336412,-0.57435927,-0.83505282,32.5,-0.42638255,complete-current-cfbd-schedule,cfb-preseason-v1.1-market-anchor,JKB Preseason Power combines a market-informed preseason strength baseline with JoeKnowsBall efficiency data.
133,ulm,UL Monroe,sun-belt,42.14,46.84,48.12,,,44.28,128,,-1.51184674,-0.98978213,-0.92908493,11,prior-fbs-opponent-adjusted,fbs,false,,5.12080576,5.9479234,5.13509039,5.97655508,0.25679931,0.51665801,0.25875031,0.51577638,-0.72473812,-0.48756435,-1.43302275,-1.37060551,38.7,-0.18789739,complete-current-cfbd-schedule,cfb-preseason-v1.1-market-anchor,JKB Preseason Power combines a market-informed preseason strength baseline with JoeKnowsBall efficiency data.
134,gast,Georgia State,sun-belt,41.71,48.55,42.14,,,51.54,111,,-1.55967215,-0.9295309,-1.67345583,11,prior-fbs-opponent-adjusted,fbs,false,,5.20308014,6.73317131,5.21146191,6.66930165,0.25221136,0.56682675,0.25491144,0.55675335,-0.61674738,-1.51601603,-1.47379515,-1.83089563,46.5,0.11213232,complete-current-cfbd-schedule,cfb-preseason-v1.1-market-anchor,JKB Preseason Power combines a market-informed preseason strength baseline with JoeKnowsBall efficiency data.
135,ball,Ball State,mac,41.28,40.43,51.97,,,51.97,110,,-1.753665,-1.9354945,-0.81877075,11,prior-fbs-opponent-adjusted,fbs,false,,4.07483835,6.22794597,4.09838152,6.24307083,0.22074806,0.45699681,0.2254596,0.46091096,-2.19066347,-0.88323369,-1.78660124,-0.7543078,5.7,-1.45725385,complete-current-cfbd-schedule,cfb-preseason-v1.1-market-anchor,JKB Preseason Power combines a market-informed preseason strength baseline with JoeKnowsBall efficiency data.
136,char,Charlotte,american,40.86,40.86,45.99,,,65.22,79,,-1.77672218,-1.88268388,-1.07675745,11,prior-fbs-opponent-adjusted,fbs,false,,4.20890654,6.39514161,4.22997117,6.3682637,0.18652601,0.49869385,0.19066063,0.49029893,-2.00459329,-1.06909503,-2.15619898,-1.08441987,40.9,-0.10327363,complete-current-cfbd-schedule,cfb-preseason-v1.1-market-anchor,JKB Preseason Power combines a market-informed preseason strength baseline with JoeKnowsBall efficiency data.
137,shsu,Sam Houston,conference-usa,40.43,48.12,40.86,,,48.12,119,,-1.89881037,-0.95872116,-2.04304746,12,prior-fbs-opponent-adjusted,fbs,false,,4.90793924,7.09249818,4.88162287,7.09454145,0.2856426,0.56693667,0.28370318,0.56635659,-1.08314583,-2.1473271,-1.1679999,-1.93876781,57.7,0.5429442,complete-current-cfbd-schedule,cfb-preseason-v1.1-market-anchor,JKB Preseason Power combines a market-informed preseason strength baseline with JoeKnowsBall efficiency data.
138,umass,UMass,mac,40,40,41.71,,,40.86,136,,-2.23501799,-2.58338973,-1.80786045,11,prior-fbs-opponent-adjusted,fbs,false,,3.7040148,6.46741496,3.74210016,6.53350403,0.1562258,0.59467657,0.16089596,0.59863162,-2.69445184,-1.31441086,-2.47232762,-2.30131003,,,complete-current-cfbd-schedule,cfb-preseason-v1.1-market-anchor,JKB Preseason Power combines a market-informed preseason strength baseline with JoeKnowsBall efficiency data.
