game_id,season,week,team,opponent,fh_trailing_plays,fh_trailing_pass,fh_trailing_rush,fh_close_plays,fh_close_pass,fh_close_rush,fh_leading_plays,fh_leading_pass,fh_leading_rush,sh_trailing_plays,sh_trailing_pass,sh_trailing_rush,sh_close_plays,sh_close_pass,sh_close_rush,sh_leading_plays,sh_leading_pass,sh_leading_rush
2023_01_ARI_WAS,2023,1,ari,wsh,0,0,0,27,15,12,0,0,0,0,0,0,35,22,13,0,0,0
2023_01_ARI_WAS,2023,1,wsh,ari,0,0,0,42,33,9,0,0,0,0,0,0,29,12,17,0,0,0
2023_01_BUF_NYJ,2023,1,buf,nyj,0,0,0,37,27,10,0,0,0,0,0,0,31,23,8,0,0,0
2023_01_BUF_NYJ,2023,1,nyj,buf,0,0,0,19,12,7,0,0,0,11,5,6,22,10,12,0,0,0
2023_01_CAR_ATL,2023,1,atl,car,0,0,0,24,16,8,0,0,0,0,0,0,23,8,15,3,0,3
2023_01_CAR_ATL,2023,1,car,atl,0,0,0,32,17,15,0,0,0,17,15,2,28,14,14,0,0,0
2023_01_CIN_CLE,2023,1,cin,cle,0,0,0,27,16,11,0,0,0,21,16,5,6,4,2,0,0,0
2023_01_CIN_CLE,2023,1,cle,cin,0,0,0,41,25,16,0,0,0,0,0,0,12,4,8,20,6,14
2023_01_DAL_NYG,2023,1,dal,nyg,0,0,0,8,6,2,20,10,10,0,0,0,0,0,0,30,12,18
2023_01_DAL_NYG,2023,1,nyg,dal,24,16,8,13,7,6,0,0,0,33,26,7,0,0,0,0,0,0
2023_01_DET_KC,2023,1,det,kc,0,0,0,37,22,15,0,0,0,0,0,0,30,14,16,0,0,0
2023_01_DET_KC,2023,1,kc,det,0,0,0,29,22,7,0,0,0,0,0,0,36,26,10,0,0,0
2023_01_GB_CHI,2023,1,chi,gb,0,0,0,32,20,12,0,0,0,40,30,10,0,0,0,0,0,0
2023_01_GB_CHI,2023,1,gb,chi,0,0,0,28,18,10,0,0,0,0,0,0,8,1,7,24,11,13
2023_01_HOU_BAL,2023,1,bal,hou,0,0,0,29,18,11,0,0,0,0,0,0,8,5,3,26,12,14
2023_01_HOU_BAL,2023,1,hou,bal,0,0,0,35,24,11,0,0,0,38,30,8,3,3,0,0,0,0
2023_01_JAX_IND,2023,1,ind,jax,0,0,0,31,18,13,0,0,0,17,15,2,24,16,8,0,0,0
2023_01_JAX_IND,2023,1,jax,ind,0,0,0,32,17,15,0,0,0,0,0,0,36,19,17,1,0,1
2023_01_LA_SEA,2023,1,lar,sea,0,0,0,32,19,13,0,0,0,0,0,0,33,18,15,16,4,12
2023_01_LA_SEA,2023,1,sea,lar,0,0,0,35,22,13,0,0,0,7,6,1,8,5,3,0,0,0
2023_01_LV_DEN,2023,1,den,lv,0,0,0,35,24,11,0,0,0,0,0,0,28,17,11,0,0,0
2023_01_LV_DEN,2023,1,lv,den,0,0,0,24,13,11,0,0,0,0,0,0,31,19,12,0,0,0
2023_01_MIA_LAC,2023,1,lac,mia,0,0,0,35,21,14,0,0,0,0,0,0,45,23,22,0,0,0
2023_01_MIA_LAC,2023,1,mia,lac,0,0,0,39,27,12,0,0,0,0,0,0,26,20,6,0,0,0
2023_01_PHI_NE,2023,1,ne,phi,26,21,5,7,4,3,0,0,0,6,5,1,40,28,12,0,0,0
2023_01_PHI_NE,2023,1,phi,ne,0,0,0,15,5,10,18,12,6,0,0,0,32,25,7,0,0,0
2023_01_SF_PIT,2023,1,pit,sf,21,17,4,6,5,1,0,0,0,35,31,4,0,0,0,0,0,0
2023_01_SF_PIT,2023,1,sf,pit,0,0,0,13,7,6,27,16,11,0,0,0,0,0,0,25,11,14
2023_01_TB_MIN,2023,1,min,tb,0,0,0,41,30,11,0,0,0,0,0,0,23,18,5,0,0,0
2023_01_TB_MIN,2023,1,tb,min,0,0,0,28,17,11,0,0,0,0,0,0,37,21,16,0,0,0
2023_01_TEN_NO,2023,1,no,ten,0,0,0,31,25,6,0,0,0,0,0,0,32,14,18,0,0,0
2023_01_TEN_NO,2023,1,ten,no,0,0,0,31,19,12,0,0,0,0,0,0,32,24,8,0,0,0
2023_02_BAL_CIN,2023,2,bal,cin,0,0,0,48,32,16,0,0,0,0,0,0,23,12,11,3,1,2
2023_02_BAL_CIN,2023,2,cin,bal,0,0,0,19,12,7,0,0,0,32,26,6,9,7,2,0,0,0
2023_02_CHI_TB,2023,2,chi,tb,0,0,0,21,15,6,0,0,0,23,17,6,8,5,3,0,0,0
2023_02_CHI_TB,2023,2,tb,chi,0,0,0,41,24,17,0,0,0,0,0,0,21,10,11,7,5,2
2023_02_CLE_PIT,2023,2,cle,pit,0,0,0,44,27,17,0,0,0,0,0,0,41,25,16,0,0,0
2023_02_CLE_PIT,2023,2,pit,cle,0,0,0,26,19,7,0,0,0,0,0,0,24,13,11,0,0,0
2023_02_GB_ATL,2023,2,atl,gb,0,0,0,38,23,15,0,0,0,9,3,6,34,16,18,0,0,0
2023_02_GB_ATL,2023,2,gb,atl,0,0,0,27,15,12,0,0,0,0,0,0,22,14,8,0,0,0
2023_02_IND_HOU,2023,2,hou,ind,22,12,10,10,6,4,0,0,0,49,36,13,0,0,0,0,0,0
2023_02_IND_HOU,2023,2,ind,hou,0,0,0,24,13,11,14,12,2,0,0,0,0,0,0,19,11,8
2023_02_KC_JAX,2023,2,jax,kc,0,0,0,37,27,10,0,0,0,0,0,0,29,25,4,0,0,0
2023_02_KC_JAX,2023,2,kc,jax,0,0,0,28,25,3,0,0,0,0,0,0,36,23,13,0,0,0
2023_02_LAC_TEN,2023,2,lac,ten,0,0,0,32,19,13,0,0,0,0,0,0,35,27,8,0,0,0
2023_02_LAC_TEN,2023,2,ten,lac,3,1,2,23,10,13,0,0,0,0,0,0,39,20,19,0,0,0
2023_02_LV_BUF,2023,2,buf,lv,0,0,0,38,24,14,0,0,0,0,0,0,0,0,0,38,18,20
2023_02_LV_BUF,2023,2,lv,buf,2,2,0,24,16,8,0,0,0,14,8,6,0,0,0,0,0,0
2023_02_MIA_NE,2023,2,mia,ne,0,0,0,31,19,12,3,2,1,0,0,0,11,3,8,17,9,8
2023_02_MIA_NE,2023,2,ne,mia,16,10,6,16,10,6,0,0,0,32,21,11,9,9,0,0,0,0
2023_02_MIN_PHI,2023,2,min,phi,0,0,0,23,19,4,0,0,0,32,28,4,3,2,1,0,0,0
2023_02_MIN_PHI,2023,2,phi,min,0,0,0,41,18,23,0,0,0,0,0,0,13,1,12,23,13,10
2023_02_NO_CAR,2023,2,car,no,0,0,0,24,15,9,0,0,0,11,10,1,24,16,8,0,0,0
2023_02_NO_CAR,2023,2,no,car,0,0,0,46,31,15,0,0,0,0,0,0,28,12,16,0,0,0
2023_02_NYG_ARI,2023,2,ari,nyg,0,0,0,22,13,9,15,6,9,0,0,0,9,6,3,17,10,7
2023_02_NYG_ARI,2023,2,nyg,ari,18,13,5,8,5,3,0,0,0,28,20,8,14,8,6,0,0,0
2023_02_NYJ_DAL,2023,2,dal,nyj,0,0,0,43,28,15,3,2,1,0,0,0,11,3,8,25,9,16
2023_02_NYJ_DAL,2023,2,nyj,dal,13,11,2,10,3,7,0,0,0,21,20,1,3,1,2,0,0,0
2023_02_SEA_DET,2023,2,det,sea,0,0,0,29,16,13,0,0,0,10,7,3,27,16,11,0,0,0
2023_02_SEA_DET,2023,2,sea,det,0,0,0,33,21,12,0,0,0,0,0,0,37,27,10,0,0,0
2023_02_SF_LA,2023,2,lar,sf,0,0,0,32,21,11,0,0,0,26,24,2,21,15,6,0,0,0
2023_02_SF_LA,2023,2,sf,lar,0,0,0,31,18,13,0,0,0,0,0,0,21,10,11,5,0,5
2023_02_WAS_DEN,2023,2,den,wsh,0,0,0,9,4,5,15,7,8,14,12,2,26,20,6,0,0,0
2023_02_WAS_DEN,2023,2,wsh,den,25,21,4,18,15,3,0,0,0,0,0,0,29,15,14,0,0,0
2023_03_ATL_DET,2023,3,atl,det,7,6,1,21,14,7,0,0,0,39,28,11,0,0,0,0,0,0
2023_03_ATL_DET,2023,3,det,atl,0,0,0,33,20,13,4,4,0,0,0,0,0,0,0,30,13,17
2023_03_BUF_WAS,2023,3,buf,wsh,0,0,0,17,12,5,21,14,7,0,0,0,0,0,0,28,12,16
2023_03_BUF_WAS,2023,3,wsh,buf,12,9,3,11,8,3,0,0,0,31,24,7,0,0,0,0,0,0
2023_03_CAR_SEA,2023,3,car,sea,0,0,0,34,25,9,0,0,0,36,34,2,9,7,2,0,0,0
2023_03_CAR_SEA,2023,3,sea,car,0,0,0,38,25,13,0,0,0,0,0,0,24,12,12,8,3,5
2023_03_CHI_KC,2023,3,chi,kc,11,8,3,11,5,6,0,0,0,29,16,13,0,0,0,0,0,0
2023_03_CHI_KC,2023,3,kc,chi,0,0,0,23,15,8,22,16,6,0,0,0,0,0,0,30,12,18
2023_03_DAL_ARI,2023,3,ari,dal,0,0,0,38,22,16,0,0,0,0,0,0,13,7,6,6,0,6
2023_03_DAL_ARI,2023,3,dal,ari,24,17,7,10,7,3,0,0,0,26,15,11,21,11,10,0,0,0
2023_03_DEN_MIA,2023,3,den,mia,32,25,7,3,1,2,0,0,0,27,16,11,0,0,0,0,0,0
2023_03_DEN_MIA,2023,3,mia,den,0,0,0,24,13,11,12,4,8,0,0,0,0,0,0,36,12,24
2023_03_HOU_JAX,2023,3,hou,jax,0,0,0,23,12,11,11,10,1,0,0,0,0,0,0,22,9,13
2023_03_HOU_JAX,2023,3,jax,hou,13,11,2,20,8,12,0,0,0,40,29,11,0,0,0,0,0,0
2023_03_IND_BAL,2023,3,bal,ind,0,0,0,23,11,12,0,0,0,0,0,0,49,29,20,0,0,0
2023_03_IND_BAL,2023,3,ind,bal,0,0,0,39,23,16,0,0,0,0,0,0,45,26,19,0,0,0
2023_03_LA_CIN,2023,3,cin,lar,0,0,0,41,34,7,0,0,0,0,0,0,29,19,10,3,0,3
2023_03_LA_CIN,2023,3,lar,cin,0,0,0,25,17,8,0,0,0,14,13,1,16,13,3,0,0,0
2023_03_LAC_MIN,2023,3,lac,min,0,0,0,38,31,7,0,0,0,0,0,0,27,20,7,0,0,0
2023_03_LAC_MIN,2023,3,min,lac,0,0,0,35,23,12,0,0,0,8,8,0,40,27,13,0,0,0
2023_03_NE_NYJ,2023,3,ne,nyj,0,0,0,29,15,14,6,4,2,0,0,0,20,7,13,16,5,11
2023_03_NE_NYJ,2023,3,nyj,ne,12,3,9,15,9,6,0,0,0,25,19,6,10,10,0,0,0,0
2023_03_NO_GB,2023,3,gb,no,12,8,4,19,12,7,0,0,0,34,25,9,9,8,1,0,0,0
2023_03_NO_GB,2023,3,no,gb,0,0,0,19,11,8,13,7,6,0,0,0,10,9,1,19,11,8
2023_03_NYG_SF,2023,3,nyg,sf,7,7,0,17,12,5,0,0,0,21,16,5,4,4,0,0,0,0
2023_03_NYG_SF,2023,3,sf,nyg,0,0,0,43,25,18,0,0,0,0,0,0,20,13,7,17,5,12
2023_03_PHI_TB,2023,3,phi,tb,0,0,0,37,24,13,0,0,0,0,0,0,0,0,0,43,18,25
2023_03_PHI_TB,2023,3,tb,phi,0,0,0,31,21,10,0,0,0,15,9,6,0,0,0,0,0,0
2023_03_PIT_LV,2023,3,lv,pit,0,0,0,29,20,9,0,0,0,30,22,8,12,11,1,0,0,0
2023_03_PIT_LV,2023,3,pit,lv,0,0,0,35,18,17,0,0,0,0,0,0,17,8,9,9,6,3
2023_03_TEN_CLE,2023,3,cle,ten,0,0,0,35,24,11,0,0,0,0,0,0,0,0,0,36,17,19
2023_03_TEN_CLE,2023,3,ten,cle,10,10,0,18,13,5,0,0,0,19,9,10,0,0,0,0,0,0
2023_04_ARI_SF,2023,4,ari,sf,27,18,9,11,7,4,0,0,0,33,24,9,0,0,0,0,0,0
2023_04_ARI_SF,2023,4,sf,ari,0,0,0,18,7,11,5,4,1,0,0,0,8,5,3,22,8,14
2023_04_ATL_JAX,2023,4,atl,jax,22,13,9,6,4,2,0,0,0,30,20,10,0,0,0,0,0,0
2023_04_ATL_JAX,2023,4,jax,atl,0,0,0,21,13,8,12,10,2,0,0,0,0,0,0,30,15,15
2023_04_BAL_CLE,2023,4,bal,cle,0,0,0,24,10,14,12,10,2,0,0,0,0,0,0,22,9,13
2023_04_BAL_CLE,2023,4,cle,bal,3,2,1,27,17,10,0,0,0,38,27,11,0,0,0,0,0,0
2023_04_CIN_TEN,2023,4,cin,ten,5,4,1,26,16,10,0,0,0,21,16,5,0,0,0,0,0,0
2023_04_CIN_TEN,2023,4,ten,cin,0,0,0,26,15,11,8,6,2,0,0,0,0,0,0,31,13,18
2023_04_DEN_CHI,2023,4,chi,den,0,0,0,23,14,9,7,6,1,0,0,0,23,12,11,19,11,8
2023_04_DEN_CHI,2023,4,den,chi,5,3,2,18,13,5,0,0,0,20,13,7,4,2,2,0,0,0
2023_04_DET_GB,2023,4,det,gb,0,0,0,18,8,10,24,14,10,0,0,0,0,0,0,32,10,22
2023_04_DET_GB,2023,4,gb,det,17,12,5,6,6,0,0,0,0,32,25,7,0,0,0,0,0,0
2023_04_KC_NYJ,2023,4,kc,nyj,0,0,0,22,13,9,10,6,4,0,0,0,36,20,16,0,0,0
2023_04_KC_NYJ,2023,4,nyj,kc,23,16,7,14,13,1,0,0,0,0,0,0,21,14,7,0,0,0
2023_04_LA_IND,2023,4,ind,lar,15,7,8,6,4,2,0,0,0,24,14,10,16,8,8,0,0,0
2023_04_LA_IND,2023,4,lar,ind,0,0,0,19,11,8,21,9,12,0,0,0,22,16,6,20,11,9
2023_04_LV_LAC,2023,4,lac,lv,0,0,0,31,19,12,9,2,7,0,0,0,7,4,3,13,7,6
2023_04_LV_LAC,2023,4,lv,lac,11,8,3,15,8,7,0,0,0,41,27,14,6,6,0,0,0,0
2023_04_MIA_BUF,2023,4,buf,mia,0,0,0,31,18,13,3,2,1,0,0,0,0,0,0,20,10,10
2023_04_MIA_BUF,2023,4,mia,buf,6,4,2,22,16,6,0,0,0,36,26,10,0,0,0,0,0,0
2023_04_MIN_CAR,2023,4,car,min,0,0,0,28,15,13,0,0,0,0,0,0,44,28,16,0,0,0
2023_04_MIN_CAR,2023,4,min,car,10,6,4,23,13,10,0,0,0,0,0,0,15,6,9,0,0,0
2023_04_NE_DAL,2023,4,dal,ne,0,0,0,22,15,7,12,8,4,0,0,0,0,0,0,32,16,16
2023_04_NE_DAL,2023,4,ne,dal,14,10,4,16,8,8,0,0,0,25,16,9,0,0,0,0,0,0
2023_04_PIT_HOU,2023,4,hou,pit,0,0,0,22,11,11,19,11,8,0,0,0,0,0,0,28,11,17
2023_04_PIT_HOU,2023,4,pit,hou,19,16,3,8,4,4,0,0,0,32,15,17,0,0,0,0,0,0
2023_04_SEA_NYG,2023,4,nyg,sea,3,2,1,34,21,13,0,0,0,38,29,9,0,0,0,0,0,0
2023_04_SEA_NYG,2023,4,sea,nyg,0,0,0,24,19,5,6,0,6,0,0,0,0,0,0,25,12,13
2023_04_TB_NO,2023,4,no,tb,0,0,0,30,21,9,0,0,0,34,26,8,0,0,0,0,0,0
2023_04_TB_NO,2023,4,tb,no,0,0,0,38,27,11,0,0,0,0,0,0,16,11,5,13,3,10
2023_04_WAS_PHI,2023,4,phi,wsh,7,6,1,21,14,7,0,0,0,0,0,0,42,26,16,0,0,0
2023_04_WAS_PHI,2023,4,wsh,phi,0,0,0,36,22,14,0,0,0,0,0,0,42,32,10,0,0,0
2023_05_BAL_PIT,2023,5,bal,pit,0,0,0,38,26,12,5,2,3,0,0,0,27,19,8,0,0,0
2023_05_BAL_PIT,2023,5,pit,bal,16,12,4,9,4,5,0,0,0,0,0,0,35,20,15,0,0,0
2023_05_CAR_DET,2023,5,car,det,26,18,8,14,8,6,0,0,0,31,22,9,0,0,0,0,0,0
2023_05_CAR_DET,2023,5,det,car,0,0,0,26,16,10,1,1,0,0,0,0,0,0,0,30,13,17
2023_05_CHI_WAS,2023,5,chi,wsh,0,0,0,16,11,5,24,12,12,0,0,0,0,0,0,24,10,14
2023_05_CHI_WAS,2023,5,wsh,chi,19,15,4,3,1,2,0,0,0,46,46,0,0,0,0,0,0,0
2023_05_CIN_ARI,2023,5,ari,cin,9,5,4,19,13,6,0,0,0,24,15,9,5,2,3,0,0,0
2023_05_CIN_ARI,2023,5,cin,ari,0,0,0,41,27,14,0,0,0,0,0,0,28,19,9,12,7,5
2023_05_DAL_SF,2023,5,dal,sf,16,11,5,10,8,2,0,0,0,22,11,11,0,0,0,0,0,0
2023_05_DAL_SF,2023,5,sf,dal,0,0,0,36,18,18,3,1,2,0,0,0,0,0,0,31,11,20
2023_05_GB_LV,2023,5,gb,lv,0,0,0,24,14,10,0,0,0,0,0,0,34,21,13,0,0,0
2023_05_GB_LV,2023,5,lv,gb,0,0,0,34,20,14,0,0,0,0,0,0,27,15,12,0,0,0
2023_05_HOU_ATL,2023,5,atl,hou,0,0,0,33,17,16,0,0,0,0,0,0,40,22,18,0,0,0
2023_05_HOU_ATL,2023,5,hou,atl,0,0,0,32,23,9,0,0,0,0,0,0,27,13,14,0,0,0
2023_05_JAX_BUF,2023,5,buf,jax,21,15,6,6,4,2,0,0,0,17,16,1,14,12,2,0,0,0
2023_05_JAX_BUF,2023,5,jax,buf,0,0,0,29,19,10,13,9,4,0,0,0,44,24,20,0,0,0
2023_05_KC_MIN,2023,5,kc,min,0,0,0,31,22,9,0,0,0,0,0,0,34,21,13,0,0,0
2023_05_KC_MIN,2023,5,min,kc,0,0,0,37,25,12,0,0,0,14,10,4,20,18,2,0,0,0
2023_05_NO_NE,2023,5,ne,no,16,12,4,12,7,5,0,0,0,26,16,10,0,0,0,0,0,0
2023_05_NO_NE,2023,5,no,ne,0,0,0,20,11,9,14,7,7,0,0,0,0,0,0,34,12,22
2023_05_NYG_MIA,2023,5,mia,nyg,0,0,0,22,17,5,5,3,2,0,0,0,3,3,0,22,8,14
2023_05_NYG_MIA,2023,5,nyg,mia,14,8,6,20,10,10,0,0,0,39,28,11,0,0,0,0,0,0
2023_05_NYJ_DEN,2023,5,den,nyj,0,0,0,27,17,10,0,0,0,11,8,3,23,18,5,0,0,0
2023_05_NYJ_DEN,2023,5,nyj,den,0,0,0,34,23,11,0,0,0,0,0,0,31,12,19,0,0,0
2023_05_PHI_LA,2023,5,lar,phi,0,0,0,26,18,8,0,0,0,11,10,1,19,14,5,0,0,0
2023_05_PHI_LA,2023,5,phi,lar,0,0,0,40,28,12,0,0,0,0,0,0,32,16,16,7,0,7
2023_05_TEN_IND,2023,5,ind,ten,0,0,0,33,20,13,0,0,0,0,0,0,32,12,20,0,0,0
2023_05_TEN_IND,2023,5,ten,ind,0,0,0,29,17,12,0,0,0,0,0,0,30,21,9,0,0,0
2023_06_ARI_LA,2023,6,ari,lar,0,0,0,43,21,22,0,0,0,23,22,1,9,5,4,0,0,0
2023_06_ARI_LA,2023,6,lar,ari,0,0,0,20,16,4,0,0,0,0,0,0,29,10,19,6,1,5
2023_06_BAL_TEN,2023,6,bal,ten,0,0,0,31,14,17,9,6,3,0,0,0,25,15,10,5,3,2
2023_06_BAL_TEN,2023,6,ten,bal,4,3,1,17,10,7,0,0,0,25,19,6,9,5,4,0,0,0
2023_06_CAR_MIA,2023,6,car,mia,0,0,0,37,22,15,0,0,0,26,18,8,6,4,2,0,0,0
2023_06_CAR_MIA,2023,6,mia,car,9,6,3,18,11,7,0,0,0,0,0,0,12,6,6,25,10,15
2023_06_DAL_LAC,2023,6,dal,lac,0,0,0,37,26,11,0,0,0,0,0,0,25,15,10,0,0,0
2023_06_DAL_LAC,2023,6,lac,dal,0,0,0,32,23,9,0,0,0,0,0,0,40,30,10,0,0,0
2023_06_DEN_KC,2023,6,den,kc,7,6,1,20,8,12,0,0,0,24,17,7,0,0,0,0,0,0
2023_06_DEN_KC,2023,6,kc,den,0,0,0,31,19,12,7,7,0,0,0,0,8,6,2,23,16,7
2023_06_DET_TB,2023,6,det,tb,0,0,0,31,21,10,0,0,0,0,0,0,18,12,6,20,15,5
2023_06_DET_TB,2023,6,tb,det,0,0,0,30,20,10,0,0,0,20,18,2,6,4,2,0,0,0
2023_06_IND_JAX,2023,6,ind,jax,21,17,4,16,12,4,0,0,0,41,34,7,0,0,0,0,0,0
2023_06_IND_JAX,2023,6,jax,ind,0,0,0,14,6,8,17,11,6,0,0,0,0,0,0,29,20,9
2023_06_MIN_CHI,2023,6,chi,min,0,0,0,29,14,15,0,0,0,19,10,9,17,9,8,0,0,0
2023_06_MIN_CHI,2023,6,min,chi,0,0,0,33,23,10,0,0,0,0,0,0,14,7,7,9,4,5
2023_06_NE_LV,2023,6,lv,ne,0,0,0,43,25,18,0,0,0,0,0,0,24,11,13,0,0,0
2023_06_NE_LV,2023,6,ne,lv,8,6,2,14,9,5,0,0,0,30,18,12,7,6,1,0,0,0
2023_06_NO_HOU,2023,6,hou,no,0,0,0,37,18,19,0,0,0,0,0,0,25,15,10,0,0,0
2023_06_NO_HOU,2023,6,no,hou,12,11,1,20,12,8,0,0,0,10,7,3,40,27,13,0,0,0
2023_06_NYG_BUF,2023,6,buf,nyg,0,0,0,29,20,9,0,0,0,0,0,0,32,14,18,0,0,0
2023_06_NYG_BUF,2023,6,nyg,buf,0,0,0,39,20,19,0,0,0,0,0,0,36,26,10,0,0,0
2023_06_PHI_NYJ,2023,6,nyj,phi,7,6,1,30,22,8,0,0,0,0,0,0,25,16,9,0,0,0
2023_06_PHI_NYJ,2023,6,phi,nyj,0,0,0,35,27,8,0,0,0,0,0,0,35,24,11,0,0,0
2023_06_SEA_CIN,2023,6,cin,sea,0,0,0,28,22,6,0,0,0,0,0,0,25,18,7,0,0,0
2023_06_SEA_CIN,2023,6,sea,cin,0,0,0,32,20,12,0,0,0,0,0,0,41,31,10,0,0,0
2023_06_SF_CLE,2023,6,cle,sf,5,3,2,23,10,13,0,0,0,0,0,0,47,28,19,0,0,0
2023_06_SF_CLE,2023,6,sf,cle,0,0,0,35,18,17,0,0,0,0,0,0,25,17,8,0,0,0
2023_06_WAS_ATL,2023,6,atl,wsh,9,8,1,25,17,8,0,0,0,19,10,9,28,19,9,0,0,0
2023_06_WAS_ATL,2023,6,wsh,atl,0,0,0,32,22,10,0,0,0,0,0,0,12,6,6,5,2,3
2023_07_ARI_SEA,2023,7,ari,sea,0,0,0,39,23,16,0,0,0,6,6,0,22,14,8,0,0,0
2023_07_ARI_SEA,2023,7,sea,ari,0,0,0,28,17,11,0,0,0,0,0,0,30,12,18,0,0,0
2023_07_ATL_TB,2023,7,atl,tb,0,0,0,31,17,14,0,0,0,0,0,0,34,12,22,0,0,0
2023_07_ATL_TB,2023,7,tb,atl,0,0,0,38,29,9,0,0,0,0,0,0,34,23,11,0,0,0
2023_07_BUF_NE,2023,7,buf,ne,26,16,10,4,3,1,0,0,0,17,14,3,23,16,7,0,0,0
2023_07_BUF_NE,2023,7,ne,buf,0,0,0,22,11,11,6,5,1,0,0,0,30,20,10,1,1,0
2023_07_CLE_IND,2023,7,cle,ind,0,0,0,30,15,15,0,0,0,0,0,0,42,26,16,0,0,0
2023_07_CLE_IND,2023,7,ind,cle,0,0,0,39,21,18,0,0,0,9,3,6,22,9,13,0,0,0
2023_07_DET_BAL,2023,7,bal,det,0,0,0,19,15,4,21,13,8,0,0,0,0,0,0,19,9,10
2023_07_DET_BAL,2023,7,det,bal,24,21,3,3,2,1,0,0,0,47,37,10,0,0,0,0,0,0
2023_07_GB_DEN,2023,7,den,gb,0,0,0,36,23,13,0,0,0,0,0,0,23,11,12,0,0,0
2023_07_GB_DEN,2023,7,gb,den,1,0,1,25,14,11,0,0,0,21,13,8,17,8,9,0,0,0
2023_07_JAX_NO,2023,7,jax,no,0,0,0,27,20,7,6,4,2,0,0,0,21,12,9,0,0,0
2023_07_JAX_NO,2023,7,no,jax,19,13,6,18,11,7,0,0,0,28,17,11,24,20,4,0,0,0
2023_07_LAC_KC,2023,7,kc,lac,0,0,0,32,26,6,0,0,0,0,0,0,34,22,12,0,0,0
2023_07_LAC_KC,2023,7,lac,kc,0,0,0,33,20,13,0,0,0,9,9,0,20,9,11,0,0,0
2023_07_LV_CHI,2023,7,chi,lv,0,0,0,30,13,17,10,9,1,0,0,0,0,0,0,29,11,18
2023_07_LV_CHI,2023,7,lv,chi,14,10,4,16,11,5,0,0,0,34,28,6,0,0,0,0,0,0
2023_07_MIA_PHI,2023,7,mia,phi,8,8,0,15,11,4,0,0,0,4,4,0,22,14,8,0,0,0
2023_07_MIA_PHI,2023,7,phi,mia,0,0,0,39,20,19,0,0,0,0,0,0,28,18,10,2,0,2
2023_07_PIT_LA,2023,7,lar,pit,0,0,0,37,21,16,0,0,0,0,0,0,30,16,14,0,0,0
2023_07_PIT_LA,2023,7,pit,lar,0,0,0,24,15,9,0,0,0,0,0,0,30,14,16,0,0,0
2023_07_SF_MIN,2023,7,min,sf,0,0,0,31,20,11,0,0,0,0,0,0,26,18,8,11,9,2
2023_07_SF_MIN,2023,7,sf,min,12,5,7,14,9,5,0,0,0,9,7,2,16,11,5,0,0,0
2023_07_WAS_NYG,2023,7,nyg,wsh,0,0,0,28,17,11,14,12,2,0,0,0,23,10,13,0,0,0
2023_07_WAS_NYG,2023,7,wsh,nyg,10,8,2,17,12,5,0,0,0,9,4,5,33,26,7,0,0,0
2023_08_ATL_TEN,2023,8,atl,ten,7,4,3,23,16,7,0,0,0,20,12,8,17,13,4,0,0,0
2023_08_ATL_TEN,2023,8,ten,atl,0,0,0,28,15,13,8,5,3,0,0,0,30,14,16,0,0,0
2023_08_BAL_ARI,2023,8,ari,bal,0,0,0,34,14,20,0,0,0,27,24,3,12,5,7,0,0,0
2023_08_BAL_ARI,2023,8,bal,ari,0,0,0,30,22,8,0,0,0,0,0,0,16,11,5,18,4,14
2023_08_CHI_LAC,2023,8,chi,lac,22,12,10,8,5,3,0,0,0,33,22,11,0,0,0,0,0,0
2023_08_CHI_LAC,2023,8,lac,chi,0,0,0,19,12,7,18,16,2,0,0,0,0,0,0,32,17,15
2023_08_CIN_SF,2023,8,cin,sf,0,0,0,35,25,10,0,0,0,0,0,0,25,14,11,2,0,2
2023_08_CIN_SF,2023,8,sf,cin,0,0,0,25,14,11,0,0,0,18,16,2,16,10,6,0,0,0
2023_08_CLE_SEA,2023,8,cle,sea,26,15,11,11,7,4,0,0,0,0,0,0,40,18,22,0,0,0
2023_08_CLE_SEA,2023,8,sea,cle,0,0,0,31,21,10,3,1,2,0,0,0,22,17,5,0,0,0
2023_08_HOU_CAR,2023,8,car,hou,0,0,0,34,24,10,0,0,0,0,0,0,33,20,13,0,0,0
2023_08_HOU_CAR,2023,8,hou,car,0,0,0,32,17,15,0,0,0,0,0,0,25,11,14,0,0,0
2023_08_JAX_PIT,2023,8,jax,pit,0,0,0,36,21,15,0,0,0,0,0,0,31,18,13,3,0,3
2023_08_JAX_PIT,2023,8,pit,jax,0,0,0,29,20,9,0,0,0,26,25,1,11,7,4,0,0,0
2023_08_KC_DEN,2023,8,den,kc,0,0,0,29,16,13,4,3,1,0,0,0,29,13,16,9,2,7
2023_08_KC_DEN,2023,8,kc,den,8,4,4,28,21,7,0,0,0,16,16,0,8,6,2,0,0,0
2023_08_LA_DAL,2023,8,dal,lar,0,0,0,19,15,4,17,12,5,0,0,0,0,0,0,26,16,10
2023_08_LA_DAL,2023,8,lar,dal,23,15,8,10,7,3,0,0,0,27,14,13,0,0,0,0,0,0
2023_08_LV_DET,2023,8,det,lv,0,0,0,44,27,17,0,0,0,0,0,0,15,5,10,25,7,18
2023_08_LV_DET,2023,8,lv,det,11,2,9,12,7,5,0,0,0,20,18,2,3,2,1,0,0,0
2023_08_MIN_GB,2023,8,gb,min,19,15,4,11,8,3,0,0,0,38,31,7,0,0,0,0,0,0
2023_08_MIN_GB,2023,8,min,gb,0,0,0,28,17,11,6,3,3,0,0,0,13,9,4,23,13,10
2023_08_NE_MIA,2023,8,mia,ne,0,0,0,41,30,11,0,0,0,0,0,0,19,10,9,14,11,3
2023_08_NE_MIA,2023,8,ne,mia,0,0,0,24,13,11,0,0,0,28,20,8,0,0,0,0,0,0
2023_08_NO_IND,2023,8,ind,no,0,0,0,42,24,18,0,0,0,10,10,0,19,13,6,0,0,0
2023_08_NO_IND,2023,8,no,ind,8,3,5,17,10,7,0,0,0,0,0,0,40,18,22,0,0,0
2023_08_NYJ_NYG,2023,8,nyg,nyj,0,0,0,35,20,15,0,0,0,0,0,0,40,6,34,0,0,0
2023_08_NYJ_NYG,2023,8,nyj,nyg,0,0,0,32,20,12,0,0,0,0,0,0,31,24,7,0,0,0
2023_08_PHI_WAS,2023,8,phi,wsh,17,15,2,13,12,1,0,0,0,0,0,0,31,15,16,0,0,0
2023_08_PHI_WAS,2023,8,wsh,phi,0,0,0,26,20,6,9,7,2,4,4,0,33,26,7,0,0,0
2023_08_TB_BUF,2023,8,buf,tb,0,0,0,33,21,12,0,0,0,0,0,0,15,9,6,20,16,4
2023_08_TB_BUF,2023,8,tb,buf,7,4,3,25,18,7,0,0,0,30,26,4,4,4,0,0,0,0
2023_09_ARI_CLE,2023,9,ari,cle,8,6,2,15,9,6,0,0,0,28,19,9,0,0,0,0,0,0
2023_09_ARI_CLE,2023,9,cle,ari,0,0,0,28,15,13,11,9,2,0,0,0,0,0,0,33,11,22
2023_09_BUF_CIN,2023,9,buf,cin,5,5,0,17,13,4,0,0,0,35,28,7,0,0,0,0,0,0
2023_09_BUF_CIN,2023,9,cin,buf,0,0,0,39,28,11,0,0,0,0,0,0,4,1,3,24,20,4
2023_09_CHI_NO,2023,9,chi,no,0,0,0,35,19,16,0,0,0,0,0,0,33,20,13,0,0,0
2023_09_CHI_NO,2023,9,no,chi,0,0,0,30,19,11,0,0,0,0,0,0,32,18,14,0,0,0
2023_09_DAL_PHI,2023,9,dal,phi,0,0,0,29,22,7,0,0,0,20,15,5,24,19,5,0,0,0
2023_09_DAL_PHI,2023,9,phi,dal,0,0,0,34,20,14,0,0,0,0,0,0,25,13,12,3,2,1
2023_09_IND_CAR,2023,9,car,ind,15,10,5,14,9,5,0,0,0,42,29,13,0,0,0,0,0,0
2023_09_IND_CAR,2023,9,ind,car,0,0,0,38,20,18,0,0,0,0,0,0,0,0,0,20,12,8
2023_09_LA_GB,2023,9,gb,lar,0,0,0,34,15,19,0,0,0,0,0,0,21,10,11,14,6,8
2023_09_LA_GB,2023,9,lar,gb,0,0,0,30,14,16,0,0,0,9,9,0,19,12,7,0,0,0
2023_09_LAC_NYJ,2023,9,lac,nyj,0,0,0,14,8,6,20,17,3,0,0,0,0,0,0,22,13,9
2023_09_LAC_NYJ,2023,9,nyj,lac,23,16,7,15,9,6,0,0,0,43,35,8,0,0,0,0,0,0
2023_09_MIA_KC,2023,9,kc,mia,0,0,0,35,23,12,0,0,0,0,0,0,10,5,5,12,10,2
2023_09_MIA_KC,2023,9,mia,kc,8,7,1,19,14,5,0,0,0,18,11,7,18,9,9,0,0,0
2023_09_MIN_ATL,2023,9,atl,min,0,0,0,35,24,11,0,0,0,0,0,0,33,18,15,0,0,0
2023_09_MIN_ATL,2023,9,min,atl,0,0,0,31,20,11,0,0,0,0,0,0,42,28,14,0,0,0
2023_09_NYG_LV,2023,9,lv,nyg,0,0,0,21,7,14,9,3,6,0,0,0,0,0,0,30,15,15
2023_09_NYG_LV,2023,9,nyg,lv,4,2,2,25,15,10,0,0,0,33,25,8,0,0,0,0,0,0
2023_09_SEA_BAL,2023,9,bal,sea,0,0,0,33,16,17,4,4,0,0,0,0,0,0,0,36,17,19
2023_09_SEA_BAL,2023,9,sea,bal,9,7,2,20,12,8,0,0,0,19,15,4,0,0,0,0,0,0
2023_09_TB_HOU,2023,9,hou,tb,9,8,1,25,19,6,0,0,0,1,1,0,32,21,11,0,0,0
2023_09_TB_HOU,2023,9,tb,hou,0,0,0,31,15,16,0,0,0,0,0,0,35,22,13,0,0,0
2023_09_TEN_PIT,2023,9,pit,ten,0,0,0,27,17,10,0,0,0,0,0,0,36,17,19,0,0,0
2023_09_TEN_PIT,2023,9,ten,pit,0,0,0,39,24,15,0,0,0,0,0,0,34,24,10,0,0,0
2023_09_WAS_NE,2023,9,ne,wsh,6,4,2,16,11,5,0,0,0,0,0,0,41,32,9,0,0,0
2023_09_WAS_NE,2023,9,wsh,ne,0,0,0,43,32,11,2,0,2,0,0,0,32,20,12,0,0,0
2023_10_ATL_ARI,2023,10,ari,atl,0,0,0,33,21,12,0,0,0,0,0,0,30,18,12,0,0,0
2023_10_ATL_ARI,2023,10,atl,ari,0,0,0,31,13,18,0,0,0,0,0,0,38,18,20,0,0,0
2023_10_CAR_CHI,2023,10,car,chi,0,0,0,25,18,7,0,0,0,0,0,0,35,29,6,0,0,0
2023_10_CAR_CHI,2023,10,chi,car,0,0,0,43,27,16,0,0,0,0,0,0,28,12,16,0,0,0
2023_10_CLE_BAL,2023,10,bal,cle,0,0,0,7,5,2,20,13,7,0,0,0,27,16,11,0,0,0
2023_10_CLE_BAL,2023,10,cle,bal,29,19,10,13,10,3,0,0,0,24,14,10,10,5,5,0,0,0
2023_10_DEN_BUF,2023,10,buf,den,8,3,5,19,13,6,0,0,0,0,0,0,26,12,14,0,0,0
2023_10_DEN_BUF,2023,10,den,buf,0,0,0,37,19,18,0,0,0,0,0,0,35,22,13,0,0,0
2023_10_DET_LAC,2023,10,det,lac,0,0,0,36,17,19,0,0,0,0,0,0,27,18,9,0,0,0
2023_10_DET_LAC,2023,10,lac,det,20,13,7,15,11,4,0,0,0,0,0,0,37,21,16,0,0,0
2023_10_GB_PIT,2023,10,gb,pit,8,5,3,18,11,7,0,0,0,0,0,0,41,29,12,0,0,0
2023_10_GB_PIT,2023,10,pit,gb,0,0,0,38,19,19,0,0,0,0,0,0,27,11,16,0,0,0
2023_10_HOU_CIN,2023,10,cin,hou,0,0,0,27,21,6,0,0,0,28,23,5,8,7,1,0,0,0
2023_10_HOU_CIN,2023,10,hou,cin,0,0,0,36,22,14,0,0,0,0,0,0,27,15,12,12,5,7
2023_10_IND_NE,2023,10,ind,ne,0,0,0,34,19,15,0,0,0,0,0,0,22,12,10,0,0,0
2023_10_IND_NE,2023,10,ne,ind,0,0,0,30,17,13,0,0,0,0,0,0,39,17,22,0,0,0
2023_10_NO_MIN,2023,10,min,no,0,0,0,33,23,10,7,6,1,0,0,0,17,6,11,16,9,7
2023_10_NO_MIN,2023,10,no,min,5,4,1,20,12,8,0,0,0,26,21,5,14,13,1,0,0,0
2023_10_NYG_DAL,2023,10,dal,nyg,0,0,0,29,16,13,14,11,3,0,0,0,0,0,0,34,20,14
2023_10_NYG_DAL,2023,10,nyg,dal,6,5,1,15,8,7,0,0,0,35,26,9,0,0,0,0,0,0
2023_10_NYJ_LV,2023,10,lv,nyj,0,0,0,32,20,12,0,0,0,0,0,0,32,12,20,0,0,0
2023_10_NYJ_LV,2023,10,nyj,lv,0,0,0,34,17,17,0,0,0,0,0,0,32,30,2,0,0,0
2023_10_SF_JAX,2023,10,jax,sf,24,14,10,6,5,1,0,0,0,27,23,4,0,0,0,0,0,0
2023_10_SF_JAX,2023,10,sf,jax,0,0,0,23,14,9,8,6,2,0,0,0,0,0,0,28,12,16
2023_10_TEN_TB,2023,10,tb,ten,0,0,0,26,17,9,0,0,0,0,0,0,18,11,7,20,9,11
2023_10_TEN_TB,2023,10,ten,tb,0,0,0,28,17,11,0,0,0,28,25,3,7,5,2,0,0,0
2023_10_WAS_SEA,2023,10,sea,wsh,0,0,0,44,32,12,0,0,0,0,0,0,35,22,13,0,0,0
2023_10_WAS_SEA,2023,10,wsh,sea,0,0,0,27,22,5,0,0,0,0,0,0,34,25,9,0,0,0
2023_11_ARI_HOU,2023,11,ari,hou,3,3,0,22,14,8,0,0,0,12,5,7,23,17,6,0,0,0
2023_11_ARI_HOU,2023,11,hou,ari,0,0,0,42,25,17,0,0,0,0,0,0,15,11,4,9,6,3
2023_11_CHI_DET,2023,11,chi,det,0,0,0,36,19,17,0,0,0,0,0,0,24,10,14,14,4,10
2023_11_CHI_DET,2023,11,det,chi,0,0,0,31,20,11,0,0,0,9,8,1,20,11,9,0,0,0
2023_11_CIN_BAL,2023,11,bal,cin,0,0,0,37,28,9,0,0,0,0,0,0,9,3,6,19,6,13
2023_11_CIN_BAL,2023,11,cin,bal,1,0,1,32,24,8,0,0,0,28,19,9,0,0,0,0,0,0
2023_11_DAL_CAR,2023,11,car,dal,12,5,7,15,9,6,0,0,0,31,23,8,0,0,0,0,0,0
2023_11_DAL_CAR,2023,11,dal,car,0,0,0,37,27,10,5,3,2,0,0,0,8,5,3,19,10,9
2023_11_LAC_GB,2023,11,gb,lac,0,0,0,40,25,15,0,0,0,0,0,0,31,20,11,0,0,0
2023_11_LAC_GB,2023,11,lac,gb,0,0,0,24,16,8,0,0,0,0,0,0,39,30,9,0,0,0
2023_11_LV_MIA,2023,11,lv,mia,0,0,0,25,15,10,0,0,0,0,0,0,36,29,7,0,0,0
2023_11_LV_MIA,2023,11,mia,lv,0,0,0,36,24,12,0,0,0,0,0,0,33,18,15,0,0,0
2023_11_MIN_DEN,2023,11,den,min,0,0,0,23,18,5,0,0,0,0,0,0,30,20,10,0,0,0
2023_11_MIN_DEN,2023,11,min,den,0,0,0,35,16,19,0,0,0,0,0,0,40,25,15,0,0,0
2023_11_NYG_WAS,2023,11,nyg,wsh,0,0,0,33,25,8,0,0,0,0,0,0,16,12,4,6,0,6
2023_11_NYG_WAS,2023,11,wsh,nyg,12,6,6,23,16,7,0,0,0,20,16,4,26,17,9,0,0,0
2023_11_NYJ_BUF,2023,11,buf,nyj,0,0,0,27,19,8,21,12,9,0,0,0,0,0,0,26,8,18
2023_11_NYJ_BUF,2023,11,nyj,buf,18,16,2,9,5,4,0,0,0,30,21,9,0,0,0,0,0,0
2023_11_PHI_KC,2023,11,kc,phi,0,0,0,37,22,15,0,0,0,0,0,0,33,26,7,8,4,4
2023_11_PHI_KC,2023,11,phi,kc,0,0,0,24,13,11,0,0,0,13,6,7,16,11,5,0,0,0
2023_11_PIT_CLE,2023,11,cle,pit,0,0,0,37,19,18,0,0,0,0,0,0,36,26,10,0,0,0
2023_11_PIT_CLE,2023,11,pit,cle,0,0,0,21,12,9,0,0,0,2,0,2,34,22,12,0,0,0
2023_11_SEA_LA,2023,11,lar,sea,12,8,4,13,9,4,0,0,0,23,14,9,18,10,8,0,0,0
2023_11_SEA_LA,2023,11,sea,lar,0,0,0,29,16,13,5,3,2,0,0,0,19,16,3,10,7,3
2023_11_TB_SF,2023,11,sf,tb,0,0,0,33,22,11,0,0,0,0,0,0,3,2,1,22,8,14
2023_11_TB_SF,2023,11,tb,sf,11,7,4,14,8,6,0,0,0,40,35,5,5,3,2,0,0,0
2023_11_TEN_JAX,2023,11,jax,ten,0,0,0,26,13,13,10,9,1,0,0,0,0,0,0,35,15,20
2023_11_TEN_JAX,2023,11,ten,jax,3,3,0,20,10,10,0,0,0,15,9,6,0,0,0,0,0,0
2023_12_BAL_LAC,2023,12,bal,lac,0,0,0,38,24,14,0,0,0,0,0,0,19,6,13,12,8,4
2023_12_BAL_LAC,2023,12,lac,bal,0,0,0,26,17,9,0,0,0,34,29,5,6,5,1,0,0,0
2023_12_BUF_PHI,2023,12,buf,phi,0,0,0,51,36,15,0,0,0,0,0,0,36,17,19,7,6,1
2023_12_BUF_PHI,2023,12,phi,buf,0,0,0,26,15,11,0,0,0,16,8,8,23,16,7,0,0,0
2023_12_CAR_TEN,2023,12,car,ten,6,6,0,26,13,13,0,0,0,13,6,7,29,19,10,0,0,0
2023_12_CAR_TEN,2023,12,ten,car,0,0,0,24,14,10,6,4,2,0,0,0,19,10,9,0,0,0
2023_12_CHI_MIN,2023,12,chi,min,0,0,0,33,26,7,0,0,0,0,0,0,32,18,14,0,0,0
2023_12_CHI_MIN,2023,12,min,chi,0,0,0,25,19,6,0,0,0,0,0,0,30,21,9,0,0,0
2023_12_CLE_DEN,2023,12,cle,den,22,13,9,12,8,4,0,0,0,18,17,1,19,11,8,0,0,0
2023_12_CLE_DEN,2023,12,den,cle,0,0,0,29,12,17,6,5,1,0,0,0,16,7,9,12,4,8
2023_12_GB_DET,2023,12,det,gb,25,17,8,11,6,5,0,0,0,47,31,16,0,0,0,0,0,0
2023_12_GB_DET,2023,12,gb,det,0,0,0,15,9,6,18,12,6,0,0,0,0,0,0,21,13,8
2023_12_JAX_HOU,2023,12,hou,jax,5,4,1,24,18,6,0,0,0,10,8,2,21,17,4,0,0,0
2023_12_JAX_HOU,2023,12,jax,hou,0,0,0,34,17,17,0,0,0,0,0,0,35,23,12,5,2,3
2023_12_KC_LV,2023,12,kc,lv,12,8,4,15,12,3,0,0,0,0,0,0,20,12,8,11,6,5
2023_12_KC_LV,2023,12,lv,kc,0,0,0,31,16,15,0,0,0,17,14,3,10,5,5,0,0,0
2023_12_LA_ARI,2023,12,ari,lar,6,4,2,23,15,8,0,0,0,41,34,7,0,0,0,0,0,0
2023_12_LA_ARI,2023,12,lar,ari,0,0,0,37,22,15,3,2,1,0,0,0,0,0,0,27,10,17
2023_12_MIA_NYJ,2023,12,mia,nyj,0,0,0,33,20,13,6,4,2,0,0,0,0,0,0,29,9,20
2023_12_MIA_NYJ,2023,12,nyj,mia,7,5,2,13,8,5,0,0,0,38,35,3,0,0,0,0,0,0
2023_12_NE_NYG,2023,12,ne,nyg,0,0,0,35,22,13,0,0,0,0,0,0,33,15,18,0,0,0
2023_12_NE_NYG,2023,12,nyg,ne,0,0,0,31,21,10,0,0,0,0,0,0,20,12,8,0,0,0
2023_12_NO_ATL,2023,12,atl,no,0,0,0,32,15,17,0,0,0,0,0,0,29,9,20,0,0,0
2023_12_NO_ATL,2023,12,no,atl,0,0,0,38,23,15,0,0,0,15,11,4,18,9,9,0,0,0
2023_12_PIT_CIN,2023,12,cin,pit,0,0,0,19,14,5,0,0,0,4,4,0,19,15,4,0,0,0
2023_12_PIT_CIN,2023,12,pit,cin,0,0,0,38,24,14,0,0,0,0,0,0,30,16,14,0,0,0
2023_12_SF_SEA,2023,12,sea,sf,12,9,3,6,4,2,0,0,0,38,24,14,0,0,0,0,0,0
2023_12_SF_SEA,2023,12,sf,sea,0,0,0,26,15,11,17,9,8,0,0,0,0,0,0,21,10,11
2023_12_TB_IND,2023,12,ind,tb,0,0,0,34,26,8,3,2,1,0,0,0,26,14,12,9,4,5
2023_12_TB_IND,2023,12,tb,ind,6,4,2,27,15,12,0,0,0,23,18,5,4,3,1,0,0,0
2023_12_WAS_DAL,2023,12,dal,wsh,0,0,0,28,20,8,0,0,0,0,0,0,0,0,0,25,14,11
2023_12_WAS_DAL,2023,12,wsh,dal,19,13,6,22,15,7,0,0,0,37,24,13,0,0,0,0,0,0
2023_13_ARI_PIT,2023,13,ari,pit,0,0,0,33,19,14,0,0,0,0,0,0,11,5,6,20,6,14
2023_13_ARI_PIT,2023,13,pit,ari,0,0,0,31,13,18,0,0,0,21,15,6,8,3,5,0,0,0
2023_13_ATL_NYJ,2023,13,atl,nyj,0,0,0,36,20,16,0,0,0,0,0,0,31,13,18,0,0,0
2023_13_ATL_NYJ,2023,13,nyj,atl,0,0,0,32,16,16,0,0,0,0,0,0,36,28,8,0,0,0
2023_13_CAR_TB,2023,13,car,tb,0,0,0,34,17,17,0,0,0,11,5,6,26,15,11,0,0,0
2023_13_CAR_TB,2023,13,tb,car,0,0,0,35,20,15,0,0,0,0,0,0,25,14,11,0,0,0
2023_13_CIN_JAX,2023,13,cin,jax,0,0,0,35,21,14,0,0,0,0,0,0,38,22,16,0,0,0
2023_13_CIN_JAX,2023,13,jax,cin,0,0,0,24,15,9,0,0,0,0,0,0,45,32,13,0,0,0
2023_13_CLE_LA,2023,13,cle,lar,0,0,0,34,22,12,0,0,0,4,4,0,33,22,11,0,0,0
2023_13_CLE_LA,2023,13,lar,cle,0,0,0,37,27,10,0,0,0,0,0,0,25,11,14,0,0,0
2023_13_DEN_HOU,2023,13,den,hou,21,11,10,6,4,2,0,0,0,14,7,7,18,14,4,0,0,0
2023_13_DEN_HOU,2023,13,hou,den,0,0,0,18,8,10,17,11,6,0,0,0,21,13,8,10,5,5
2023_13_DET_NO,2023,13,det,no,0,0,0,10,3,7,24,13,11,0,0,0,18,9,9,3,2,1
2023_13_DET_NO,2023,13,no,det,27,13,14,1,1,0,0,0,0,29,13,16,9,4,5,0,0,0
2023_13_IND_TEN,2023,13,ind,ten,8,6,2,24,18,6,0,0,0,0,0,0,37,24,13,0,0,0
2023_13_IND_TEN,2023,13,ten,ind,0,0,0,42,19,23,0,0,0,0,0,0,43,25,18,0,0,0
2023_13_KC_GB,2023,13,gb,kc,0,0,0,29,16,13,0,0,0,0,0,0,35,24,11,0,0,0
2023_13_KC_GB,2023,13,kc,gb,14,9,5,13,9,4,0,0,0,12,5,7,27,21,6,0,0,0
2023_13_LAC_NE,2023,13,lac,ne,0,0,0,30,19,11,0,0,0,0,0,0,29,19,10,0,0,0
2023_13_LAC_NE,2023,13,ne,lac,0,0,0,31,14,17,0,0,0,0,0,0,32,20,12,0,0,0
2023_13_MIA_WAS,2023,13,mia,wsh,0,0,0,10,7,3,20,9,11,0,0,0,0,0,0,31,10,21
2023_13_MIA_WAS,2023,13,wsh,mia,22,12,10,11,8,3,0,0,0,21,9,12,0,0,0,0,0,0
2023_13_SEA_DAL,2023,13,dal,sea,0,0,0,47,31,16,0,0,0,0,0,0,39,24,15,0,0,0
2023_13_SEA_DAL,2023,13,sea,dal,9,6,3,21,15,6,0,0,0,0,0,0,38,26,12,0,0,0
2023_13_SF_PHI,2023,13,phi,sf,0,0,0,33,26,7,0,0,0,38,32,6,0,0,0,0,0,0
2023_13_SF_PHI,2023,13,sf,phi,0,0,0,29,19,10,0,0,0,0,0,0,12,7,5,17,6,11
2023_14_BUF_KC,2023,14,buf,kc,0,0,0,30,22,8,8,6,2,0,0,0,36,23,13,0,0,0
2023_14_BUF_KC,2023,14,kc,buf,19,14,5,16,9,7,0,0,0,9,5,4,22,19,3,0,0,0
2023_14_CAR_NO,2023,14,car,no,14,10,4,26,10,16,0,0,0,26,20,6,15,5,10,0,0,0
2023_14_CAR_NO,2023,14,no,car,0,0,0,25,11,14,4,4,0,0,0,0,11,7,4,10,5,5
2023_14_DEN_LAC,2023,14,den,lac,0,0,0,35,23,12,0,0,0,0,0,0,0,0,0,29,14,15
2023_14_DEN_LAC,2023,14,lac,den,0,0,0,34,25,9,0,0,0,34,24,10,0,0,0,0,0,0
2023_14_DET_CHI,2023,14,chi,det,0,0,0,23,14,9,5,1,4,0,0,0,28,23,5,12,6,6
2023_14_DET_CHI,2023,14,det,chi,15,8,7,18,10,8,0,0,0,21,17,4,11,6,5,0,0,0
2023_14_GB_NYG,2023,14,gb,nyg,0,0,0,34,21,13,0,0,0,0,0,0,33,22,11,0,0,0
2023_14_GB_NYG,2023,14,nyg,gb,0,0,0,26,15,11,0,0,0,0,0,0,29,13,16,0,0,0
2023_14_HOU_NYJ,2023,14,hou,nyj,0,0,0,31,18,13,0,0,0,22,17,5,3,2,1,0,0,0
2023_14_HOU_NYJ,2023,14,nyj,hou,0,0,0,27,17,10,0,0,0,0,0,0,26,20,6,14,7,7
2023_14_IND_CIN,2023,14,cin,ind,0,0,0,26,15,11,0,0,0,0,0,0,17,9,8,17,6,11
2023_14_IND_CIN,2023,14,ind,cin,17,9,8,19,15,4,0,0,0,21,16,5,5,4,1,0,0,0
2023_14_JAX_CLE,2023,14,cle,jax,0,0,0,34,26,8,6,3,3,0,0,0,31,16,15,2,2,0
2023_14_JAX_CLE,2023,14,jax,cle,9,4,5,26,20,6,0,0,0,28,23,5,11,10,1,0,0,0
2023_14_LA_BAL,2023,14,bal,lar,0,0,0,30,24,6,0,0,0,0,0,0,40,29,11,0,0,0
2023_14_LA_BAL,2023,14,lar,bal,0,0,0,40,22,18,0,0,0,0,0,0,35,24,11,0,0,0
2023_14_MIN_LV,2023,14,lv,min,0,0,0,31,21,10,0,0,0,0,0,0,23,15,8,0,0,0
2023_14_MIN_LV,2023,14,min,lv,0,0,0,30,18,12,0,0,0,0,0,0,42,29,13,0,0,0
2023_14_NE_PIT,2023,14,ne,pit,0,0,0,19,14,5,15,10,5,0,0,0,11,3,8,12,7,5
2023_14_NE_PIT,2023,14,pit,ne,15,8,7,15,9,6,0,0,0,23,14,9,15,14,1,0,0,0
2023_14_PHI_DAL,2023,14,dal,phi,0,0,0,37,19,18,9,9,0,0,0,0,0,0,0,36,21,15
2023_14_PHI_DAL,2023,14,phi,dal,19,11,8,10,6,4,0,0,0,26,14,12,0,0,0,0,0,0
2023_14_SEA_SF,2023,14,sea,sf,0,0,0,30,19,11,0,0,0,19,16,3,9,6,3,0,0,0
2023_14_SEA_SF,2023,14,sf,sea,0,0,0,24,17,7,0,0,0,0,0,0,16,9,7,14,5,9
2023_14_TB_ATL,2023,14,atl,tb,0,0,0,32,22,10,0,0,0,16,8,8,22,16,6,0,0,0
2023_14_TB_ATL,2023,14,tb,atl,0,0,0,28,14,14,0,0,0,0,0,0,37,17,20,3,1,2
2023_14_TEN_MIA,2023,14,mia,ten,0,0,0,30,16,14,0,0,0,0,0,0,42,26,16,0,0,0
2023_14_TEN_MIA,2023,14,ten,mia,0,0,0,34,19,15,0,0,0,9,9,0,26,14,12,0,0,0
2023_15_ATL_CAR,2023,15,atl,car,0,0,0,30,12,18,0,0,0,0,0,0,21,10,11,0,0,0
2023_15_ATL_CAR,2023,15,car,atl,0,0,0,28,15,13,0,0,0,0,0,0,35,16,19,0,0,0
2023_15_BAL_JAX,2023,15,bal,jax,0,0,0,29,19,10,0,0,0,0,0,0,12,4,8,29,8,21
2023_15_BAL_JAX,2023,15,jax,bal,6,6,0,29,19,10,0,0,0,24,22,2,3,2,1,0,0,0
2023_15_CHI_CLE,2023,15,chi,cle,0,0,0,34,23,11,0,0,0,0,0,0,28,18,10,10,5,5
2023_15_CHI_CLE,2023,15,cle,chi,0,0,0,35,26,9,0,0,0,13,12,1,21,13,8,0,0,0
2023_15_DAL_BUF,2023,15,buf,dal,0,0,0,27,12,15,12,4,8,0,0,0,0,0,0,25,5,20
2023_15_DAL_BUF,2023,15,dal,buf,15,9,6,11,7,4,0,0,0,31,25,6,0,0,0,0,0,0
2023_15_DEN_DET,2023,15,den,det,7,3,4,16,9,7,0,0,0,40,24,16,0,0,0,0,0,0
2023_15_DEN_DET,2023,15,det,den,0,0,0,29,21,8,11,6,5,0,0,0,0,0,0,26,10,16
2023_15_HOU_TEN,2023,15,hou,ten,19,8,11,14,10,4,0,0,0,10,4,6,34,22,12,0,0,0
2023_15_HOU_TEN,2023,15,ten,hou,0,0,0,17,8,9,6,4,2,0,0,0,35,21,14,5,3,2
2023_15_KC_NE,2023,15,kc,ne,0,0,0,26,20,6,0,0,0,0,0,0,13,11,2,23,14,9
2023_15_KC_NE,2023,15,ne,kc,0,0,0,31,23,8,0,0,0,21,13,8,1,1,0,0,0,0
2023_15_LAC_LV,2023,15,lac,lv,22,12,10,7,5,2,0,0,0,36,20,16,0,0,0,0,0,0
2023_15_LAC_LV,2023,15,lv,lac,0,0,0,17,11,6,23,14,9,0,0,0,0,0,0,24,13,11
2023_15_MIN_CIN,2023,15,cin,min,0,0,0,28,19,9,0,0,0,12,9,3,28,20,8,0,0,0
2023_15_MIN_CIN,2023,15,min,cin,0,0,0,34,20,14,0,0,0,0,0,0,27,15,12,7,5,2
2023_15_NYG_NO,2023,15,no,nyg,0,0,0,25,15,10,0,0,0,0,0,0,16,10,6,18,7,11
2023_15_NYG_NO,2023,15,nyg,no,0,0,0,34,25,9,0,0,0,23,20,3,4,1,3,0,0,0
2023_15_NYJ_MIA,2023,15,mia,nyj,0,0,0,18,10,8,15,9,6,0,0,0,0,0,0,26,11,15
2023_15_NYJ_MIA,2023,15,nyj,mia,17,14,3,11,7,4,0,0,0,31,25,6,0,0,0,0,0,0
2023_15_PHI_SEA,2023,15,phi,sea,0,0,0,40,19,21,0,0,0,0,0,0,29,18,11,0,0,0
2023_15_PHI_SEA,2023,15,sea,phi,12,7,5,12,8,4,0,0,0,0,0,0,36,22,14,0,0,0
2023_15_PIT_IND,2023,15,ind,pit,7,6,1,30,21,9,0,0,0,0,0,0,8,6,2,21,1,20
2023_15_PIT_IND,2023,15,pit,ind,0,0,0,30,16,14,0,0,0,24,16,8,4,2,2,0,0,0
2023_15_SF_ARI,2023,15,ari,sf,0,0,0,34,16,18,0,0,0,39,30,9,0,0,0,0,0,0
2023_15_SF_ARI,2023,15,sf,ari,0,0,0,27,18,9,0,0,0,0,0,0,4,3,1,22,7,15
2023_15_TB_GB,2023,15,gb,tb,0,0,0,26,16,10,0,0,0,30,25,5,3,2,1,0,0,0
2023_15_TB_GB,2023,15,tb,gb,0,0,0,30,18,12,0,0,0,0,0,0,24,17,7,6,0,6
2023_15_WAS_LA,2023,15,lar,wsh,0,0,0,32,15,17,10,9,1,0,0,0,5,0,5,27,14,13
2023_15_WAS_LA,2023,15,wsh,lar,7,6,1,20,14,6,0,0,0,34,24,10,0,0,0,0,0,0
2023_16_ARI_CHI,2023,16,ari,chi,18,12,6,12,6,6,0,0,0,23,18,5,7,6,1,0,0,0
2023_16_ARI_CHI,2023,16,chi,ari,0,0,0,22,12,10,15,11,4,0,0,0,9,2,7,24,11,13
2023_16_BAL_SF,2023,16,bal,sf,0,0,0,43,35,8,0,0,0,0,0,0,3,2,1,21,7,14
2023_16_BAL_SF,2023,16,sf,bal,0,0,0,28,17,11,0,0,0,39,34,5,3,2,1,0,0,0
2023_16_BUF_LAC,2023,16,buf,lac,7,4,3,18,8,10,0,0,0,0,0,0,30,14,16,0,0,0
2023_16_BUF_LAC,2023,16,lac,buf,0,0,0,32,15,17,3,2,1,0,0,0,35,26,9,0,0,0
2023_16_CIN_PIT,2023,16,cin,pit,15,11,4,16,12,4,0,0,0,32,24,8,0,0,0,0,0,0
2023_16_CIN_PIT,2023,16,pit,cin,0,0,0,12,5,7,21,16,5,0,0,0,0,0,0,26,9,17
2023_16_CLE_HOU,2023,16,cle,hou,0,0,0,27,18,9,6,5,1,0,0,0,0,0,0,45,25,20
2023_16_CLE_HOU,2023,16,hou,cle,9,6,3,24,15,9,0,0,0,41,38,3,0,0,0,0,0,0
2023_16_DAL_MIA,2023,16,dal,mia,0,0,0,28,15,13,0,0,0,16,12,4,21,16,5,0,0,0
2023_16_DAL_MIA,2023,16,mia,dal,0,0,0,35,23,12,0,0,0,0,0,0,28,16,12,0,0,0
2023_16_DET_MIN,2023,16,det,min,0,0,0,39,23,16,0,0,0,0,0,0,35,18,17,3,2,1
2023_16_DET_MIN,2023,16,min,det,7,7,0,21,15,6,0,0,0,10,9,1,15,12,3,0,0,0
2023_16_GB_CAR,2023,16,car,gb,11,6,5,17,11,6,0,0,0,28,16,12,8,7,1,0,0,0
2023_16_GB_CAR,2023,16,gb,car,0,0,0,36,19,17,4,4,0,0,0,0,20,6,14,6,4,2
2023_16_IND_ATL,2023,16,atl,ind,0,0,0,31,23,8,0,0,0,0,0,0,8,2,6,24,9,15
2023_16_IND_ATL,2023,16,ind,atl,0,0,0,36,24,12,0,0,0,34,25,9,0,0,0,0,0,0
2023_16_JAX_TB,2023,16,jax,tb,17,13,4,7,4,3,0,0,0,40,38,2,0,0,0,0,0,0
2023_16_JAX_TB,2023,16,tb,jax,0,0,0,24,14,10,16,13,3,0,0,0,0,0,0,31,13,18
2023_16_LV_KC,2023,16,kc,lv,13,12,1,24,16,8,0,0,0,39,32,7,0,0,0,0,0,0
2023_16_LV_KC,2023,16,lv,kc,0,0,0,25,16,9,0,0,0,0,0,0,3,0,3,21,8,13
2023_16_NE_DEN,2023,16,den,ne,0,0,0,28,15,13,0,0,0,12,6,6,26,23,3,0,0,0
2023_16_NE_DEN,2023,16,ne,den,0,0,0,29,16,13,0,0,0,0,0,0,25,19,6,3,1,2
2023_16_NO_LA,2023,16,lar,no,0,0,0,29,18,11,8,6,2,0,0,0,4,0,4,28,12,16
2023_16_NO_LA,2023,16,no,lar,9,6,3,22,16,6,0,0,0,27,21,6,0,0,0,0,0,0
2023_16_NYG_PHI,2023,16,nyg,phi,16,7,9,15,10,5,0,0,0,20,10,10,8,8,0,0,0,0
2023_16_NYG_PHI,2023,16,phi,nyg,0,0,0,22,12,10,13,10,3,0,0,0,17,7,10,24,14,10
2023_16_SEA_TEN,2023,16,sea,ten,0,0,0,27,19,8,0,0,0,0,0,0,35,24,11,0,0,0
2023_16_SEA_TEN,2023,16,ten,sea,0,0,0,35,22,13,0,0,0,0,0,0,30,14,16,0,0,0
2023_16_WAS_NYJ,2023,16,nyj,wsh,0,0,0,7,6,1,45,24,21,0,0,0,20,17,3,18,8,10
2023_16_WAS_NYJ,2023,16,wsh,nyj,21,14,7,5,4,1,0,0,0,24,18,6,11,4,7,0,0,0
2023_17_ARI_PHI,2023,17,ari,phi,19,8,11,21,13,8,0,0,0,10,4,6,25,11,14,0,0,0
2023_17_ARI_PHI,2023,17,phi,ari,0,0,0,22,14,8,0,0,0,0,0,0,27,11,16,0,0,0
2023_17_ATL_CHI,2023,17,atl,chi,7,5,2,17,10,7,0,0,0,35,24,11,0,0,0,0,0,0
2023_17_ATL_CHI,2023,17,chi,atl,0,0,0,30,16,14,6,4,2,0,0,0,0,0,0,38,20,18
2023_17_CAR_JAX,2023,17,car,jax,6,4,2,20,14,6,0,0,0,28,21,7,0,0,0,0,0,0
2023_17_CAR_JAX,2023,17,jax,car,0,0,0,33,21,12,3,3,0,0,0,0,0,0,0,23,5,18
2023_17_CIN_KC,2023,17,cin,kc,0,0,0,43,24,19,0,0,0,0,0,0,31,23,8,0,0,0
2023_17_CIN_KC,2023,17,kc,cin,5,4,1,14,10,4,0,0,0,0,0,0,33,20,13,0,0,0
2023_17_DET_DAL,2023,17,dal,det,0,0,0,28,20,8,0,0,0,0,0,0,36,23,13,0,0,0
2023_17_DET_DAL,2023,17,det,dal,0,0,0,34,17,17,0,0,0,0,0,0,32,18,14,0,0,0
2023_17_GB_MIN,2023,17,gb,min,0,0,0,26,14,12,15,7,8,0,0,0,0,0,0,31,13,18
2023_17_GB_MIN,2023,17,min,gb,18,11,7,5,3,2,0,0,0,29,25,4,0,0,0,0,0,0
2023_17_LA_NYG,2023,17,lar,nyg,0,0,0,36,25,11,0,0,0,0,0,0,22,12,10,3,2,1
2023_17_LA_NYG,2023,17,nyg,lar,0,0,0,28,21,7,0,0,0,9,5,4,35,27,8,0,0,0
2023_17_LAC_DEN,2023,17,den,lac,0,0,0,36,22,14,3,3,0,0,0,0,15,8,7,13,5,8
2023_17_LAC_DEN,2023,17,lac,den,8,6,2,25,14,11,0,0,0,27,18,9,5,2,3,0,0,0
2023_17_LV_IND,2023,17,ind,lv,0,0,0,25,16,9,3,0,3,0,0,0,27,11,16,0,0,0
2023_17_LV_IND,2023,17,lv,ind,6,5,1,27,18,9,0,0,0,34,22,12,8,5,3,0,0,0
2023_17_MIA_BAL,2023,17,bal,mia,0,0,0,28,19,9,0,0,0,0,0,0,0,0,0,27,8,19
2023_17_MIA_BAL,2023,17,mia,bal,7,7,0,32,21,11,0,0,0,29,17,12,0,0,0,0,0,0
2023_17_NE_BUF,2023,17,buf,ne,0,0,0,37,24,13,0,0,0,0,0,0,24,9,15,6,2,4
2023_17_NE_BUF,2023,17,ne,buf,6,4,2,25,16,9,0,0,0,18,9,9,3,2,1,0,0,0
2023_17_NO_TB,2023,17,no,tb,0,0,0,32,17,15,6,6,0,0,0,0,0,0,0,29,12,17
2023_17_NO_TB,2023,17,tb,no,3,3,0,18,11,7,0,0,0,33,25,8,0,0,0,0,0,0
2023_17_NYJ_CLE,2023,17,cle,nyj,0,0,0,19,12,7,21,12,9,0,0,0,0,0,0,20,8,12
2023_17_NYJ_CLE,2023,17,nyj,cle,16,14,2,9,4,5,0,0,0,46,34,12,0,0,0,0,0,0
2023_17_PIT_SEA,2023,17,pit,sea,0,0,0,39,16,23,0,0,0,0,0,0,32,11,21,0,0,0
2023_17_PIT_SEA,2023,17,sea,pit,0,0,0,21,14,7,0,0,0,10,10,0,18,13,5,0,0,0
2023_17_SF_WAS,2023,17,sf,wsh,0,0,0,34,18,16,0,0,0,0,0,0,13,4,9,21,9,12
2023_17_SF_WAS,2023,17,wsh,sf,8,4,4,14,10,4,0,0,0,21,16,5,3,2,1,0,0,0
2023_17_TEN_HOU,2023,17,hou,ten,0,0,0,25,15,10,9,6,3,0,0,0,0,0,0,27,13,14
2023_17_TEN_HOU,2023,17,ten,hou,13,10,3,12,6,6,0,0,0,29,17,12,0,0,0,0,0,0
2023_18_ATL_NO,2023,18,atl,no,0,0,0,25,16,9,0,0,0,30,17,13,6,3,3,0,0,0
2023_18_ATL_NO,2023,18,no,atl,0,0,0,40,20,20,0,0,0,0,0,0,7,3,4,20,9,11
2023_18_BUF_MIA,2023,18,buf,mia,0,0,0,35,25,10,0,0,0,0,0,0,41,21,20,0,0,0
2023_18_BUF_MIA,2023,18,mia,buf,0,0,0,33,15,18,0,0,0,0,0,0,19,16,3,0,0,0
2023_18_CHI_GB,2023,18,chi,gb,0,0,0,24,13,11,0,0,0,0,0,0,23,11,12,0,0,0
2023_18_CHI_GB,2023,18,gb,chi,0,0,0,29,20,9,0,0,0,0,0,0,29,14,15,0,0,0
2023_18_CLE_CIN,2023,18,cin,cle,0,0,0,17,8,9,17,12,5,0,0,0,0,0,0,29,15,14
2023_18_CLE_CIN,2023,18,cle,cin,16,9,7,9,5,4,0,0,0,27,18,9,0,0,0,0,0,0
2023_18_DAL_WAS,2023,18,dal,wsh,0,0,0,35,21,14,0,0,0,0,0,0,0,0,0,37,21,16
2023_18_DAL_WAS,2023,18,wsh,dal,0,0,0,33,24,9,0,0,0,15,9,6,0,0,0,0,0,0
2023_18_DEN_LV,2023,18,den,lv,0,0,0,30,22,8,0,0,0,30,20,10,0,0,0,0,0,0
2023_18_DEN_LV,2023,18,lv,den,0,0,0,37,24,13,0,0,0,0,0,0,0,0,0,26,11,15
2023_18_HOU_IND,2023,18,hou,ind,0,0,0,29,14,15,0,0,0,0,0,0,28,17,11,0,0,0
2023_18_HOU_IND,2023,18,ind,hou,7,5,2,27,14,13,0,0,0,0,0,0,31,9,22,0,0,0
2023_18_JAX_TEN,2023,18,jax,ten,8,6,2,25,15,10,0,0,0,23,16,7,15,11,4,0,0,0
2023_18_JAX_TEN,2023,18,ten,jax,0,0,0,27,15,12,6,5,1,0,0,0,17,9,8,3,1,2
2023_18_KC_LAC,2023,18,kc,lac,0,0,0,32,21,11,0,0,0,0,0,0,26,14,12,0,0,0
2023_18_KC_LAC,2023,18,lac,kc,5,5,0,38,29,9,0,0,0,0,0,0,40,25,15,0,0,0
2023_18_LA_SF,2023,18,lar,sf,4,4,0,19,12,7,0,0,0,18,8,10,24,10,14,0,0,0
2023_18_LA_SF,2023,18,sf,lar,0,0,0,45,21,24,0,0,0,0,0,0,15,11,4,0,0,0
2023_18_MIN_DET,2023,18,det,min,0,0,0,15,9,6,11,6,5,0,0,0,21,13,8,10,6,4
2023_18_MIN_DET,2023,18,min,det,28,20,8,9,5,4,0,0,0,28,21,7,8,5,3,0,0,0
2023_18_NYJ_NE,2023,18,ne,nyj,0,0,0,28,17,11,0,0,0,6,6,0,24,16,8,0,0,0
2023_18_NYJ_NE,2023,18,nyj,ne,0,0,0,34,14,20,0,0,0,0,0,0,29,8,21,1,0,1
2023_18_PHI_NYG,2023,18,nyg,phi,0,0,0,24,14,10,14,10,4,0,0,0,0,0,0,29,18,11
2023_18_PHI_NYG,2023,18,phi,nyg,13,9,4,19,12,7,0,0,0,33,22,11,0,0,0,0,0,0
2023_18_PIT_BAL,2023,18,bal,pit,0,0,0,21,14,7,0,0,0,11,10,1,24,14,10,0,0,0
2023_18_PIT_BAL,2023,18,pit,bal,0,0,0,36,18,18,0,0,0,0,0,0,25,5,20,0,0,0
2023_18_SEA_ARI,2023,18,ari,sea,0,0,0,29,15,14,0,0,0,0,0,0,41,17,24,0,0,0
2023_18_SEA_ARI,2023,18,sea,ari,0,0,0,34,19,15,0,0,0,0,0,0,20,12,8,0,0,0
2023_18_TB_CAR,2023,18,car,tb,0,0,0,25,13,12,0,0,0,9,4,5,18,7,11,0,0,0
2023_18_TB_CAR,2023,18,tb,car,0,0,0,40,29,11,0,0,0,0,0,0,13,8,5,9,1,8
