outcome,model,train_n,validation_n,train_r2,validation_rmse,validation_mae,validation_constant_rmse,coefficients
actual_hit_rate,A raw protection,632,969,0.0954675152984,0.0695224198659,0.055637284195,0.0730081213539,"{""intercept"": 0.1446387643046075, ""raw_protection_z"": 0.022046163758923477}"
actual_hit_rate,B opponent adjusted,632,969,0.096189182373,0.0695387794315,0.0557364925389,0.0730081213539,"{""intercept"": 0.1447045923472534, ""adjusted_protection_z"": 0.022030873170528254}"
actual_hit_rate,C QB only,632,969,0.00394142413491,0.0727982444879,0.058316876874,0.0730081213539,"{""intercept"": 0.1440160093121559, ""qb_vulnerability_z"": -0.00954020887368066}"
actual_hit_rate,D adjusted + QB,632,969,0.0976728288473,0.0694989481503,0.0557601335473,0.0730081213539,"{""intercept"": 0.1448085267903454, ""adjusted_protection_z"": 0.02181510698651812, ""qb_vulnerability_z"": -0.005871413979786365}"
actual_hit_rate,E raw + QB,632,969,0.0967903410008,0.0694823122305,0.0556590904956,0.0730081213539,"{""intercept"": 0.14473685016530244, ""raw_protection_z"": 0.021822388078156788, ""qb_vulnerability_z"": -0.005547422508879354}"
actual_hit_rate,F adjusted + QB + rush,632,969,0.142721545405,0.0693173375835,0.0555961213635,0.0730081213539,"{""intercept"": 0.14496669805410878, ""adjusted_protection_z"": 0.02226362693873411, ""qb_vulnerability_z"": -0.008007065735457501, ""pass_rush_z"": 0.014880895301179546}"
team_sack_rate,A raw protection,632,969,0.0675535415143,0.0451022332116,0.0350476179543,0.0462034410938,"{""intercept"": 0.06255078323635256, ""raw_protection_z"": 0.011961092241106131}"
team_sack_rate,B opponent adjusted,632,969,0.063258918256,0.0451195381649,0.0351288087935,0.0462034410938,"{""intercept"": 0.06256950524799096, ""adjusted_protection_z"": 0.01152314517906251}"
team_sack_rate,C QB only,632,969,0.0153646677634,0.0460777598464,0.0360216180038,0.0462034410938,"{""intercept"": 0.06188104828070016, ""qb_vulnerability_z"": 0.01214882968284076}"
team_sack_rate,D adjusted + QB,632,969,0.0840448077118,0.0447939924583,0.034946621349,0.0462034410938,"{""intercept"": 0.06231859399174762, ""adjusted_protection_z"": 0.01204403279508448, ""qb_vulnerability_z"": 0.014174356582516714}"
team_sack_rate,E raw + QB,632,969,0.089111494253,0.0447748212837,0.0348811362145,0.0462034410938,"{""intercept"": 0.06229539528046755, ""raw_protection_z"": 0.012543741088583225, ""qb_vulnerability_z"": 0.01444392581085003}"
team_sack_rate,F adjusted + QB + rush,632,969,0.106822457699,0.0449866956893,0.0350744378054,0.0462034410938,"{""intercept"": 0.06239113480000263, ""adjusted_protection_z"": 0.01224973387553439, ""qb_vulnerability_z"": 0.013194899879563324, ""pass_rush_z"": 0.006824704734741648}"
team_sacks,A raw protection,632,969,0.0649578475007,1.74841079873,1.39449309162,1.79040893796,"{""intercept"": 2.4792050692953076, ""raw_protection_z"": 0.4702021969032695}"
team_sacks,B opponent adjusted,632,969,0.0617366689557,1.75014486267,1.39655417617,1.79040893796,"{""intercept"": 2.4800743334883983, ""adjusted_protection_z"": 0.456356049815465}"
team_sacks,C QB only,632,969,0.0136327809336,1.78774235837,1.44584484994,1.79040893796,"{""intercept"": 2.4532376483233835, ""qb_vulnerability_z"": 0.45876169372126196}"
team_sacks,D adjusted + QB,632,969,0.0804279052348,1.74031158989,1.39129805913,1.79040893796,"{""intercept"": 2.470535903098434, ""adjusted_protection_z"": 0.476157673468417, ""qb_vulnerability_z"": 0.5388403677423947}"
team_sacks,E raw + QB,632,969,0.0843261285793,1.73853657909,1.38921691396,1.79040893796,"{""intercept"": 2.4695007683425585, ""raw_protection_z"": 0.49234184615217863, ""qb_vulnerability_z"": 0.5488442182871789}"
team_sacks,F adjusted + QB + rush,632,969,0.104269917417,1.74833155214,1.39368091215,1.79040893796,"{""intercept"": 2.4735111392891245, ""adjusted_protection_z"": 0.48459443222174053, ""qb_vulnerability_z"": 0.49866828943308555, ""pass_rush_z"": 0.27991290703842625}"
team_pass_epa_db,A raw protection,632,969,0.0262808217917,0.304867654177,0.241016292009,0.308805335847,"{""intercept"": 0.03594306969871944, ""raw_protection_z"": -0.0475353915095292}"
team_pass_epa_db,B opponent adjusted,632,969,0.0251215001176,0.305085339076,0.241194647323,0.308805335847,"{""intercept"": 0.035849941878894655, ""adjusted_protection_z"": -0.04626832352856957}"
team_pass_epa_db,C QB only,632,969,0.0111804950807,0.309028056006,0.244065955433,0.308805335847,"{""intercept"": 0.038944722666333934, ""qb_vulnerability_z"": -0.06603196177315793}"
team_pass_epa_db,D adjusted + QB,632,969,0.039179169432,0.30472445427,0.240869448812,0.308805335847,"{""intercept"": 0.03716469232127211, ""adjusted_protection_z"": -0.04899772369119029, ""qb_vulnerability_z"": -0.07427224217158901}"
team_pass_epa_db,E raw + QB,632,969,0.0407070495021,0.304501401977,0.240746202462,0.308805335847,"{""intercept"": 0.037274210121129345, ""raw_protection_z"": -0.05057229052953097, ""qb_vulnerability_z"": -0.07528504403619396}"
team_pass_epa_db,F adjusted + QB + rush,632,969,0.0485004903634,0.303596279541,0.239663929548,0.308805335847,"{""intercept"": 0.03686901535807731, ""adjusted_protection_z"": -0.04983616307801925, ""qb_vulnerability_z"": -0.07027996816090422, ""pass_rush_z"": -0.027817555651976716}"
team_pass_success_rate,A raw protection,632,969,0.0262431185168,0.0970184398859,0.0763500507855,0.0976160507887,"{""intercept"": 0.4583790510338032, ""raw_protection_z"": -0.01575331537148695}"
team_pass_success_rate,B opponent adjusted,632,969,0.0243386258851,0.097101635126,0.076406543189,0.0976160507887,"{""intercept"": 0.45835728386812613, ""adjusted_protection_z"": -0.015103432135372775}"
team_pass_success_rate,C QB only,632,969,0.0216082095971,0.0976180333349,0.0773205863693,0.0976160507887,"{""intercept"": 0.4595377870570228, ""qb_vulnerability_z"": -0.03044386003289419}"
team_pass_success_rate,D adjusted + QB,632,969,0.0498606975928,0.0968778275735,0.0765223707879,0.0976160507887,"{""intercept"": 0.4589447884641112, ""adjusted_protection_z"": -0.01632308195494093, ""qb_vulnerability_z"": -0.03318902372913077}"
team_pass_success_rate,E raw + QB,632,969,0.0523291677577,0.0967933748808,0.0764439341887,0.0976160507887,"{""intercept"": 0.45897268436428024, ""raw_protection_z"": -0.017107646176273965, ""qb_vulnerability_z"": -0.03357400216682704}"
team_pass_success_rate,F adjusted + QB + rush,632,969,0.0655697445712,0.0963317367621,0.0760775953328,0.0976160507887,"{""intercept"": 0.4588174908336105, ""adjusted_protection_z"": -0.016684054775106275, ""qb_vulnerability_z"": -0.031470232327928865, ""pass_rush_z"": -0.011976276009390791}"
team_explosive_pass_rate,A raw protection,632,969,0.00599897871447,0.0557378543287,0.0431634798756,0.0558812685327,"{""intercept"": 0.09107127628883581, ""raw_protection_z"": -0.004273654685051335}"
team_explosive_pass_rate,B opponent adjusted,632,969,0.00915916959824,0.0557613853865,0.0431783753157,0.0558812685327,"{""intercept"": 0.09101949987068046, ""adjusted_protection_z"": -0.0052571720734990455}"
team_explosive_pass_rate,C QB only,632,969,0.0010094465874,0.0558728228658,0.0433830826871,0.0558812685327,"{""intercept"": 0.09129894052785055, ""qb_vulnerability_z"": -0.0037336062737428214}"
team_explosive_pass_rate,D adjusted + QB,632,969,0.0107129075211,0.0557320249107,0.0431789582945,0.0558812685327,"{""intercept"": 0.09110175040159844, ""adjusted_protection_z"": -0.0054279228146490895, ""qb_vulnerability_z"": -0.004646456965657554}"
team_explosive_pass_rate,E raw + QB,632,969,0.00748650312727,0.0557105836944,0.0431690848648,0.0558812685327,"{""intercept"": 0.09115171084951218, ""raw_protection_z"": -0.004457160222393703, ""qb_vulnerability_z"": -0.004549121445499927}"
team_explosive_pass_rate,F adjusted + QB + rush,632,969,0.0107277200924,0.0557332229398,0.0431815190635,0.0558812685327,"{""intercept"": 0.09110396837916476, ""adjusted_protection_z"": -0.005421633384013235, ""qb_vulnerability_z"": -0.004676404426217935, ""pass_rush_z"": 0.00020866933195042752}"
team_points,A raw protection,632,969,0.0235772635245,9.81156348908,7.76510646463,9.91178554739,"{""intercept"": 22.11740045980321, ""raw_protection_z"": -1.593796309174815}"
team_points,B opponent adjusted,632,969,0.0253349184776,9.82001230154,7.77124107531,9.91178554739,"{""intercept"": 22.110581160466687, ""adjusted_protection_z"": -1.6447854214028232}"
team_points,C QB only,632,969,0.00892895007165,9.90825565305,7.89924291269,9.91178554739,"{""intercept"": 22.21564570677986, ""qb_vulnerability_z"": -2.0888747169427337}"
team_points,D adjusted + QB,632,969,0.0368564450572,9.79717085479,7.76792788343,9.91178554739,"{""intercept"": 22.152714917892357, ""adjusted_protection_z"": -1.7322544046126978, ""qb_vulnerability_z"": -2.3801997202304372}"
team_points,E raw + QB,632,969,0.0352594652645,9.78908318769,7.76491110813,9.91178554739,"{""intercept"": 22.159803631710368, ""raw_protection_z"": -1.6905360287730848, ""qb_vulnerability_z"": -2.398187757326564}"
team_points,F adjusted + QB + rush,632,969,0.0415440645767,9.78292222104,7.75277905999,9.91178554739,"{""intercept"": 22.145292533378854, ""adjusted_protection_z"": -1.753301764721825, ""qb_vulnerability_z"": -2.2799815886907746, ""pass_rush_z"": -0.6983046364003892}"
team_total_margin,A raw protection,632,969,0.0004930806946,8.91727748129,7.11232418673,8.92493545119,"{""intercept"": 0.3664987613931165, ""raw_protection_z"": -0.21102199165837662}"
team_total_margin,B opponent adjusted,632,969,0.000385846837426,8.91920267614,7.11465168534,8.92493545119,"{""intercept"": 0.366858827445569, ""adjusted_protection_z"": -0.1858401575596862}"
team_total_margin,C QB only,632,969,8.06724812989e-05,8.92350522164,7.12302923747,8.92493545119,"{""intercept"": 0.3707267385938514, ""qb_vulnerability_z"": 0.18178477366257442}"
team_total_margin,D adjusted + QB,632,969,0.000441508139105,8.91828302631,7.11328479029,8.92493545119,"{""intercept"": 0.3641775950569695, ""adjusted_protection_z"": -0.18027396348848773, ""qb_vulnerability_z"": 0.15146687528337321}"
team_total_margin,E raw + QB,632,969,0.000543495693503,8.91645134552,7.11103582969,8.92493545119,"{""intercept"": 0.3639484190889929, ""raw_protection_z"": -0.20520357317023644, ""qb_vulnerability_z"": 0.14423920229668308}"
team_total_margin,F adjusted + QB + rush,632,969,0.000530661325898,8.91819902541,7.11395128691,8.92493545119,"{""intercept"": 0.3651147649063824, ""adjusted_protection_z"": -0.1776164682768018, ""qb_vulnerability_z"": 0.13881306961322246, ""pass_rush_z"": 0.08816978556498252}"
