game_id,week,team,opponent,expected_qb_name,expected_qb_id,raw_protection_prior8,raw_protection_percentile,adjusted_protection_raw,adjusted_protection_percentile,qb_vulnerability_z,qb_vulnerability_percentile,pass_rush_percentile,espn_pbwr_rank,espn_opponent_prwr_rank,espn_rank_edge,raw_adjusted_disagree,team_sacks,team_sack_rate,team_pass_epa_db,team_pass_success_rate,team_points,implied_team_total
2026_02_GB_NYJ,2,gb,nyj,Jordan Love,00-0036264,0.196226415094,0.859375,0.0426623856415,0.703125,-0.456997648073,0.1,0.046875,32,3,29,True,3,0.0789473684211,0.0553609392794,0.297297297297,20,24
2026_02_IND_KC,2,kc,ind,Patrick Mahomes,00-0033873,0.208722741433,0.953125,0.0569409667893,0.953125,-0.507501289334,0.0714285714286,0.109375,24,5,19,False,2,0.0384615384615,0.251359080899,0.538461538462,33,26.25
2026_02_MIN_CHI,2,chi,min,Caleb Williams,00-0039918,0.106918238994,0.140625,-0.0372442933801,0.140625,0.168732005364,0.7,0.984375,18,1,17,False,4,0.0909090909091,-0.0246208004145,0.348837209302,3,25.5
2026_02_SEA_ARI,2,ari,sea,Jacoby Brissett,00-0033119,0.18306010929,0.734375,0.042732479669,0.734375,-0.438918217647,0.128571428571,0.578125,31,17,14,False,2,0.0588235294118,-0.223906260487,0.323529411765,7,18.5
2026_02_LV_LAC,2,lac,lv,Justin Herbert,00-0036355,0.189710610932,0.828125,0.0451676287512,0.796875,-0.254403767004,0.185714285714,0.921875,27,14,13,True,3,0.0882352941176,-0.069225541439,0.352941176471,14,25
2026_02_PHI_TEN,2,ten,phi,Cam Ward,00-0040676,0.148264984227,0.578125,0.00639649286245,0.546875,0.392544948648,0.785714285714,0.546875,30,18,12,False,2,0.08,0.0373122635682,0.36,20,16.25
2026_02_SEA_ARI,2,sea,ari,Sam Darnold,00-0034869,0.135849056604,0.421875,-0.00699264060572,0.421875,0.166579734974,0.671428571429,0.015625,17,6,11,False,1,0.0344827586207,0.598309247784,0.535714285714,31,22
2026_02_MIA_SF,2,mia,sf,Malik Willis,00-0038128,0.185654008439,0.765625,0.0458492258616,0.796875,1.14869011236,0.985714285714,0.140625,19,11,8,False,4,0.129032258065,0.141387071116,0.322580645161,13,16
2026_02_NO_BAL,2,bal,no,Lamar Jackson,00-0034796,0.143459915612,0.484375,0.0101698342318,0.609375,0.401081542428,0.842857142857,0.609375,28,22,6,False,3,0.0769230769231,0.0760253622696,0.564102564103,17,27
2026_02_NO_BAL,2,no,bal,Tyler Shough,00-0040743,0.138586956522,0.453125,-0.00344936693106,0.453125,0.478650250643,0.928571428571,0.484375,24,19,5,False,3,0.0714285714286,0.230352094832,0.414634146341,24,18.5
2026_02_IND_KC,2,ind,kc,Daniel Jones,00-0035710,0.145833333333,0.515625,0.00146256437678,0.515625,-0.0955514636308,0.385714285714,0.890625,14,10,4,False,0,0,0.223825312515,0.485714285714,30,20.25
2026_02_CAR_ATL,2,car,atl,Bryce Young,00-0039150,0.126279863481,0.359375,-0.014205942638,0.390625,0.0783029470311,0.585714285714,0.265625,24,20,4,False,2,0.05,0.272378306732,0.45,34,23
2026_02_MIN_CHI,2,min,chi,Kyler Murray,00-0035228,0.218623481781,0.921875,0.0720979345134,0.953125,0.400708669234,0.814285714286,0.296875,9,7,2,False,3,0.12,0.0125961018822,0.28,9,21
2026_02_LV_LAC,2,lv,lac,Kirk Cousins,00-0029604,0.21875,0.953125,0.0669132185656,0.953125,-0.545881833615,0.0142857142857,0.453125,3,2,1,False,2,0.0606060606061,0.229987318497,0.454545454545,26,18.5
2026_02_JAX_DEN,2,jax,den,Trevor Lawrence,00-0036971,0.128378378378,0.328125,-0.0194193092212,0.296875,-0.0246673343786,0.5,0.953125,7,7,0,False,2,0.0555555555556,-0.123107281987,0.361111111111,13,21.5
2026_02_CIN_HOU,2,hou,cin,C.J. Stroud,00-0039163,0.12292358804,0.265625,-0.0194074391466,0.328125,-0.0533800944081,0.414285714286,0.578125,12,13,-1,False,4,0.0625,-0.108366445067,0.421875,6,24.25
2026_02_NYG_LA,2,lar,nyg,Matthew Stafford,00-0026498,0.11356466877,0.140625,-0.0261977119858,0.234375,-0.364651532014,0.157142857143,0.734375,22,23,-1,False,1,0.030303030303,0.504444379038,0.545454545455,28,27
2026_02_CLE_TB,2,cle,tb,Deshaun Watson,00-0033537,0.256317689531,0.984375,0.115935416505,0.984375,0.382562621115,0.728571428571,0.234375,3,4,-1,False,2,0.0555555555556,0.341548667959,0.5,23,16.5
2026_02_CIN_HOU,2,cin,hou,Joe Burrow,00-0036442,0.146268656716,0.546875,0.000810115366092,0.484375,-0.196437204911,0.271428571429,0.390625,29,32,-3,False,5,0.138888888889,-0.0152145997679,0.361111111111,20,21.25
2026_02_PIT_NE,2,pit,ne,Aaron Rodgers,00-0023459,0.0846394984326,0.015625,-0.0680623742911,0.015625,-0.0392252142004,0.442857142857,0.859375,13,16,-3,False,4,0.0816326530612,-0.421753689943,0.367346938776,3,18.5
2026_02_GB_NYJ,2,nyj,gb,Geno Smith,00-0030565,0.159863945578,0.640625,0.0168237444453,0.640625,0.00137931749523,0.557142857143,0.734375,21,24,-3,False,4,0.0816326530612,0.129603477801,0.448979591837,17,20.5
2026_02_PHI_TEN,2,phi,ten,Jalen Hurts,00-0036389,0.0996677740864,0.078125,-0.0434966013339,0.078125,0.435077186322,0.9,0.359375,8,12,-4,False,3,0.0697674418605,0.170578026848,0.441860465116,24,23.25
2026_02_JAX_DEN,2,den,jax,Bo Nix,00-0039732,0.122388059701,0.234375,-0.023996455747,0.234375,-0.176194141034,0.3,0.546875,23,28,-5,False,0,0,0.310991042975,0.515151515152,20,24
2026_02_CLE_TB,2,tb,cle,Baker Mayfield,00-0034855,0.1,0.109375,-0.0405293015369,0.109375,0.406669693205,0.871428571429,0.953125,20,26,-6,False,3,0.0697674418605,-0.309086146284,0.372093023256,19,25
2026_02_DET_BUF,2,buf,det,Josh Allen,00-0034857,0.132616487455,0.390625,-0.0128235832515,0.390625,-0.110647750988,0.357142857143,0.390625,1,7,-6,False,2,0.047619047619,0.514222793366,0.595238095238,41,30
2026_02_DET_BUF,2,det,buf,Jared Goff,00-0033106,0.184210526316,0.734375,0.0407079749,0.703125,-0.515941357236,0.0428571428571,0.671875,11,21,-10,False,4,0.0869565217391,0.500570849829,0.54347826087,31,24.5
2026_02_CAR_ATL,2,atl,car,Michael Penix Jr.,00-0039917,0.171102661597,0.671875,0.0333826641546,0.671875,-0.0175126421063,0.528571428571,0.015625,2,15,-13,False,3,0.0731707317073,-0.690606457515,0.341463414634,3,20.5
2026_02_WAS_DAL,2,wsh,dal,Jayden Daniels,00-0039910,0.124113475177,0.28125,-0.0293207244451,0.140625,0.519184755387,0.957142857143,0.703125,15,28,-13,False,0,0,0.0932818912924,0.521739130435,20,24
2026_02_WAS_DAL,2,dal,wsh,Dak Prescott,00-0033077,0.153623188406,0.546875,0.0064810476411,0.546875,-0.24140556388,0.214285714286,0.359375,10,25,-15,False,2,0.0540540540541,0.461964501138,0.621621621622,37,27.5
2026_02_PIT_NE,2,ne,pit,Drake Maye,00-0039851,0.122977346278,0.296875,-0.0164794815081,0.359375,0.392263245315,0.757142857143,0.171875,16,31,-15,False,3,0.103448275862,-0.0639537358359,0.448275862069,20,23
2026_02_MIA_SF,2,sf,mia,Brock Purdy,00-0037834,0.0989399293286,0.078125,-0.0500323489557,0.046875,-0.031641711735,0.471428571429,0.171875,6,28,-22,False,0,0,0.91310710591,0.777777777778,35,28.5
2026_02_NYG_LA,2,nyg,lar,Jaxson Dart,00-0040691,0.189003436426,0.796875,0.0429544133467,0.765625,0.151279241288,0.614285714286,0.890625,3,27,-24,False,2,0.0571428571429,-0.452260700592,0.285714285714,6,20.5
