,,,,,,,,,,,,,,,,
,,,,,,,,,,,,,,,,
RK,PLAYER,POS,TEAM,ADP,BYE,PROJ_PTS,PROJ_AVG,RUSH_ATT,RUSH_YDS,RUSH_TD,REC_TAR,REC_YDS,REC_TD,PASS_ATT,PASS_YDS,PASS_TD
1,Jahmyr Gibbs,RB,DET,1.8,6,331.4,19.5,256,1293,12,0,523,3,0,0,0
2,Bijan Robinson,RB,ATL,2.5,11,324.9,19.1,280,1372,9,0,507,3,0,0,0
3,Ja'Marr Chase,WR,CIN,3,6,311.1,18.3,3,16,0,0,1336,11,0,0,0
4,Puka Nacua,WR,LAR,4.7,11,312.5,18.4,10,56,0,0,1400,10,0,0,0
5,Christian McCaffrey,RB,SF,5,8,293,17.2,243,1061,7,0,606,4,0,0,0
6,Jaxon Smith-Njigba,WR,SEA,6.4,11,285.8,16.8,6,33,0,0,1343,8,0,0,0
7,Amon-Ra St. Brown,WR,DET,7.1,6,282.5,16.6,0,0,0,0,1249,8,0,0,0
8,Jonathan Taylor,RB,IND,7.1,13,273.3,16.1,287,1386,11,0,278,1,0,0,0
9,CeeDee Lamb,WR,DAL,8,14,270.6,15.9,3,16,0,0,1249,8,0,0,0
10,James Cook,RB,BUF,10.3,7,253.8,14.9,262,1270,11,0,201,2,0,0,0
11,Justin Jefferson,WR,MIN,11.8,6,250.1,14.7,1,6,0,0,1176,7,0,0,0
12,De'Von Achane,RB,MIA,12.1,6,247.4,14.5,219,1106,6,0,438,2,0,0,0
13,Saquon Barkley,RB,PHI,13,10,233.7,13.7,271,1270,8,0,277,2,0,0,0
14,Ashton Jeanty,RB,LV,14.7,13,220.9,13,244,1048,7,0,341,2,0,0,0
15,Omarion Hampton,RB,LAC,15.8,7,247.9,14.6,232,1026,8,0,361,2,0,0,0
16,Chase Brown,RB,CIN,16.7,6,242,14.2,220,985,8,0,417,3,0,0,0
17,Drake London,WR,ATL,17.4,11,235.2,13.8,1,6,0,0,1158,7,0,0,0
18,A.J. Brown,WR,PHI,18.6,10,232.7,13.7,1,6,0,0,1176,8,0,0,0
19,Kenneth Walker,RB,SEA,19.7,9,234,13.8,269,1146,9,0,272,2,0,0,0
20,Derrick Henry,RB,BAL,20.6,13,232.9,13.7,281,1336,12,0,133,1,0,0,0
21,Trey McBride,TE,ARI,21.6,14,224.9,13.2,0,0,0,0,929,7,0,0,0
22,Josh Allen,QB,BUF,22.8,7,331.6,19.5,110,529,11,0,0,0,574,3898,28
23,George Pickens,WR,PIT,23.6,14,232.7,13.7,1,6,0,0,1211,7,0,0,0
24,Brock Bowers,TE,LV,23.6,13,225.6,13.3,4,18,0,0,1077,7,0,0,0
25,Nico Collins,WR,HOU,26.2,8,242,14.2,3,16,0,0,1292,8,0,0,0
26,Jeremiyah Love,RB,OKLA,26.8,14,211.6,12.4,206,897,5,0,311,2,0,0,0
27,Rashee Rice,WR,KC,27.2,6,232.5,13.7,6,29,0,0,1041,7,0,0,0
28,Malik Nabers,WR,NYG,28.6,8,222.7,13.1,3,17,0,0,1150,6,0,0,0
29,Kyren Williams,RB,LAR,29.7,11,208,12.2,226,961,8,0,219,2,0,0,0
30,Chris Olave,WR,NO,29.9,8,223.3,13.1,1,6,0,0,1098,7,0,0,0
31,Josh Jacobs,RB,GB,31,11,202.6,11.9,217,918,8,0,258,1,0,0,0
32,Lamar Jackson,QB,BAL,31.2,13,318,18.7,139,681,6,0,0,0,474,3589,22
33,Breece Hall,RB,NYJ,33.1,13,211,12.4,200,881,6,0,314,2,0,0,0
34,Tee Higgins,WR,CIN,34.3,6,234.4,13.8,1,6,0,0,1048,7,0,0,0
35,Javonte Williams,RB,BAL,36,14,207.3,12.2,239,1004,7,0,239,1,0,0,0
36,DeVonta Smith,WR,PHI,36.4,10,229.2,13.5,1,6,0,0,1098,7,0,0,0
37,Tetairoa McMillan,WR,CAR,37.2,6,223,13.1,1,6,0,0,1011,6,0,0,0
38,Ladd McConkey,WR,LAC,38.2,7,229.2,13.5,2,12,0,0,1040,7,0,0,0
39,Colston Loveland,TE,CHI,38.7,10,215.4,12.7,1,4,0,0,950,6,0,0,0
40,Emeka Egbuka,WR,TB,39.4,10,224,13.2,3,21,0,0,1029,7,0,0,0
41,Bucky Irving,RB,TB,41.3,10,197.3,11.6,201,902,6,0,271,2,0,0,0
42,Zay Flowers,WR,BAL,42.8,13,229.2,13.5,5,28,0,0,1103,6,0,0,0
43,Cam Skattebo,RB,NYG,43.8,8,201.2,11.8,204,881,6,0,301,1,0,0,0
44,Travis Etienne,RB,JAX,44.1,8,207.7,12.2,208,910,6,0,297,2,0,0,0
45,Garrett Wilson,WR,NYJ,45.7,13,224.9,13.2,3,16,0,0,1043,6,0,0,0
46,Jaylen Waddle,WR,MIA,46.7,10,224,13.2,3,16,0,0,1022,7,0,0,0
47,Drake Maye,QB,NE,47.2,11,292.1,17.2,86,416,4,0,0,0,505,3669,23
48,Tyler Warren,TE,IND,47.7,13,201.1,11.8,5,23,0,0,862,6,0,0,0
49,David Montgomery,RB,HOU,48.2,8,201.8,11.9,216,898,8,0,219,1,0,0,0
50,Davante Adams,WR,LAR,50.6,11,197.8,11.6,0,0,0,0,998,8,0,0,0
51,Joe Burrow,QB,CIN,51.7,6,290.1,17.1,46,138,3,0,0,0,569,4213,28
52,Luther Burden,WR,CHI,52.8,10,203,11.9,10,61,0,0,1001,7,0,0,0
53,TreVeyon Henderson,RB,SF,53.8,11,171,10.1,170,760,5,0,260,1,0,0,0
54,Quinshon Judkins,RB,CLE,54.3,11,188,11.1,244,1017,6,0,206,1,0,0,0
55,Terry McLaurin,WR,WAS,55.3,7,213.8,12.6,1,7,0,0,1031,6,0,0,0
56,D'Andre Swift,RB,CHI,55.8,10,203,11.9,217,878,7,0,272,1,0,0,0
57,DJ Moore,WR,CHI,57.3,7,179,10.5,5,28,0,0,861,5,0,0,0
58,Jameson Williams,WR,DET,58.1,6,201.2,11.8,8,46,0,0,898,7,0,0,0
59,Sam LaPorta,TE,DET,58.1,6,184.6,10.9,1,3,0,0,827,6,0,0,0
60,Jalen Milroe,QB,PHI,60.3,10,310.5,18.3,120,614,9,0,0,0,457,3308,21
61,Mike Evans,WR,TB,61.5,8,217.2,12.8,0,0,0,0,1020,8,0,0,0
62,Bhayshul Tuten,RB,JAX,63.2,7,174.6,10.3,182,781,6,0,251,1,0,0,0
63,Tucker Kraft,TE,GB,63.8,11,174.6,10.3,0,0,0,0,774,6,0,0,0
64,Jayden Daniels,QB,WAS,63.8,7,299.7,17.6,126,636,6,0,0,0,478,3308,21
65,Rome Odunze,WR,CHI,65.3,10,207.3,12.2,1,6,0,0,973,7,0,0,0
66,Carnell Tate,WR,MIA,66.3,9,177.3,10.4,2,10,0,0,833,5,0,0,0
67,Jadarian Price,RB,WAS,67.7,11,170,10,207,912,7,0,138,1,0,0,0
68,Harold Fannin,TE,CLE,68.3,11,183.1,10.8,6,24,0,0,739,5,0,0,0
69,Kyle Pitts,TE,ATL,69,11,175.6,10.3,0,0,0,0,766,5,0,0,0
70,Christian Watson,WR,GB,70.1,11,207.8,12.2,2,14,0,0,1012,7,0,0,0
71,Caleb Williams,QB,CHI,71.3,10,283.3,16.7,76,373,3,0,0,0,554,3861,24
72,Jaylen Warren,RB,PIT,72,9,170.6,10,172,759,4,0,267,1,0,0,0
73,Brian Thomas,WR,JAX,73.3,7,184.4,10.8,3,17,0,0,897,7,0,0,0
74,DK Metcalf,WR,SEA,73.7,9,183.3,10.8,2,10,0,0,823,6,0,0,0
75,Marvin Harrison,WR,ARI,75.3,14,187.8,11,0,0,0,0,887,6,0,0,0
76,Parker Washington,WR,JAX,76.8,7,202.4,11.9,10,48,0,0,906,7,0,0,0
77,Chuba Hubbard,RB,CAR,77.2,6,147.9,8.7,181,786,5,0,143,1,0,0,0
78,Dak Prescott,QB,DAL,78.1,14,290.9,17.1,44,162,1,0,0,0,580,4297,27
79,Courtland Sutton,WR,DEN,78.2,10,174.3,10.3,0,0,0,0,793,6,0,0,0
80,RJ Harvey,RB,DEN,78.3,10,144.1,8.5,124,534,3,0,276,2,0,0,0
81,Rhamondre Stevenson,RB,NE,81.8,11,160,9.4,182,768,5,0,214,1,0,0,0
82,Justin Herbert,QB,LAC,82.3,7,285.4,16.8,70,338,3,0,0,0,533,3847,24
83,Michael Wilson,WR,ARI,82.8,14,160,9.4,1,6,0,0,701,5,0,0,0
84,Tony Pollard,RB,TEN,83.8,9,168.1,9.9,189,781,5,0,197,1,0,0,0
85,Rico Dowdle,RB,PIT,84.2,9,151.1,8.9,168,678,4,0,223,1,0,0,0
86,Jordyn Tyson,WR,ARI,86.1,8,115,6.8,1,6,0,0,514,3,0,0,0
87,Los Angeles Rams,DEF,LAR,87.2,11,170,10,0,0,0,0,0,0,0,0,0
88,Mekhi Mews,WR,FA,87.8,10,160.8,9.5,2,10,0,0,774,5,0,0,0
89,Dylan Sampson,RB,CLE,88.1,7,155.6,9.2,0,0,0,0,238,4,0,0,0
90,Jaxson Dart,QB,NYG,89.6,8,284.4,16.7,108,489,6,0,0,0,494,3368,22
91,George Kittle,TE,SF,91.2,8,160.3,9.4,0,0,0,0,713,6,0,0,0
92,Travis Kelce,TE,KC,92.2,6,171.4,10.1,0,0,0,0,714,5,0,0,0
93,Brandon Inniss,WR,DAL,93.8,14,113.4,6.7,0,0,0,0,0,0,0,0,0
94,J.K. Dobbins,RB,DEN,94.8,10,150.7,8.9,171,732,5,0,180,1,0,0,0
95,Matthew Stafford,QB,LAR,95.1,11,283.2,16.7,37,78,0,0,0,0,538,4033,23
96,Chris Godwin,WR,TB,96.3,10,173.6,10.2,1,6,0,0,793,5,0,0,0
97,Houston Texans,DEF,HOU,97.8,8,170,10,0,0,0,0,0,0,0,0,0
98,Jake Ferguson,TE,DAL,98.7,14,165.8,9.8,0,0,0,0,618,5,0,0,0
99,Kyle Monangai,RB,CHI,99.1,10,144.6,8.5,168,741,6,0,104,1,0,0,0
100,Trevor Lawrence,QB,JAX,100.9,7,281.4,16.5,79,339,5,0,0,0,527,3784,24
101,Alec Pierce,WR,IND,101,13,177.3,10.4,1,7,0,0,872,6,0,0,0
102,Michael Pittman,WR,IND,102.6,13,170.3,10,1,7,0,0,772,4,0,0,0
103,Jordan Addison,WR,MIN,103.1,6,171.7,10.1,4,22,0,0,756,5,0,0,0
104,Blake Corum,RB,LAR,103.8,11,130.3,7.7,177,717,6,0,108,0,0,0,0
105,Seattle Seahawks,DEF,WAS,104.7,11,170,10,0,0,0,0,0,0,0,0,0
106,Patrick Mahomes,QB,KC,106.3,6,276.7,16.3,62,262,1,0,0,0,564,3967,26
107,Josh Downs,WR,IND,107.1,13,172.3,10.1,2,13,0,0,770,4,0,0,0
108,Jonathan Brooks,RB,CAR,108.1,6,161.9,9.5,160,694,4,0,204,1,0,0,0
109,Isaiah Likely,TE,BAL,109.9,13,147.3,8.7,0,0,0,0,611,5,0,0,0
110,Jakobi Meyers,WR,LV,110.1,7,160.3,9.4,4,21,0,0,732,5,0,0,0
111,Stefon Diggs,WR,HOU,111.3,7,147.3,8.7,1,6,0,0,697,4,0,0,0
112,Kenny Gainwell,RB,PIT,112.6,10,147.3,8.7,99,418,3,0,284,2,0,0,0
113,Quentin Johnston,WR,LAC,113.9,7,155,9.1,2,11,0,0,706,5,0,0,0
114,Jayden Reed,WR,GB,114.4,11,187.6,11,14,101,0,0,811,6,0,0,0
115,Jacory Croskey-Merritt,RB,WAS,114.7,7,120.8,7.1,141,614,5,0,134,1,0,0,0
116,T.J. Hockenson,WR,MIN,116.2,6,170.7,10,3,16,0,0,781,4,0,0,0
117,Jordan Mason,RB,MIN,117.8,6,145.7,8.6,180,787,6,0,140,1,0,0,0
118,Cameron Dicker,K,LAC,118.3,7,133.4,9.8,0,0,0,0,0,0,0,0,0
119,Denver Broncos,DEF,DEN,118.4,10,170,10,0,0,0,0,0,0,0,0,0
120,Bo Nix,QB,DEN,118.9,10,283.7,16.7,76,330,4,0,0,0,551,3758,22
121,Brock Purdy,QB,SF,121.2,8,280.2,16.5,64,242,3,0,0,0,498,3900,23
122,KC Concepcion,WR,CLE,122.9,11,148.4,8.7,2,14,0,0,710,4,0,0,0
123,Dallas Goedert,TE,PHI,123.1,10,130,7.6,0,0,0,0,580,4,0,0,0
124,Aaron Jones,RB,MIN,123.9,6,133.3,7.8,131,563,3,0,206,1,0,0,0
125,Philadelphia Eagles,DEF,PHI,124.2,10,170,10,0,0,0,0,0,0,0,0,0
126,Jason Myers,K,SEA,126.7,11,136.4,8,0,0,0,0,0,0,0,0,0
127,Dominic Lovett,WR,LAC,127.8,7,134.8,7.9,0,0,0,0,618,4,0,0,0
128,Matthew Golden,WR,GB,127.9,11,170.1,10,8,41,0,0,770,5,0,0,0
129,Mark Andrews,TE,BAL,129.2,13,167.4,9.8,2,12,0,0,683,6,0,0,0
130,Ka'imi Fairbairn,K,HOU,130.3,8,139.4,8.2,0,0,0,0,0,0,0,0,0
131,Rachaad White,RB,TB,131.7,7,128.1,7.1,114,468,3,0,263,1,0,0,0
132,Raheem Mostert,RB,MIA,132.8,11,161.2,9,0,0,0,0,787,5,0,0,0
133,Jared Goff,QB,DET,133.8,6,275.4,16.2,29,40,1,0,0,0,553,4104,26
134,Cam Little,K,JAX,134.3,7,138.4,8.1,0,0,0,0,0,0,0,0,0
135,Baltimore Ravens,DEF,BAL,135.4,13,170,10,0,0,0,0,0,0,0,0,0
136,New England Patriots,DEF,NE,136.8,11,170,10,0,0,0,0,0,0,0,0,0
137,Demario Douglas,WR,NE,137.2,8,148.7,8.7,3,18,1,0,628,4,0,0,0
138,Hunter Henry,TE,NE,138.3,11,143.4,8.4,0,0,0,0,654,4,0,0,0
139,Xavier Worthy,WR,KC,139.2,6,161.4,9.5,17,80,1,0,694,4,0,0,0
140,Khalil Shakir,WR,BUF,140.8,7,170.7,10,2,10,0,0,787,4,0,0,0
141,Baker Mayfield,QB,TB,141.3,10,287.9,16.9,63,308,2,0,0,0,576,3907,26
142,Chris Rodriguez,RB,WAS,142.2,7,132.4,7.8,171,728,6,0,107,0,0,0,0
143,Jake Bates,K,DET,143.9,6,142.2,8.4,0,0,0,0,0,0,0,0,0
144,Jalen Coker,WR,CAR,144,6,164.9,9.7,1,6,0,0,763,5,0,0,0
145,Tyler Allgeier,RB,ATL,145.6,14,65.4,3.8,96,430,3,0,40,0,0,0,0
146,Zach Charbonnet,RB,SEA,146,11,97.2,5.7,84,361,3,0,78,1,0,0,0
147,Rashid Shaheed,WR,WAS,147.6,11,130.1,7.7,8,46,0,0,634,4,0,0,0
148,Jordan Love,QB,GB,148.8,11,280.4,16.5,41,202,2,0,0,0,521,3808,27
149,Harrison Mevis,K,CAR,149.7,11,133.4,9.8,0,0,0,0,0,0,0,0,0
150,Minnesota Vikings,DEF,MIN,150.1,6,170,10,0,0,0,0,0,0,0,0,0
151,Keon Coleman,TE,KC,151,13,163.2,9.6,2,7,0,0,634,3,0,0,0
152,Braelon Allen,RB,NYJ,151.8,7,145,8.5,0,0,0,0,680,4,0,0,0
153,Detroit Lions,DEF,DET,152.3,6,170,10,0,0,0,0,0,0,0,0,0
154,Brian Robinson,RB,WAS,154.1,11,65.9,3.9,87,368,2,0,51,0,0,0,0
155,Savion Williams,K,FA,155.1,11,155,9.1,0,0,0,0,0,0,0,0,0
156,De'Zhaun Stribling,WR,MIA,156.2,8,120.4,7.1,0,0,0,0,561,4,0,0,0
157,Ja'Kobi Lane,WR,ARI,157.2,13,132.8,7.8,1,6,0,0,611,4,0,0,0
158,Chris Boswell,K,PIT,158.6,9,133.4,9.8,0,0,0,0,0,0,0,0,0
159,Woody Marks,RB,HOU,159.1,8,80.8,4.8,80,341,2,0,137,1,0,0,0
160,Kyler Murray,QB,ARI,160.6,6,283.7,16.7,84,433,3,0,0,0,478,3368,21
161,Pittsburgh Steelers,DEF,PIT,161.4,9,170,10,0,0,0,0,0,0,0,0,0
162,Alvin Kamara,RB,NO,162.4,8,61,3.6,44,184,1,0,134,1,0,0,0
163,Tyrone Tracy,RB,NYG,163.7,8,113.3,6.7,124,528,3,0,164,1,0,0,0
164,T.J. Hockenson,TE,MIN,164,6,146,8.6,0,0,0,0,640,4,0,0,0
165,Daniel Jackson,WR,CLE,165.4,11,124.7,7.3,2,13,0,0,634,3,0,0,0
166,Tyjae Spears,RB,TEN,166,9,114.6,6.7,82,368,2,0,181,1,0,0,0
167,Keon Coleman,WR,DEN,167.3,10,61.9,3.6,72,304,2,0,75,1,0,0,0
168,Travis Hunter,DB/WR,JAX,167.4,7,92.4,5.4,4,21,0,0,434,3,0,0,0
169,Jacksonville Jaguars,DEF,JAX,168.4,7,170,10,0,0,0,0,0,0,0,0,0
170,Will Reichard,K,MIN,171.9,6,107.1,6,0,0,0,0,0,0,0,0,0
171,Eddy Pineiro,K,SF,172.3,8,93.4,5.5,0,0,0,0,0,0,0,0,0
172,Malik Washington,RB,LV,172.7,13,92.4,5.4,111,458,3,0,117,1,0,0,0
173,Cyrus Allen,WR,CIN,173.6,6,90.4,5.3,0,0,0,0,429,3,0,0,0
174,Tank Dell,WR,HOU,173.9,8,49.3,2.9,2,11,0,0,218,2,0,0,0
175,Harrison Bailey,K,KC,174.2,6,92.4,5.4,0,0,0,0,0,0,0,0,0
176,Sam Darnold,QB,WAS,175.4,11,240.7,13.8,44,147,2,0,0,0,478,3528,0
177,Tank Bigsby,RB,PHI,177.7,10,61.2,3.6,82,363,3,0,18,0,0,0,0
178,Los Angeles Chargers,DEF,LAC,178.6,7,170,10,0,0,0,0,0,0,0,0,0
179,Fernando Mendoza,QB,LV,179.4,13,201.2,11.2,61,251,2,0,0,0,424,2934,0
180,KeAndre Lambert-Smith,WR,LAC,180.4,7,92.9,5.5,86,434,3,0,134,1,0,0,0
181,Evan McPherson,K,CIN,181.9,6,150.4,8.8,0,0,0,0,0,0,0,0,0
182,Jalen Milroe,RB,IND,182.3,13,124.6,7.3,3,18,0,0,187,4,0,0,0
183,A.J. Barner,TE,SEA,183.2,11,133.4,7.9,10,14,1,0,120,4,0,0,0
184,Tyler Shough,QB,NO,183.8,8,244.9,14.4,84,343,3,0,0,0,428,3088,0
185,Isiah Pacheco,RB,DET,184.8,6,51.6,3,67,263,2,0,73,0,0,0,0
186,Chig Okonkwo,TE,TEN,186.7,7,136.1,8,0,0,0,0,581,4,0,0,0
187,Juwan Johnson,TE,NO,187.2,8,133.9,7.8,0,0,0,0,609,4,0,0,0
188,Dylan Sampson,RB,CLE,188.3,11,82.7,4.9,78,321,2,0,170,1,0,0,0
189,Omar Cooper Jr.,WR,IND,188.7,13,121.3,7.1,3,14,0,0,607,4,0,0,0
190,Jerry Jeudy,WR,CLE,189.4,11,112.6,6.6,1,6,0,0,581,3,0,0,0
191,Zachariah Branch,WR,ATL,191.2,11,75.4,4.4,0,0,0,0,384,2,0,0,0
192,Dalton Kincaid,TE,HOU,191.4,8,142.8,8.4,0,0,0,0,629,4,0,0,0
193,Malik Willis,QB,WAS,191.7,8,251.1,14.8,124,712,5,0,0,0,419,2848,0
194,Jayden Higgins,WR,HOU,194.4,8,0,0,0,0,0,0,0,0,0,0,0
195,Jauan Jennings,WR,MIN,195.5,6,100.7,5.9,0,0,0,0,487,3,0,0,0
196,Keenan Allen,WR,CHI,196.9,13,108.8,6.4,0,0,0,0,438,3,0,0,0
197,MarShawn Lloyd,RB,GB,197.1,11,48.8,2.9,68,263,2,0,47,0,0,0,0
198,Dallas Cowboys,DEF,DAL,198.2,14,170,10,0,0,0,0,0,0,0,0,0
199,Tyler Loop,K,BAL,198.6,13,133.4,9.8,0,0,0,0,0,0,0,0,0
200,Malik Washington,WR,MIA,198.9,8,124.3,7.3,23,121,1,0,473,3,0,0,0
201,Green Bay Packers,DEF,GB,201.3,11,170,10,0,0,0,0,0,0,0,0,0
202,Tre Tucker,WR,LV,202.4,13,119.8,7,7,37,0,0,587,3,0,0,0
203,C.J. Stroud,QB,HOU,203.8,8,239.8,14.1,43,201,2,0,0,0,504,3588,0
204,Daniel Jones,QB,NO,204.8,13,212.4,12.5,87,393,2,0,0,0,409,2988,0
205,David Njoku,TE,CLE,205.8,7,56,3.3,0,0,0,0,230,2,0,0,0
206,Braelon Allen,RB,NYJ,206.4,13,49.2,2.9,47,203,2,0,49,0,0,0,0
207,Jalen McMillan,WR,TB,207.2,10,127.4,7.5,6,33,0,0,581,4,0,0,0
208,Terrance Ferguson,TE,CAR,207.6,11,100.3,5.9,0,0,0,0,413,4,0,0,0
209,Kaleb Johnson,RB,KC,208.7,6,61.7,3.6,67,288,2,0,38,1,0,0,0
210,Isaac TeSlaa,WR,DET,210.3,6,82.1,4.8,2,9,0,0,407,3,0,0,0
211,Nicholas Singleton,RB,TEN,211,9,63.7,3.7,64,270,2,0,37,1,0,0,0
212,Devin Neal,RB,NO,211.9,8,31.3,1.8,39,160,1,0,48,0,0,0,0
213,Cam Ward,QB,MIA,212.6,9,214.8,12.6,48,182,2,0,0,0,441,3108,0
214,Taysom Hill,RB,DEN,213.2,-,97.7,5.7,1,4,0,0,427,3,0,0,0
215,Jaylin Noel,WR,HOU,213.7,8,80.7,4.7,6,36,0,0,371,2,0,0,0
216,James Conner,RB,ARI,214.4,14,57.2,3.4,63,270,2,0,107,1,0,0,0
217,Troy Franklin,WR,FA,214.7,11,63,3.7,0,0,0,0,0,0,0,0,0
218,Caleb Douglas,WR,MIA,214.8,6,90.8,5.3,0,0,0,0,438,3,0,0,0
219,Buffalo Bills,DEF,BUF,217.2,7,170,10,0,0,0,0,0,0,0,0,0
220,Kaleb Johnson,RB,PIT,217.6,9,32,1.9,43,174,1,0,36,0,0,0,0
221,Jake Elliott,K,PHI,218.8,10,82.6,4.9,0,0,0,0,0,0,0,0,0
222,Indianapolis Colts,DEF,IND,219,13,170,10,0,0,0,0,0,0,0,0,0
223,San Francisco 49ers,DEF,SF,219.6,8,170,10,0,0,0,0,0,0,0,0,0
224,Marvin Mims,WR,DEN,220.6,10,65.9,3.9,6,38,0,0,283,2,0,0,0
225,Najee Harris,RB,NO,220.8,8,26.3,1.5,30,117,1,0,36,0,0,0,0
226,Cooper Kupp,WR,MIA,221.9,11,81.4,4.8,0,0,0,0,361,3,0,0,0
227,Kyle Williams,RB,TB,222.1,11,31.2,1.8,1,4,0,0,148,1,0,0,0
228,Malachi Fields,WR,WAS,222.2,8,106.3,6.3,1,7,0,0,494,3,0,0,0
229,Chicago Bears,DEF,CHI,223.1,10,170,10,0,0,0,0,0,0,0,0,0
230,Chase McLaughlin,K,TB,224,10,102.4,6,0,0,0,0,0,0,0,0,0
231,J.J. McCarthy,QB,MIN,224.3,6,16.6,1,6,21,1,0,0,0,32,213,1
232,Mason Taylor,TE,NYJ,224.3,13,91.4,5.4,0,0,0,0,361,3,0,0,0
233,Kendre Miller,RB,NO,225.6,8,4.8,0.3,6,20,0,0,36,0,0,0,0
234,Kansas City Chiefs,DEF,KC,226.7,6,170,10,0,0,0,0,0,0,0,0,0
235,Rashod Bateman,WR,KC,228.3,6,18.9,1.1,16,67,1,0,32,0,0,0,0
236,Ray Davis,RB,BUF,228.6,7,61.1,3.6,73,313,3,0,61,0,0,0,0
237,Bryce Young,QB,CAR,229.2,6,224.6,13.2,61,214,3,0,0,0,493,3202,20
238,Pat Bryant,WR,DEN,229.3,10,92.4,5.4,2,9,0,0,429,3,0,0,0
239,Joe Mixon,RB,DEN,229.3,-,0,0,0,0,0,0,0,0,0,0,0
240,Michael Penix,QB,ATL,237.9,11,113.4,6.7,20,67,1,0,0,0,271,1667,10
241,Jayden Blue,RB,DAL,238.2,14,52.6,3.1,68,289,2,0,67,0,0,0,0
242,Atlanta Falcons,DEF,ATL,238.4,11,170,10,0,0,0,0,0,0,0,0,0
243,Tory Horton,WR,SEA,238.7,11,87,5.1,1,9,0,0,421,3,0,0,0
244,Aaron Rodgers,QB,PIT,238.8,9,160,9.4,31,63,0,0,0,0,433,2700,18
245,Elijah Sarratt,WR,IND,239.2,13,61.4,3.6,1,4,0,0,270,2,0,0,0
246,Chimere Dike,WR,CIN,239.4,6,85.4,5,6,30,0,0,361,2,0,0,0
247,Greg Dulcich,TE,MIA,239.7,8,110.9,6.5,0,0,0,0,469,3,0,0,0
248,Dont'e Thornton,WR,PIT,239.8,9,84.9,5,2,10,0,0,439,3,0,0,0
249,Ryan Flournoy,WR,DAL,240.7,14,114.2,6.7,2,13,0,0,449,3,0,0,0
250,Keyshawn Boutte,WR,HOU,241.8,8,119.7,7,0,0,0,0,612,4,0,0,0
251,Tai Felton,WR,LAC,241.8,7,112.9,6.6,1,6,0,0,481,4,0,0,0
252,Theo Johnson,TE,NYG,242.2,8,77,4.5,0,0,0,0,340,2,0,0,0
253,Tampa Bay Buccaneers,DEF,TB,242.4,10,170,10,0,0,0,0,0,0,0,0,0
254,Rashod Bateman,WR,BAL,242.7,13,113.3,6.7,0,0,0,0,461,3,0,0,0
255,Cobra Bowen,K,CHI,243.1,10,91.7,5.4,0,0,0,0,0,0,0,0,0
256,Denver Broncos,TE,DEN,243.1,8,130.3,7.7,0,0,0,0,583,3,0,0,0
257,Keon Coleman,WR,BUF,243.6,7,81.8,4.8,3,13,0,0,376,3,0,0,0
258,Adonai Mitchell,RB,IND,243.9,13,94.3,5.5,1,10,0,0,401,3,0,0,0
259,Cade Stover,TE,TB,254,10,117.3,6.9,0,0,0,0,413,3,0,0,0
260,Antonio Williams,WR,WAS,255,7,73.2,4.3,2,13,0,0,339,2,0,0,0
261,Shedeur Sanders,QB,CLE,258.1,11,92.1,5.4,38,101,2,0,0,0,236,1422,7
262,Tua Tagovailoa,QB,MIA,259.5,11,123.8,7.3,20,43,0,0,0,0,306,2141,14
263,Jerand Washington,TE,—,261.7,-,0,0,0,0,0,0,0,0,0,0,0
264,Zakhari Franklin,RB,NO,261.4,8,22.6,1.3,30,119,1,0,17,0,0,0,0
265,Kimani Vidal,RB,LAC,261.8,7,40,2.3,60,241,2,0,37,0,0,0,0
266,Shelton Gibson,WR,—,265,-,0,0,0,0,0,0,0,0,0,0,0
267,Josh Hock,RB,LV,266.3,13,77.9,4.6,1,9,0,0,360,2,0,0,0